timestamp,accel_x,accel_y,accel_z,simulated_ground_truth
2026-03-15 08:00:00.000,0.02484,0.33625,0.2219,NORMAL_HEALTHY
2026-03-15 08:00:00.001,0.14713,0.32633,0.22276,NORMAL_HEALTHY
2026-03-15 08:00:00.002,0.21798,0.35166,0.23816,NORMAL_HEALTHY
2026-03-15 08:00:00.003,0.2285,0.27161,0.25301,NORMAL_HEALTHY
2026-03-15 08:00:00.004,0.26775,0.17316,0.21436,NORMAL_HEALTHY
2026-03-15 08:00:00.005,0.27187,0.16732,0.28198,NORMAL_HEALTHY
2026-03-15 08:00:00.006,0.28769,0.10105,0.30997,NORMAL_HEALTHY
2026-03-15 08:00:00.007,0.34304,0.1117,0.18889,NORMAL_HEALTHY
2026-03-15 08:00:00.008,0.33651,0.06054,0.17226,NORMAL_HEALTHY
2026-03-15 08:00:00.009,0.3807,-0.02143,0.17132,NORMAL_HEALTHY
2026-03-15 08:00:00.010,0.31991,0.0341,0.14678,NORMAL_HEALTHY
2026-03-15 08:00:00.011,0.27658,-0.05402,0.06853,NORMAL_HEALTHY
2026-03-15 08:00:00.012,0.31245,-0.21132,0.02844,NORMAL_HEALTHY
2026-03-15 08:00:00.013,0.27922,-0.12991,0.04541,NORMAL_HEALTHY
2026-03-15 08:00:00.014,0.22744,-0.20145,-0.04617,NORMAL_HEALTHY
2026-03-15 08:00:00.015,0.159,-0.22994,0.01101,NORMAL_HEALTHY
2026-03-15 08:00:00.016,0.17298,-0.30182,-0.04367,NORMAL_HEALTHY
2026-03-15 08:00:00.017,0.09717,-0.26761,-0.06005,NORMAL_HEALTHY
2026-03-15 08:00:00.018,0.12885,-0.20726,-0.13485,NORMAL_HEALTHY
2026-03-15 08:00:00.019,0.02307,-0.23732,-0.09318,NORMAL_HEALTHY
2026-03-15 08:00:00.020,-0.02396,-0.26077,-0.18598,NORMAL_HEALTHY
2026-03-15 08:00:00.021,-0.09834,-0.21686,-0.118,NORMAL_HEALTHY
2026-03-15 08:00:00.022,-0.0809,-0.20419,-0.16934,NORMAL_HEALTHY
2026-03-15 08:00:00.023,-0.14868,-0.22349,-0.14288,NORMAL_HEALTHY
2026-03-15 08:00:00.024,-0.15759,-0.1604,-0.30093,NORMAL_HEALTHY
2026-03-15 08:00:00.025,-0.15389,-0.20666,-0.22948,NORMAL_HEALTHY
2026-03-15 08:00:00.026,-0.22864,-0.27313,-0.23299,NORMAL_HEALTHY
2026-03-15 08:00:00.027,-0.25152,-0.09848,-0.2454,NORMAL_HEALTHY
2026-03-15 08:00:00.028,-0.34244,-0.14936,-0.19201,NORMAL_HEALTHY
2026-03-15 08:00:00.029,-0.31303,-0.11149,-0.19693,NORMAL_HEALTHY
2026-03-15 08:00:00.030,-0.34515,-0.00346,-0.2238,NORMAL_HEALTHY
2026-03-15 08:00:00.031,-0.3783,-0.01257,-0.22797,NORMAL_HEALTHY
2026-03-15 08:00:00.032,-0.34892,0.06693,-0.14735,NORMAL_HEALTHY
2026-03-15 08:00:00.033,-0.36606,0.04868,-0.12673,NORMAL_HEALTHY
2026-03-15 08:00:00.034,-0.35022,0.12698,-0.07672,NORMAL_HEALTHY
2026-03-15 08:00:00.035,-0.27978,0.29053,-0.01988,NORMAL_HEALTHY
2026-03-15 08:00:00.036,-0.24278,0.25131,-0.04551,NORMAL_HEALTHY
2026-03-15 08:00:00.037,-0.2027,0.29386,0.15617,NORMAL_HEALTHY
2026-03-15 08:00:00.038,-0.14863,0.33186,0.11576,NORMAL_HEALTHY
2026-03-15 08:00:00.039,-0.12941,0.38485,0.18701,NORMAL_HEALTHY
2026-03-15 08:00:00.040,0.03955,0.30348,0.24833,NORMAL_HEALTHY
2026-03-15 08:00:00.041,0.00088,0.36122,0.30762,NORMAL_HEALTHY
2026-03-15 08:00:00.042,0.08949,0.29497,0.25808,NORMAL_HEALTHY
2026-03-15 08:00:00.043,0.1762,0.2254,0.27171,NORMAL_HEALTHY
2026-03-15 08:00:00.044,0.20254,0.2746,0.24255,NORMAL_HEALTHY
2026-03-15 08:00:00.045,0.37748,0.17708,0.25971,NORMAL_HEALTHY
2026-03-15 08:00:00.046,0.37376,0.10876,0.26663,NORMAL_HEALTHY
2026-03-15 08:00:00.047,0.41968,0.04051,0.24522,NORMAL_HEALTHY
2026-03-15 08:00:00.048,0.37672,0.08906,0.16925,NORMAL_HEALTHY
2026-03-15 08:00:00.049,0.29589,0.02628,0.19192,NORMAL_HEALTHY
2026-03-15 08:00:00.050,0.36252,-0.0299,0.12345,NORMAL_HEALTHY
2026-03-15 08:00:00.051,0.34108,-0.07652,0.08626,NORMAL_HEALTHY
2026-03-15 08:00:00.052,0.3953,-0.1079,0.03323,NORMAL_HEALTHY
2026-03-15 08:00:00.053,0.30221,-0.20272,0.06696,NORMAL_HEALTHY
2026-03-15 08:00:00.054,0.29116,-0.22353,0.0393,NORMAL_HEALTHY
2026-03-15 08:00:00.055,0.21563,-0.17543,0.0404,NORMAL_HEALTHY
2026-03-15 08:00:00.056,0.14352,-0.25893,-0.08614,NORMAL_HEALTHY
2026-03-15 08:00:00.057,0.07563,-0.24212,-0.06952,NORMAL_HEALTHY
2026-03-15 08:00:00.058,0.09113,-0.21168,-0.10502,NORMAL_HEALTHY
2026-03-15 08:00:00.059,0.11121,-0.26264,-0.03212,NORMAL_HEALTHY
2026-03-15 08:00:00.060,0.03128,-0.2893,-0.18474,NORMAL_HEALTHY
2026-03-15 08:00:00.061,-0.01441,-0.26089,-0.14047,NORMAL_HEALTHY
2026-03-15 08:00:00.062,-0.05364,-0.24993,-0.21164,NORMAL_HEALTHY
2026-03-15 08:00:00.063,-0.19217,-0.25782,-0.16674,NORMAL_HEALTHY
2026-03-15 08:00:00.064,-0.14509,-0.27984,-0.20318,NORMAL_HEALTHY
2026-03-15 08:00:00.065,-0.17572,-0.24793,-0.21363,NORMAL_HEALTHY
2026-03-15 08:00:00.066,-0.23032,-0.23723,-0.21278,NORMAL_HEALTHY
2026-03-15 08:00:00.067,-0.24134,-0.11526,-0.19038,NORMAL_HEALTHY
2026-03-15 08:00:00.068,-0.37089,-0.16789,-0.20602,NORMAL_HEALTHY
2026-03-15 08:00:00.069,-0.30378,-0.06709,-0.08005,NORMAL_HEALTHY
2026-03-15 08:00:00.070,-0.32146,0.00364,-0.16584,NORMAL_HEALTHY
2026-03-15 08:00:00.071,-0.32934,-0.0093,-0.15019,NORMAL_HEALTHY
2026-03-15 08:00:00.072,-0.40237,0.04577,-0.16451,NORMAL_HEALTHY
2026-03-15 08:00:00.073,-0.35023,0.20721,-0.17736,NORMAL_HEALTHY
2026-03-15 08:00:00.074,-0.29877,0.09254,-0.08759,NORMAL_HEALTHY
2026-03-15 08:00:00.075,-0.24554,0.2131,-0.06371,NORMAL_HEALTHY
2026-03-15 08:00:00.076,-0.29142,0.28336,-0.00392,NORMAL_HEALTHY
2026-03-15 08:00:00.077,-0.19055,0.29324,0.04715,NORMAL_HEALTHY
2026-03-15 08:00:00.078,-0.03182,0.34598,0.0461,NORMAL_HEALTHY
2026-03-15 08:00:00.079,-0.06165,0.30815,0.19053,NORMAL_HEALTHY
2026-03-15 08:00:00.080,-0.03963,0.33725,0.2169,NORMAL_HEALTHY
2026-03-15 08:00:00.081,0.11426,0.28527,0.21925,NORMAL_HEALTHY
2026-03-15 08:00:00.082,0.11527,0.29128,0.31639,NORMAL_HEALTHY
2026-03-15 08:00:00.083,0.22162,0.23772,0.30143,NORMAL_HEALTHY
2026-03-15 08:00:00.084,0.36176,0.29835,0.22155,NORMAL_HEALTHY
2026-03-15 08:00:00.085,0.27578,0.26421,0.24622,NORMAL_HEALTHY
2026-03-15 08:00:00.086,0.35528,0.194,0.22623,NORMAL_HEALTHY
2026-03-15 08:00:00.087,0.35135,-0.02892,0.2029,NORMAL_HEALTHY
2026-03-15 08:00:00.088,0.3511,0.0028,0.26968,NORMAL_HEALTHY
2026-03-15 08:00:00.089,0.29041,-0.0146,0.1861,NORMAL_HEALTHY
2026-03-15 08:00:00.090,0.42206,-0.10565,0.18797,NORMAL_HEALTHY
2026-03-15 08:00:00.091,0.32998,-0.13069,0.12744,NORMAL_HEALTHY
2026-03-15 08:00:00.092,0.31196,-0.15354,0.07737,NORMAL_HEALTHY
2026-03-15 08:00:00.093,0.25011,-0.15647,0.06259,NORMAL_HEALTHY
2026-03-15 08:00:00.094,0.31253,-0.24126,0.08024,NORMAL_HEALTHY
2026-03-15 08:00:00.095,0.09738,-0.21682,-0.0054,NORMAL_HEALTHY
2026-03-15 08:00:00.096,0.16984,-0.25336,-0.06229,NORMAL_HEALTHY
2026-03-15 08:00:00.097,0.09177,-0.26389,-0.05172,NORMAL_HEALTHY
2026-03-15 08:00:00.098,0.09515,-0.27629,-0.07399,NORMAL_HEALTHY
2026-03-15 08:00:00.099,0.05389,-0.21685,-0.10529,NORMAL_HEALTHY
2026-03-15 08:00:00.100,-0.04145,-0.27668,-0.1211,NORMAL_HEALTHY
2026-03-15 08:00:00.101,-0.00801,-0.25228,-0.16136,NORMAL_HEALTHY
2026-03-15 08:00:00.102,-0.01341,-0.27198,-0.16285,NORMAL_HEALTHY
2026-03-15 08:00:00.103,-0.12653,-0.2481,-0.15825,NORMAL_HEALTHY
2026-03-15 08:00:00.104,-0.11452,-0.19232,-0.16355,NORMAL_HEALTHY
2026-03-15 08:00:00.105,-0.19394,-0.18138,-0.22987,NORMAL_HEALTHY
2026-03-15 08:00:00.106,-0.21702,-0.19419,-0.2219,NORMAL_HEALTHY
2026-03-15 08:00:00.107,-0.23962,-0.19607,-0.15403,NORMAL_HEALTHY
2026-03-15 08:00:00.108,-0.35231,-0.17964,-0.18351,NORMAL_HEALTHY
2026-03-15 08:00:00.109,-0.28988,-0.06246,-0.1929,NORMAL_HEALTHY
2026-03-15 08:00:00.110,-0.35061,-0.08276,-0.19657,NORMAL_HEALTHY
2026-03-15 08:00:00.111,-0.39577,0.04554,-0.1819,NORMAL_HEALTHY
2026-03-15 08:00:00.112,-0.405,0.04217,-0.13307,NORMAL_HEALTHY
2026-03-15 08:00:00.113,-0.38251,0.07389,-0.10348,NORMAL_HEALTHY
2026-03-15 08:00:00.114,-0.32084,0.13953,-0.08756,NORMAL_HEALTHY
2026-03-15 08:00:00.115,-0.28838,0.14882,-0.07525,NORMAL_HEALTHY
2026-03-15 08:00:00.116,-0.29158,0.2454,0.03252,NORMAL_HEALTHY
2026-03-15 08:00:00.117,-0.1276,0.32775,0.06436,NORMAL_HEALTHY
2026-03-15 08:00:00.118,-0.13997,0.27643,0.11633,NORMAL_HEALTHY
2026-03-15 08:00:00.119,-0.08541,0.34999,0.13174,NORMAL_HEALTHY
2026-03-15 08:00:00.120,0.02597,0.40727,0.19542,NORMAL_HEALTHY
2026-03-15 08:00:00.121,0.09106,0.36561,0.21691,NORMAL_HEALTHY
2026-03-15 08:00:00.122,0.15022,0.31958,0.25801,NORMAL_HEALTHY
2026-03-15 08:00:00.123,0.16272,0.29235,0.28674,NORMAL_HEALTHY
2026-03-15 08:00:00.124,0.32821,0.29524,0.35009,NORMAL_HEALTHY
2026-03-15 08:00:00.125,0.26162,0.24744,0.2774,NORMAL_HEALTHY
2026-03-15 08:00:00.126,0.44258,0.12672,0.22928,NORMAL_HEALTHY
2026-03-15 08:00:00.127,0.32436,0.01857,0.22036,NORMAL_HEALTHY
2026-03-15 08:00:00.128,0.32577,0.06222,0.22451,NORMAL_HEALTHY
2026-03-15 08:00:00.129,0.45572,0.04449,0.16133,NORMAL_HEALTHY
2026-03-15 08:00:00.130,0.30508,-0.02372,0.10105,NORMAL_HEALTHY
2026-03-15 08:00:00.131,0.42104,-0.03885,0.09484,NORMAL_HEALTHY
2026-03-15 08:00:00.132,0.21635,-0.0705,0.07092,NORMAL_HEALTHY
2026-03-15 08:00:00.133,0.33127,-0.22906,0.01843,NORMAL_HEALTHY
2026-03-15 08:00:00.134,0.23349,-0.18666,-0.01017,NORMAL_HEALTHY
2026-03-15 08:00:00.135,0.22613,-0.25574,-0.03097,NORMAL_HEALTHY
2026-03-15 08:00:00.136,0.16181,-0.20503,-0.0301,NORMAL_HEALTHY
2026-03-15 08:00:00.137,0.06019,-0.30404,-0.03674,NORMAL_HEALTHY
2026-03-15 08:00:00.138,0.09391,-0.27865,-0.05119,NORMAL_HEALTHY
2026-03-15 08:00:00.139,0.04431,-0.20128,-0.12496,NORMAL_HEALTHY
2026-03-15 08:00:00.140,0.10304,-0.17827,-0.15597,NORMAL_HEALTHY
2026-03-15 08:00:00.141,0.01005,-0.22397,-0.11756,NORMAL_HEALTHY
2026-03-15 08:00:00.142,-0.12554,-0.21768,-0.14495,NORMAL_HEALTHY
2026-03-15 08:00:00.143,-0.20436,-0.28913,-0.26808,NORMAL_HEALTHY
2026-03-15 08:00:00.144,-0.16926,-0.1964,-0.15666,NORMAL_HEALTHY
2026-03-15 08:00:00.145,-0.19128,-0.14115,-0.26732,NORMAL_HEALTHY
2026-03-15 08:00:00.146,-0.31839,-0.19102,-0.21186,NORMAL_HEALTHY
2026-03-15 08:00:00.147,-0.27101,-0.24916,-0.23038,NORMAL_HEALTHY
2026-03-15 08:00:00.148,-0.36723,-0.09957,-0.21121,NORMAL_HEALTHY
2026-03-15 08:00:00.149,-0.37646,-0.11082,-0.25197,NORMAL_HEALTHY
2026-03-15 08:00:00.150,-0.35313,-0.00403,-0.23373,NORMAL_HEALTHY
2026-03-15 08:00:00.151,-0.33671,-0.01844,-0.2045,NORMAL_HEALTHY
2026-03-15 08:00:00.152,-0.36908,0.01183,-0.1669,NORMAL_HEALTHY
2026-03-15 08:00:00.153,-0.41422,0.19233,-0.11077,NORMAL_HEALTHY
2026-03-15 08:00:00.154,-0.36807,0.17017,-0.075,NORMAL_HEALTHY
2026-03-15 08:00:00.155,-0.31104,0.23647,0.00053,NORMAL_HEALTHY
2026-03-15 08:00:00.156,-0.28218,0.23,0.01202,NORMAL_HEALTHY
2026-03-15 08:00:00.157,-0.31647,0.22691,0.1178,NORMAL_HEALTHY
2026-03-15 08:00:00.158,-0.05677,0.30846,0.13716,NORMAL_HEALTHY
2026-03-15 08:00:00.159,-0.05541,0.46713,0.19988,NORMAL_HEALTHY
2026-03-15 08:00:00.160,-0.0064,0.30151,0.143,NORMAL_HEALTHY
2026-03-15 08:00:00.161,0.08115,0.30413,0.18117,NORMAL_HEALTHY
2026-03-15 08:00:00.162,0.10669,0.27308,0.31364,NORMAL_HEALTHY
2026-03-15 08:00:00.163,0.24545,0.29097,0.3211,NORMAL_HEALTHY
2026-03-15 08:00:00.164,0.25952,0.21787,0.32804,NORMAL_HEALTHY
2026-03-15 08:00:00.165,0.32693,0.16628,0.26432,NORMAL_HEALTHY
2026-03-15 08:00:00.166,0.28931,0.10231,0.29108,NORMAL_HEALTHY
2026-03-15 08:00:00.167,0.4498,0.04939,0.25846,NORMAL_HEALTHY
2026-03-15 08:00:00.168,0.3312,0.03513,0.19181,NORMAL_HEALTHY
2026-03-15 08:00:00.169,0.31871,0.00616,0.15244,NORMAL_HEALTHY
2026-03-15 08:00:00.170,0.36352,-0.04676,0.13889,NORMAL_HEALTHY
2026-03-15 08:00:00.171,0.28409,-0.11349,0.1377,NORMAL_HEALTHY
2026-03-15 08:00:00.172,0.32706,-0.16958,0.07841,NORMAL_HEALTHY
2026-03-15 08:00:00.173,0.30695,-0.23224,0.05843,NORMAL_HEALTHY
2026-03-15 08:00:00.174,0.20009,-0.16441,-0.02113,NORMAL_HEALTHY
2026-03-15 08:00:00.175,0.10474,-0.27953,-0.0243,NORMAL_HEALTHY
2026-03-15 08:00:00.176,0.16878,-0.26533,-0.03266,NORMAL_HEALTHY
2026-03-15 08:00:00.177,0.03335,-0.24165,-0.12384,NORMAL_HEALTHY
2026-03-15 08:00:00.178,0.04471,-0.24482,-0.13559,NORMAL_HEALTHY
2026-03-15 08:00:00.179,0.0193,-0.20863,-0.14751,NORMAL_HEALTHY
2026-03-15 08:00:00.180,0.04178,-0.30089,-0.12871,NORMAL_HEALTHY
2026-03-15 08:00:00.181,0.03355,-0.35644,-0.19336,NORMAL_HEALTHY
2026-03-15 08:00:00.182,-0.04844,-0.25547,-0.16901,NORMAL_HEALTHY
2026-03-15 08:00:00.183,-0.14662,-0.23516,-0.20216,NORMAL_HEALTHY
2026-03-15 08:00:00.184,-0.09741,-0.21608,-0.19742,NORMAL_HEALTHY
2026-03-15 08:00:00.185,-0.21558,-0.23109,-0.23415,NORMAL_HEALTHY
2026-03-15 08:00:00.186,-0.2135,-0.20655,-0.21516,NORMAL_HEALTHY
2026-03-15 08:00:00.187,-0.16561,-0.12427,-0.23867,NORMAL_HEALTHY
2026-03-15 08:00:00.188,-0.24195,-0.14538,-0.29538,NORMAL_HEALTHY
2026-03-15 08:00:00.189,-0.37987,-0.16849,-0.2272,NORMAL_HEALTHY
2026-03-15 08:00:00.190,-0.34908,0.02662,-0.18778,NORMAL_HEALTHY
2026-03-15 08:00:00.191,-0.37287,0.03935,-0.25414,NORMAL_HEALTHY
2026-03-15 08:00:00.192,-0.35195,0.08859,-0.19928,NORMAL_HEALTHY
2026-03-15 08:00:00.193,-0.29714,0.12322,-0.12654,NORMAL_HEALTHY
2026-03-15 08:00:00.194,-0.30145,0.25758,-0.06471,NORMAL_HEALTHY
2026-03-15 08:00:00.195,-0.28758,0.19084,-0.05573,NORMAL_HEALTHY
2026-03-15 08:00:00.196,-0.21414,0.21809,0.02415,NORMAL_HEALTHY
2026-03-15 08:00:00.197,-0.22525,0.31166,0.08164,NORMAL_HEALTHY
2026-03-15 08:00:00.198,-0.08714,0.29737,0.10753,NORMAL_HEALTHY
2026-03-15 08:00:00.199,-0.11991,0.3174,0.1739,NORMAL_HEALTHY
2026-03-15 08:00:00.200,0.03785,0.30293,0.22966,NORMAL_HEALTHY
2026-03-15 08:00:00.201,0.13876,0.35385,0.29664,NORMAL_HEALTHY
2026-03-15 08:00:00.202,0.10033,0.26614,0.19234,NORMAL_HEALTHY
2026-03-15 08:00:00.203,0.27617,0.31911,0.26736,NORMAL_HEALTHY
2026-03-15 08:00:00.204,0.26965,0.20664,0.36033,NORMAL_HEALTHY
2026-03-15 08:00:00.205,0.30645,0.21501,0.29639,NORMAL_HEALTHY
2026-03-15 08:00:00.206,0.35714,0.17059,0.231,NORMAL_HEALTHY
2026-03-15 08:00:00.207,0.3779,0.18882,0.28585,NORMAL_HEALTHY
2026-03-15 08:00:00.208,0.44339,0.0341,0.17791,NORMAL_HEALTHY
2026-03-15 08:00:00.209,0.35562,0.00647,0.21982,NORMAL_HEALTHY
2026-03-15 08:00:00.210,0.26538,0.02038,0.14172,NORMAL_HEALTHY
2026-03-15 08:00:00.211,0.30812,-0.13199,0.05334,NORMAL_HEALTHY
2026-03-15 08:00:00.212,0.34317,-0.12492,0.02978,NORMAL_HEALTHY
2026-03-15 08:00:00.213,0.20462,-0.17556,0.09783,NORMAL_HEALTHY
2026-03-15 08:00:00.214,0.22025,-0.25254,-0.00302,NORMAL_HEALTHY
2026-03-15 08:00:00.215,0.18135,-0.32498,-0.02789,NORMAL_HEALTHY
2026-03-15 08:00:00.216,0.14425,-0.1973,0.0097,NORMAL_HEALTHY
2026-03-15 08:00:00.217,0.17275,-0.25027,-0.12019,NORMAL_HEALTHY
2026-03-15 08:00:00.218,0.20597,-0.24432,-0.10499,NORMAL_HEALTHY
2026-03-15 08:00:00.219,0.03732,-0.24298,-0.13238,NORMAL_HEALTHY
2026-03-15 08:00:00.220,-0.02868,-0.27612,-0.1484,NORMAL_HEALTHY
2026-03-15 08:00:00.221,-0.0657,-0.28169,-0.16174,NORMAL_HEALTHY
2026-03-15 08:00:00.222,-0.09005,-0.18292,-0.27478,NORMAL_HEALTHY
2026-03-15 08:00:00.223,-0.06185,-0.18589,-0.26928,NORMAL_HEALTHY
2026-03-15 08:00:00.224,-0.17293,-0.24268,-0.2585,NORMAL_HEALTHY
2026-03-15 08:00:00.225,-0.23388,-0.25756,-0.15768,NORMAL_HEALTHY
2026-03-15 08:00:00.226,-0.18644,-0.13461,-0.20004,NORMAL_HEALTHY
2026-03-15 08:00:00.227,-0.32583,-0.18358,-0.21013,NORMAL_HEALTHY
2026-03-15 08:00:00.228,-0.36312,-0.09773,-0.23246,NORMAL_HEALTHY
2026-03-15 08:00:00.229,-0.34821,-0.05876,-0.19934,NORMAL_HEALTHY
2026-03-15 08:00:00.230,-0.36805,0.00465,-0.23706,NORMAL_HEALTHY
2026-03-15 08:00:00.231,-0.33112,0.02931,-0.18759,NORMAL_HEALTHY
2026-03-15 08:00:00.232,-0.34742,0.00266,-0.11518,NORMAL_HEALTHY
2026-03-15 08:00:00.233,-0.36357,0.08662,-0.07529,NORMAL_HEALTHY
2026-03-15 08:00:00.234,-0.3683,0.10122,-0.12555,NORMAL_HEALTHY
2026-03-15 08:00:00.235,-0.26969,0.15595,0.03543,NORMAL_HEALTHY
2026-03-15 08:00:00.236,-0.35975,0.32657,0.02903,NORMAL_HEALTHY
2026-03-15 08:00:00.237,-0.20621,0.26815,0.08393,NORMAL_HEALTHY
2026-03-15 08:00:00.238,-0.1409,0.36593,0.12097,NORMAL_HEALTHY
2026-03-15 08:00:00.239,-0.06346,0.32082,0.1587,NORMAL_HEALTHY
2026-03-15 08:00:00.240,0.01539,0.26944,0.15204,NORMAL_HEALTHY
2026-03-15 08:00:00.241,0.10814,0.34354,0.22451,NORMAL_HEALTHY
2026-03-15 08:00:00.242,0.13994,0.33381,0.2357,NORMAL_HEALTHY
2026-03-15 08:00:00.243,0.16245,0.29963,0.23506,NORMAL_HEALTHY
2026-03-15 08:00:00.244,0.27607,0.18211,0.31075,NORMAL_HEALTHY
2026-03-15 08:00:00.245,0.32362,0.22125,0.30538,NORMAL_HEALTHY
2026-03-15 08:00:00.246,0.41636,0.20419,0.19424,NORMAL_HEALTHY
2026-03-15 08:00:00.247,0.29035,0.08228,0.23967,NORMAL_HEALTHY
2026-03-15 08:00:00.248,0.38961,0.02499,0.21908,NORMAL_HEALTHY
2026-03-15 08:00:00.249,0.32415,-0.02189,0.13229,NORMAL_HEALTHY
2026-03-15 08:00:00.250,0.30384,-0.10207,0.1131,NORMAL_HEALTHY
2026-03-15 08:00:00.251,0.38215,-0.12933,0.2034,NORMAL_HEALTHY
2026-03-15 08:00:00.252,0.32668,-0.12018,0.04489,NORMAL_HEALTHY
2026-03-15 08:00:00.253,0.30439,-0.18576,0.04368,NORMAL_HEALTHY
2026-03-15 08:00:00.254,0.36123,-0.19274,0.04581,NORMAL_HEALTHY
2026-03-15 08:00:00.255,0.15983,-0.21185,0.03599,NORMAL_HEALTHY
2026-03-15 08:00:00.256,0.12445,-0.14986,-0.03024,NORMAL_HEALTHY
2026-03-15 08:00:00.257,0.0883,-0.21197,-0.04742,NORMAL_HEALTHY
2026-03-15 08:00:00.258,0.10839,-0.31357,-0.13093,NORMAL_HEALTHY
2026-03-15 08:00:00.259,0.02615,-0.25456,-0.1056,NORMAL_HEALTHY
2026-03-15 08:00:00.260,0.00889,-0.30963,-0.13395,NORMAL_HEALTHY
2026-03-15 08:00:00.261,-0.008,-0.22761,-0.12764,NORMAL_HEALTHY
2026-03-15 08:00:00.262,-0.0356,-0.22732,-0.18445,NORMAL_HEALTHY
2026-03-15 08:00:00.263,-0.19947,-0.22059,-0.18944,NORMAL_HEALTHY
2026-03-15 08:00:00.264,-0.14222,-0.28115,-0.24708,NORMAL_HEALTHY
2026-03-15 08:00:00.265,-0.14233,-0.21205,-0.19516,NORMAL_HEALTHY
2026-03-15 08:00:00.266,-0.23181,-0.18739,-0.19246,NORMAL_HEALTHY
2026-03-15 08:00:00.267,-0.29518,-0.15721,-0.24344,NORMAL_HEALTHY
2026-03-15 08:00:00.268,-0.32374,-0.14117,-0.21627,NORMAL_HEALTHY
2026-03-15 08:00:00.269,-0.3534,-0.03561,-0.2462,NORMAL_HEALTHY
2026-03-15 08:00:00.270,-0.35934,-0.06331,-0.14858,NORMAL_HEALTHY
2026-03-15 08:00:00.271,-0.35209,0.04795,-0.22875,NORMAL_HEALTHY
2026-03-15 08:00:00.272,-0.35038,0.09364,-0.14465,NORMAL_HEALTHY
2026-03-15 08:00:00.273,-0.30105,0.08685,-0.06268,NORMAL_HEALTHY
2026-03-15 08:00:00.274,-0.21814,0.14566,-0.08666,NORMAL_HEALTHY
2026-03-15 08:00:00.275,-0.22732,0.2775,-0.04429,NORMAL_HEALTHY
2026-03-15 08:00:00.276,-0.27666,0.2425,-0.02541,NORMAL_HEALTHY
2026-03-15 08:00:00.277,-0.2473,0.24863,0.04309,NORMAL_HEALTHY
2026-03-15 08:00:00.278,-0.14075,0.329,0.17124,NORMAL_HEALTHY
2026-03-15 08:00:00.279,-0.12089,0.37811,0.1532,NORMAL_HEALTHY
2026-03-15 08:00:00.280,-0.00247,0.3708,0.15993,NORMAL_HEALTHY
2026-03-15 08:00:00.281,0.0901,0.34335,0.24819,NORMAL_HEALTHY
2026-03-15 08:00:00.282,0.15347,0.42339,0.23227,NORMAL_HEALTHY
2026-03-15 08:00:00.283,0.17482,0.26482,0.24986,NORMAL_HEALTHY
2026-03-15 08:00:00.284,0.22379,0.30501,0.32445,NORMAL_HEALTHY
2026-03-15 08:00:00.285,0.27145,0.17499,0.28749,NORMAL_HEALTHY
2026-03-15 08:00:00.286,0.30548,0.18798,0.26577,NORMAL_HEALTHY
2026-03-15 08:00:00.287,0.27854,0.1746,0.30161,NORMAL_HEALTHY
2026-03-15 08:00:00.288,0.33309,0.03935,0.22255,NORMAL_HEALTHY
2026-03-15 08:00:00.289,0.37864,0.03209,0.25188,NORMAL_HEALTHY
2026-03-15 08:00:00.290,0.34115,-0.07855,0.09898,NORMAL_HEALTHY
2026-03-15 08:00:00.291,0.29292,-0.09039,0.17407,NORMAL_HEALTHY
2026-03-15 08:00:00.292,0.27613,-0.11852,0.07436,NORMAL_HEALTHY
2026-03-15 08:00:00.293,0.3288,-0.0539,0.02083,NORMAL_HEALTHY
2026-03-15 08:00:00.294,0.20875,-0.14428,0.02945,NORMAL_HEALTHY
2026-03-15 08:00:00.295,0.28732,-0.18555,-0.03856,NORMAL_HEALTHY
2026-03-15 08:00:00.296,0.18533,-0.17977,-0.02629,NORMAL_HEALTHY
2026-03-15 08:00:00.297,0.14179,-0.19351,-0.04053,NORMAL_HEALTHY
2026-03-15 08:00:00.298,0.14641,-0.21927,-0.11133,NORMAL_HEALTHY
2026-03-15 08:00:00.299,0.04586,-0.20012,-0.15592,NORMAL_HEALTHY
2026-03-15 08:00:00.300,0.01843,-0.26959,-0.14625,NORMAL_HEALTHY
2026-03-15 08:00:00.301,0.02539,-0.24327,-0.16384,NORMAL_HEALTHY
2026-03-15 08:00:00.302,-0.14529,-0.21512,-0.15941,NORMAL_HEALTHY
2026-03-15 08:00:00.303,-0.00826,-0.25193,-0.18904,NORMAL_HEALTHY
2026-03-15 08:00:00.304,-0.14333,-0.15985,-0.21257,NORMAL_HEALTHY
2026-03-15 08:00:00.305,-0.18104,-0.18453,-0.21248,NORMAL_HEALTHY
2026-03-15 08:00:00.306,-0.25555,-0.18041,-0.18772,NORMAL_HEALTHY
2026-03-15 08:00:00.307,-0.3207,-0.15564,-0.25176,NORMAL_HEALTHY
2026-03-15 08:00:00.308,-0.24226,-0.19277,-0.24361,NORMAL_HEALTHY
2026-03-15 08:00:00.309,-0.31061,-0.02245,-0.21719,NORMAL_HEALTHY
2026-03-15 08:00:00.310,-0.37776,0.03532,-0.24991,NORMAL_HEALTHY
2026-03-15 08:00:00.311,-0.47185,0.0228,-0.19432,NORMAL_HEALTHY
2026-03-15 08:00:00.312,-0.41479,0.08594,-0.13899,NORMAL_HEALTHY
2026-03-15 08:00:00.313,-0.38253,0.05442,-0.08147,NORMAL_HEALTHY
2026-03-15 08:00:00.314,-0.30058,0.15686,-0.00644,NORMAL_HEALTHY
2026-03-15 08:00:00.315,-0.35349,0.14553,-0.0502,NORMAL_HEALTHY
2026-03-15 08:00:00.316,-0.25793,0.26481,0.0132,NORMAL_HEALTHY
2026-03-15 08:00:00.317,-0.18377,0.23811,0.12049,NORMAL_HEALTHY
2026-03-15 08:00:00.318,-0.14312,0.36653,0.12897,NORMAL_HEALTHY
2026-03-15 08:00:00.319,-0.04814,0.36049,0.17636,NORMAL_HEALTHY
2026-03-15 08:00:00.320,0.03214,0.39861,0.20611,NORMAL_HEALTHY
2026-03-15 08:00:00.321,0.10643,0.33246,0.28136,NORMAL_HEALTHY
2026-03-15 08:00:00.322,0.1052,0.39558,0.25319,NORMAL_HEALTHY
2026-03-15 08:00:00.323,0.12983,0.29675,0.24547,NORMAL_HEALTHY
2026-03-15 08:00:00.324,0.29769,0.22674,0.25911,NORMAL_HEALTHY
2026-03-15 08:00:00.325,0.20551,0.19114,0.18615,NORMAL_HEALTHY
2026-03-15 08:00:00.326,0.25389,0.19339,0.28617,NORMAL_HEALTHY
2026-03-15 08:00:00.327,0.3756,0.06774,0.23709,NORMAL_HEALTHY
2026-03-15 08:00:00.328,0.36355,0.0066,0.26517,NORMAL_HEALTHY
2026-03-15 08:00:00.329,0.40578,-0.00529,0.18247,NORMAL_HEALTHY
2026-03-15 08:00:00.330,0.36042,-0.1314,0.1386,NORMAL_HEALTHY
2026-03-15 08:00:00.331,0.29537,-0.13155,0.10142,NORMAL_HEALTHY
2026-03-15 08:00:00.332,0.3919,-0.1008,0.05494,NORMAL_HEALTHY
2026-03-15 08:00:00.333,0.29801,-0.10182,0.07177,NORMAL_HEALTHY
2026-03-15 08:00:00.334,0.23621,-0.21615,0.03002,NORMAL_HEALTHY
2026-03-15 08:00:00.335,0.21466,-0.17232,-0.00376,NORMAL_HEALTHY
2026-03-15 08:00:00.336,0.20827,-0.24964,-0.0089,NORMAL_HEALTHY
2026-03-15 08:00:00.337,0.1263,-0.15065,-0.10558,NORMAL_HEALTHY
2026-03-15 08:00:00.338,0.1641,-0.23843,-0.12828,NORMAL_HEALTHY
2026-03-15 08:00:00.339,0.01433,-0.26501,-0.11248,NORMAL_HEALTHY
2026-03-15 08:00:00.340,0.02614,-0.27726,-0.14811,NORMAL_HEALTHY
2026-03-15 08:00:00.341,0.06858,-0.17798,-0.15019,NORMAL_HEALTHY
2026-03-15 08:00:00.342,-0.0754,-0.24174,-0.16053,NORMAL_HEALTHY
2026-03-15 08:00:00.343,-0.16756,-0.24978,-0.25511,NORMAL_HEALTHY
2026-03-15 08:00:00.344,-0.13583,-0.19939,-0.22615,NORMAL_HEALTHY
2026-03-15 08:00:00.345,-0.11629,-0.26246,-0.27027,NORMAL_HEALTHY
2026-03-15 08:00:00.346,-0.222,-0.14415,-0.16636,NORMAL_HEALTHY
2026-03-15 08:00:00.347,-0.29232,-0.11545,-0.22861,NORMAL_HEALTHY
2026-03-15 08:00:00.348,-0.31064,-0.09048,-0.20121,NORMAL_HEALTHY
2026-03-15 08:00:00.349,-0.40829,-0.02623,-0.16659,NORMAL_HEALTHY
2026-03-15 08:00:00.350,-0.38128,-0.0278,-0.18194,NORMAL_HEALTHY
2026-03-15 08:00:00.351,-0.34888,-0.01929,-0.20026,NORMAL_HEALTHY
2026-03-15 08:00:00.352,-0.36501,0.10567,-0.1285,NORMAL_HEALTHY
2026-03-15 08:00:00.353,-0.37286,0.14163,-0.21171,NORMAL_HEALTHY
2026-03-15 08:00:00.354,-0.27565,0.08714,-0.08376,NORMAL_HEALTHY
2026-03-15 08:00:00.355,-0.35597,0.15534,0.01464,NORMAL_HEALTHY
2026-03-15 08:00:00.356,-0.27904,0.2692,0.02,NORMAL_HEALTHY
2026-03-15 08:00:00.357,-0.17752,0.29457,0.02506,NORMAL_HEALTHY
2026-03-15 08:00:00.358,-0.0892,0.29806,0.0625,NORMAL_HEALTHY
2026-03-15 08:00:00.359,-0.09238,0.40006,0.19045,NORMAL_HEALTHY
2026-03-15 08:00:00.360,-0.01743,0.32728,0.18797,NORMAL_HEALTHY
2026-03-15 08:00:00.361,0.17481,0.35251,0.24601,NORMAL_HEALTHY
2026-03-15 08:00:00.362,0.19053,0.32919,0.24553,NORMAL_HEALTHY
2026-03-15 08:00:00.363,0.19155,0.28826,0.268,NORMAL_HEALTHY
2026-03-15 08:00:00.364,0.29204,0.25668,0.30037,NORMAL_HEALTHY
2026-03-15 08:00:00.365,0.29595,0.21371,0.20105,NORMAL_HEALTHY
2026-03-15 08:00:00.366,0.3789,0.1758,0.2936,NORMAL_HEALTHY
2026-03-15 08:00:00.367,0.20951,0.19759,0.23387,NORMAL_HEALTHY
2026-03-15 08:00:00.368,0.41914,0.01163,0.23399,NORMAL_HEALTHY
2026-03-15 08:00:00.369,0.30924,-0.02241,0.24852,NORMAL_HEALTHY
2026-03-15 08:00:00.370,0.34047,-0.03538,0.17771,NORMAL_HEALTHY
2026-03-15 08:00:00.371,0.35425,-0.08259,0.12404,NORMAL_HEALTHY
2026-03-15 08:00:00.372,0.42218,-0.13048,0.08197,NORMAL_HEALTHY
2026-03-15 08:00:00.373,0.32191,-0.11431,0.08096,NORMAL_HEALTHY
2026-03-15 08:00:00.374,0.26516,-0.23723,0.06275,NORMAL_HEALTHY
2026-03-15 08:00:00.375,0.13767,-0.1975,-0.05239,NORMAL_HEALTHY
2026-03-15 08:00:00.376,0.15259,-0.21292,-0.04376,NORMAL_HEALTHY
2026-03-15 08:00:00.377,0.13752,-0.17026,-0.06558,NORMAL_HEALTHY
2026-03-15 08:00:00.378,0.06509,-0.20586,-0.06385,NORMAL_HEALTHY
2026-03-15 08:00:00.379,-0.02285,-0.22601,-0.10278,NORMAL_HEALTHY
2026-03-15 08:00:00.380,-0.01488,-0.19441,-0.15251,NORMAL_HEALTHY
2026-03-15 08:00:00.381,-0.03225,-0.25875,-0.16492,NORMAL_HEALTHY
2026-03-15 08:00:00.382,-0.13211,-0.30804,-0.12619,NORMAL_HEALTHY
2026-03-15 08:00:00.383,-0.15877,-0.28098,-0.27208,NORMAL_HEALTHY
2026-03-15 08:00:00.384,-0.18774,-0.28312,-0.15177,NORMAL_HEALTHY
2026-03-15 08:00:00.385,-0.1445,-0.23961,-0.14018,NORMAL_HEALTHY
2026-03-15 08:00:00.386,-0.18414,-0.20246,-0.31278,NORMAL_HEALTHY
2026-03-15 08:00:00.387,-0.15483,-0.22035,-0.28485,NORMAL_HEALTHY
2026-03-15 08:00:00.388,-0.25088,-0.02435,-0.1756,NORMAL_HEALTHY
2026-03-15 08:00:00.389,-0.30127,-0.0637,-0.18502,NORMAL_HEALTHY
2026-03-15 08:00:00.390,-0.31205,-0.03267,-0.19558,NORMAL_HEALTHY
2026-03-15 08:00:00.391,-0.36504,-0.02795,-0.18658,NORMAL_HEALTHY
2026-03-15 08:00:00.392,-0.44838,0.05165,-0.18213,NORMAL_HEALTHY
2026-03-15 08:00:00.393,-0.40951,0.11648,-0.06329,NORMAL_HEALTHY
2026-03-15 08:00:00.394,-0.28717,0.09433,-0.10571,NORMAL_HEALTHY
2026-03-15 08:00:00.395,-0.25295,0.16861,-0.03385,NORMAL_HEALTHY
2026-03-15 08:00:00.396,-0.22815,0.21332,0.02533,NORMAL_HEALTHY
2026-03-15 08:00:00.397,-0.26807,0.26575,0.08115,NORMAL_HEALTHY
2026-03-15 08:00:00.398,-0.21866,0.33776,0.11629,NORMAL_HEALTHY
2026-03-15 08:00:00.399,-0.04335,0.34579,0.20844,NORMAL_HEALTHY
2026-03-15 08:00:00.400,0.00626,0.32388,0.20351,NORMAL_HEALTHY
2026-03-15 08:00:00.401,0.09814,0.33835,0.23237,NORMAL_HEALTHY
2026-03-15 08:00:00.402,0.10392,0.29087,0.2055,NORMAL_HEALTHY
2026-03-15 08:00:00.403,0.28885,0.23844,0.24505,NORMAL_HEALTHY
2026-03-15 08:00:00.404,0.21973,0.29251,0.2644,NORMAL_HEALTHY
2026-03-15 08:00:00.405,0.36237,0.18174,0.28075,NORMAL_HEALTHY
2026-03-15 08:00:00.406,0.29132,0.25225,0.2171,NORMAL_HEALTHY
2026-03-15 08:00:00.407,0.36982,0.13577,0.25324,NORMAL_HEALTHY
2026-03-15 08:00:00.408,0.35446,0.05031,0.21408,NORMAL_HEALTHY
2026-03-15 08:00:00.409,0.35456,0.04506,0.25889,NORMAL_HEALTHY
2026-03-15 08:00:00.410,0.32213,-0.10284,0.14417,NORMAL_HEALTHY
2026-03-15 08:00:00.411,0.45845,-0.12314,0.16863,NORMAL_HEALTHY
2026-03-15 08:00:00.412,0.3859,-0.15156,0.09484,NORMAL_HEALTHY
2026-03-15 08:00:00.413,0.3508,-0.17741,0.03229,NORMAL_HEALTHY
2026-03-15 08:00:00.414,0.20414,-0.23178,-0.01714,NORMAL_HEALTHY
2026-03-15 08:00:00.415,0.13379,-0.20892,-0.05294,NORMAL_HEALTHY
2026-03-15 08:00:00.416,0.16748,-0.29302,-0.04343,NORMAL_HEALTHY
2026-03-15 08:00:00.417,0.1581,-0.32358,-0.06837,NORMAL_HEALTHY
2026-03-15 08:00:00.418,0.13868,-0.29825,-0.04694,NORMAL_HEALTHY
2026-03-15 08:00:00.419,0.05948,-0.28136,-0.12928,NORMAL_HEALTHY
2026-03-15 08:00:00.420,0.02792,-0.24964,-0.1284,NORMAL_HEALTHY
2026-03-15 08:00:00.421,-0.08456,-0.2442,-0.21494,NORMAL_HEALTHY
2026-03-15 08:00:00.422,-0.08286,-0.28525,-0.20774,NORMAL_HEALTHY
2026-03-15 08:00:00.423,-0.05462,-0.19246,-0.17539,NORMAL_HEALTHY
2026-03-15 08:00:00.424,-0.21041,-0.24034,-0.16678,NORMAL_HEALTHY
2026-03-15 08:00:00.425,-0.1879,-0.11179,-0.20525,NORMAL_HEALTHY
2026-03-15 08:00:00.426,-0.22362,-0.20179,-0.22063,NORMAL_HEALTHY
2026-03-15 08:00:00.427,-0.277,-0.1312,-0.19378,NORMAL_HEALTHY
2026-03-15 08:00:00.428,-0.34131,-0.18461,-0.28831,NORMAL_HEALTHY
2026-03-15 08:00:00.429,-0.30407,-0.13587,-0.29024,NORMAL_HEALTHY
2026-03-15 08:00:00.430,-0.33057,0.06133,-0.19944,NORMAL_HEALTHY
2026-03-15 08:00:00.431,-0.31999,0.00758,-0.18021,NORMAL_HEALTHY
2026-03-15 08:00:00.432,-0.31777,0.04349,-0.13817,NORMAL_HEALTHY
2026-03-15 08:00:00.433,-0.33824,0.08044,-0.07729,NORMAL_HEALTHY
2026-03-15 08:00:00.434,-0.34183,0.12896,-0.05229,NORMAL_HEALTHY
2026-03-15 08:00:00.435,-0.34491,0.21156,-0.02631,NORMAL_HEALTHY
2026-03-15 08:00:00.436,-0.20136,0.27465,0.02077,NORMAL_HEALTHY
2026-03-15 08:00:00.437,-0.16048,0.35039,0.08948,NORMAL_HEALTHY
2026-03-15 08:00:00.438,-0.1385,0.26329,0.0797,NORMAL_HEALTHY
2026-03-15 08:00:00.439,-0.08624,0.31037,0.15415,NORMAL_HEALTHY
2026-03-15 08:00:00.440,0.00283,0.36464,0.19676,NORMAL_HEALTHY
2026-03-15 08:00:00.441,0.0953,0.33902,0.16181,NORMAL_HEALTHY
2026-03-15 08:00:00.442,0.09205,0.31292,0.21225,NORMAL_HEALTHY
2026-03-15 08:00:00.443,0.23137,0.35636,0.31196,NORMAL_HEALTHY
2026-03-15 08:00:00.444,0.24498,0.31783,0.27993,NORMAL_HEALTHY
2026-03-15 08:00:00.445,0.28313,0.18429,0.2604,NORMAL_HEALTHY
2026-03-15 08:00:00.446,0.31368,0.16832,0.26429,NORMAL_HEALTHY
2026-03-15 08:00:00.447,0.35448,0.1274,0.28043,NORMAL_HEALTHY
2026-03-15 08:00:00.448,0.41121,-0.00728,0.12316,NORMAL_HEALTHY
2026-03-15 08:00:00.449,0.40863,-0.05399,0.17366,NORMAL_HEALTHY
2026-03-15 08:00:00.450,0.29149,-0.12121,0.16621,NORMAL_HEALTHY
2026-03-15 08:00:00.451,0.36743,-0.11348,0.02058,NORMAL_HEALTHY
2026-03-15 08:00:00.452,0.2747,-0.11138,0.02317,NORMAL_HEALTHY
2026-03-15 08:00:00.453,0.27855,-0.16194,0.05969,NORMAL_HEALTHY
2026-03-15 08:00:00.454,0.2392,-0.23001,0.04746,NORMAL_HEALTHY
2026-03-15 08:00:00.455,0.18706,-0.21152,-0.05865,NORMAL_HEALTHY
2026-03-15 08:00:00.456,0.13363,-0.2645,-0.06106,NORMAL_HEALTHY
2026-03-15 08:00:00.457,0.20201,-0.29715,-0.13793,NORMAL_HEALTHY
2026-03-15 08:00:00.458,0.15086,-0.25573,-0.1289,NORMAL_HEALTHY
2026-03-15 08:00:00.459,0.09052,-0.27714,-0.06341,NORMAL_HEALTHY
2026-03-15 08:00:00.460,0.0339,-0.27361,-0.07175,NORMAL_HEALTHY
2026-03-15 08:00:00.461,-0.06881,-0.21986,-0.15499,NORMAL_HEALTHY
2026-03-15 08:00:00.462,-0.01221,-0.18047,-0.18088,NORMAL_HEALTHY
2026-03-15 08:00:00.463,-0.15409,-0.2193,-0.22043,NORMAL_HEALTHY
2026-03-15 08:00:00.464,-0.05513,-0.22109,-0.22203,NORMAL_HEALTHY
2026-03-15 08:00:00.465,-0.18575,-0.26762,-0.25302,NORMAL_HEALTHY
2026-03-15 08:00:00.466,-0.1732,-0.21657,-0.26194,NORMAL_HEALTHY
2026-03-15 08:00:00.467,-0.24255,-0.1109,-0.2021,NORMAL_HEALTHY
2026-03-15 08:00:00.468,-0.25221,-0.1602,-0.27381,NORMAL_HEALTHY
2026-03-15 08:00:00.469,-0.2544,-0.10269,-0.22367,NORMAL_HEALTHY
2026-03-15 08:00:00.470,-0.28359,-0.02099,-0.18327,NORMAL_HEALTHY
2026-03-15 08:00:00.471,-0.25366,-0.02325,-0.14428,NORMAL_HEALTHY
2026-03-15 08:00:00.472,-0.36088,0.06725,-0.09403,NORMAL_HEALTHY
2026-03-15 08:00:00.473,-0.32893,0.13171,-0.07447,NORMAL_HEALTHY
2026-03-15 08:00:00.474,-0.35133,0.12541,-0.10764,NORMAL_HEALTHY
2026-03-15 08:00:00.475,-0.39831,0.29775,-0.0646,NORMAL_HEALTHY
2026-03-15 08:00:00.476,-0.26672,0.24271,0.0324,NORMAL_HEALTHY
2026-03-15 08:00:00.477,-0.16058,0.32787,0.04955,NORMAL_HEALTHY
2026-03-15 08:00:00.478,-0.14737,0.33105,0.10827,NORMAL_HEALTHY
2026-03-15 08:00:00.479,0.00939,0.35714,0.18641,NORMAL_HEALTHY
2026-03-15 08:00:00.480,0.03314,0.392,0.20556,NORMAL_HEALTHY
2026-03-15 08:00:00.481,0.00613,0.35326,0.20816,NORMAL_HEALTHY
2026-03-15 08:00:00.482,0.11258,0.34396,0.29793,NORMAL_HEALTHY
2026-03-15 08:00:00.483,0.20243,0.30443,0.32888,NORMAL_HEALTHY
2026-03-15 08:00:00.484,0.26769,0.36504,0.29452,NORMAL_HEALTHY
2026-03-15 08:00:00.485,0.21195,0.24238,0.28433,NORMAL_HEALTHY
2026-03-15 08:00:00.486,0.39757,0.18969,0.25382,NORMAL_HEALTHY
2026-03-15 08:00:00.487,0.29311,0.09995,0.20899,NORMAL_HEALTHY
2026-03-15 08:00:00.488,0.3347,0.08084,0.27099,NORMAL_HEALTHY
2026-03-15 08:00:00.489,0.38165,-0.04673,0.19709,NORMAL_HEALTHY
2026-03-15 08:00:00.490,0.40983,-0.07054,0.14256,NORMAL_HEALTHY
2026-03-15 08:00:00.491,0.3302,-0.12234,0.13395,NORMAL_HEALTHY
2026-03-15 08:00:00.492,0.29596,-0.1102,0.04387,NORMAL_HEALTHY
2026-03-15 08:00:00.493,0.24751,-0.13059,0.02636,NORMAL_HEALTHY
2026-03-15 08:00:00.494,0.31957,-0.20564,0.01345,NORMAL_HEALTHY
2026-03-15 08:00:00.495,0.24162,-0.27064,-0.08761,NORMAL_HEALTHY
2026-03-15 08:00:00.496,0.07951,-0.17323,-0.07433,NORMAL_HEALTHY
2026-03-15 08:00:00.497,0.24433,-0.26283,-0.075,NORMAL_HEALTHY
2026-03-15 08:00:00.498,0.1544,-0.16158,-0.03333,NORMAL_HEALTHY
2026-03-15 08:00:00.499,0.09895,-0.20787,-0.10658,NORMAL_HEALTHY
2026-03-15 08:00:00.500,0.03892,-0.2763,-0.17589,NORMAL_HEALTHY
2026-03-15 08:00:00.501,-0.0387,-0.25863,-0.18133,NORMAL_HEALTHY
2026-03-15 08:00:00.502,-0.04248,-0.20624,-0.1789,NORMAL_HEALTHY
2026-03-15 08:00:00.503,-0.04255,-0.28737,-0.20349,NORMAL_HEALTHY
2026-03-15 08:00:00.504,-0.19164,-0.30622,-0.21213,NORMAL_HEALTHY
2026-03-15 08:00:00.505,-0.20107,-0.14604,-0.19694,NORMAL_HEALTHY
2026-03-15 08:00:00.506,-0.28443,-0.10986,-0.18256,NORMAL_HEALTHY
2026-03-15 08:00:00.507,-0.24027,-0.17092,-0.26084,NORMAL_HEALTHY
2026-03-15 08:00:00.508,-0.32062,-0.08176,-0.15809,NORMAL_HEALTHY
2026-03-15 08:00:00.509,-0.25231,-0.10976,-0.25408,NORMAL_HEALTHY
2026-03-15 08:00:00.510,-0.34296,-0.11978,-0.18792,NORMAL_HEALTHY
2026-03-15 08:00:00.511,-0.36929,-0.01571,-0.23257,NORMAL_HEALTHY
2026-03-15 08:00:00.512,-0.33805,0.03319,-0.18847,NORMAL_HEALTHY
2026-03-15 08:00:00.513,-0.49794,0.10766,-0.04998,NORMAL_HEALTHY
2026-03-15 08:00:00.514,-0.25002,0.14165,-0.09215,NORMAL_HEALTHY
2026-03-15 08:00:00.515,-0.27655,0.16793,-0.01542,NORMAL_HEALTHY
2026-03-15 08:00:00.516,-0.21735,0.30662,0.01814,NORMAL_HEALTHY
2026-03-15 08:00:00.517,-0.21155,0.25399,0.04102,NORMAL_HEALTHY
2026-03-15 08:00:00.518,-0.15034,0.33465,0.14895,NORMAL_HEALTHY
2026-03-15 08:00:00.519,-0.11113,0.39972,0.1512,NORMAL_HEALTHY
2026-03-15 08:00:00.520,-0.00107,0.31037,0.11438,NORMAL_HEALTHY
2026-03-15 08:00:00.521,0.11518,0.36759,0.22111,NORMAL_HEALTHY
2026-03-15 08:00:00.522,0.14236,0.34097,0.19991,NORMAL_HEALTHY
2026-03-15 08:00:00.523,0.17492,0.32506,0.22541,NORMAL_HEALTHY
2026-03-15 08:00:00.524,0.27033,0.19682,0.29105,NORMAL_HEALTHY
2026-03-15 08:00:00.525,0.29821,0.14172,0.31175,NORMAL_HEALTHY
2026-03-15 08:00:00.526,0.29636,0.12664,0.26569,NORMAL_HEALTHY
2026-03-15 08:00:00.527,0.41176,0.06566,0.24092,NORMAL_HEALTHY
2026-03-15 08:00:00.528,0.38517,0.08529,0.21872,NORMAL_HEALTHY
2026-03-15 08:00:00.529,0.34356,-0.03107,0.18454,NORMAL_HEALTHY
2026-03-15 08:00:00.530,0.29639,-0.16878,0.16253,NORMAL_HEALTHY
2026-03-15 08:00:00.531,0.37466,-0.1894,0.07592,NORMAL_HEALTHY
2026-03-15 08:00:00.532,0.33297,-0.04059,0.07566,NORMAL_HEALTHY
2026-03-15 08:00:00.533,0.23298,-0.16907,0.08753,NORMAL_HEALTHY
2026-03-15 08:00:00.534,0.20093,-0.22262,-0.01131,NORMAL_HEALTHY
2026-03-15 08:00:00.535,0.14732,-0.20515,0.03088,NORMAL_HEALTHY
2026-03-15 08:00:00.536,0.17195,-0.23762,-0.06522,NORMAL_HEALTHY
2026-03-15 08:00:00.537,0.03826,-0.20131,-0.08418,NORMAL_HEALTHY
2026-03-15 08:00:00.538,0.06827,-0.11113,-0.09502,NORMAL_HEALTHY
2026-03-15 08:00:00.539,0.00094,-0.26952,-0.08713,NORMAL_HEALTHY
2026-03-15 08:00:00.540,0.00566,-0.314,-0.11508,NORMAL_HEALTHY
2026-03-15 08:00:00.541,-0.07194,-0.17178,-0.12766,NORMAL_HEALTHY
2026-03-15 08:00:00.542,-0.09966,-0.19239,-0.17962,NORMAL_HEALTHY
2026-03-15 08:00:00.543,-0.07378,-0.21824,-0.22633,NORMAL_HEALTHY
2026-03-15 08:00:00.544,-0.18797,-0.18312,-0.22096,NORMAL_HEALTHY
2026-03-15 08:00:00.545,-0.21517,-0.25096,-0.20419,NORMAL_HEALTHY
2026-03-15 08:00:00.546,-0.1301,-0.23403,-0.22445,NORMAL_HEALTHY
2026-03-15 08:00:00.547,-0.19877,-0.16468,-0.21143,NORMAL_HEALTHY
2026-03-15 08:00:00.548,-0.35513,-0.10983,-0.2306,NORMAL_HEALTHY
2026-03-15 08:00:00.549,-0.28018,-0.03852,-0.12426,NORMAL_HEALTHY
2026-03-15 08:00:00.550,-0.32102,-0.03078,-0.19242,NORMAL_HEALTHY
2026-03-15 08:00:00.551,-0.37957,0.01848,-0.18709,NORMAL_HEALTHY
2026-03-15 08:00:00.552,-0.35531,0.11183,-0.18275,NORMAL_HEALTHY
2026-03-15 08:00:00.553,-0.29733,0.16481,-0.11614,NORMAL_HEALTHY
2026-03-15 08:00:00.554,-0.43918,0.13524,-0.02568,NORMAL_HEALTHY
2026-03-15 08:00:00.555,-0.30113,0.16789,-0.04365,NORMAL_HEALTHY
2026-03-15 08:00:00.556,-0.21362,0.27771,0.01328,NORMAL_HEALTHY
2026-03-15 08:00:00.557,-0.21971,0.27465,0.03768,NORMAL_HEALTHY
2026-03-15 08:00:00.558,-0.05825,0.30534,0.15958,NORMAL_HEALTHY
2026-03-15 08:00:00.559,0.00509,0.37871,0.14558,NORMAL_HEALTHY
2026-03-15 08:00:00.560,0.02019,0.3411,0.1676,NORMAL_HEALTHY
2026-03-15 08:00:00.561,0.08719,0.28617,0.27252,NORMAL_HEALTHY
2026-03-15 08:00:00.562,0.11578,0.32759,0.26451,NORMAL_HEALTHY
2026-03-15 08:00:00.563,0.18842,0.31624,0.25268,NORMAL_HEALTHY
2026-03-15 08:00:00.564,0.29922,0.19727,0.27915,NORMAL_HEALTHY
2026-03-15 08:00:00.565,0.39693,0.16785,0.24727,NORMAL_HEALTHY
2026-03-15 08:00:00.566,0.35878,0.16871,0.27094,NORMAL_HEALTHY
2026-03-15 08:00:00.567,0.37879,0.13581,0.2776,NORMAL_HEALTHY
2026-03-15 08:00:00.568,0.38422,0.04558,0.23609,NORMAL_HEALTHY
2026-03-15 08:00:00.569,0.45691,-0.00154,0.14742,NORMAL_HEALTHY
2026-03-15 08:00:00.570,0.40535,-0.04974,0.07121,NORMAL_HEALTHY
2026-03-15 08:00:00.571,0.37184,-0.11173,0.10809,NORMAL_HEALTHY
2026-03-15 08:00:00.572,0.31861,-0.11994,0.09976,NORMAL_HEALTHY
2026-03-15 08:00:00.573,0.2476,-0.13949,0.03033,NORMAL_HEALTHY
2026-03-15 08:00:00.574,0.27017,-0.1625,-0.02716,NORMAL_HEALTHY
2026-03-15 08:00:00.575,0.24929,-0.23314,0.0023,NORMAL_HEALTHY
2026-03-15 08:00:00.576,0.17416,-0.14877,-0.06283,NORMAL_HEALTHY
2026-03-15 08:00:00.577,0.09896,-0.23967,-0.09207,NORMAL_HEALTHY
2026-03-15 08:00:00.578,0.11729,-0.31553,-0.14236,NORMAL_HEALTHY
2026-03-15 08:00:00.579,-0.01486,-0.21101,-0.06745,NORMAL_HEALTHY
2026-03-15 08:00:00.580,-0.00522,-0.26005,-0.1448,NORMAL_HEALTHY
2026-03-15 08:00:00.581,0.01957,-0.29081,-0.15712,NORMAL_HEALTHY
2026-03-15 08:00:00.582,-0.02854,-0.22554,-0.17536,NORMAL_HEALTHY
2026-03-15 08:00:00.583,-0.06637,-0.35373,-0.17299,NORMAL_HEALTHY
2026-03-15 08:00:00.584,-0.1885,-0.30469,-0.19135,NORMAL_HEALTHY
2026-03-15 08:00:00.585,-0.1263,-0.21621,-0.18566,NORMAL_HEALTHY
2026-03-15 08:00:00.586,-0.15261,-0.13277,-0.1679,NORMAL_HEALTHY
2026-03-15 08:00:00.587,-0.23227,-0.15809,-0.28333,NORMAL_HEALTHY
2026-03-15 08:00:00.588,-0.31431,-0.16387,-0.14806,NORMAL_HEALTHY
2026-03-15 08:00:00.589,-0.33826,-0.08374,-0.19559,NORMAL_HEALTHY
2026-03-15 08:00:00.590,-0.34782,0.02741,-0.22102,NORMAL_HEALTHY
2026-03-15 08:00:00.591,-0.35218,-0.02746,-0.22295,NORMAL_HEALTHY
2026-03-15 08:00:00.592,-0.39432,0.05426,-0.16255,NORMAL_HEALTHY
2026-03-15 08:00:00.593,-0.38895,0.04906,-0.11492,NORMAL_HEALTHY
2026-03-15 08:00:00.594,-0.40832,0.19338,-0.06819,NORMAL_HEALTHY
2026-03-15 08:00:00.595,-0.37286,0.19722,-0.05231,NORMAL_HEALTHY
2026-03-15 08:00:00.596,-0.2397,0.31144,-0.04399,NORMAL_HEALTHY
2026-03-15 08:00:00.597,-0.19562,0.2845,0.09346,NORMAL_HEALTHY
2026-03-15 08:00:00.598,-0.12835,0.28708,0.10581,NORMAL_HEALTHY
2026-03-15 08:00:00.599,-0.11078,0.38201,0.16144,NORMAL_HEALTHY
2026-03-15 08:00:00.600,0.09506,0.33955,0.17443,NORMAL_HEALTHY
2026-03-15 08:00:00.601,-0.00471,0.25964,0.17551,NORMAL_HEALTHY
2026-03-15 08:00:00.602,0.15237,0.34066,0.19925,NORMAL_HEALTHY
2026-03-15 08:00:00.603,0.24612,0.27077,0.27444,NORMAL_HEALTHY
2026-03-15 08:00:00.604,0.33627,0.29259,0.26533,NORMAL_HEALTHY
2026-03-15 08:00:00.605,0.25543,0.11891,0.24582,NORMAL_HEALTHY
2026-03-15 08:00:00.606,0.32253,0.11912,0.25407,NORMAL_HEALTHY
2026-03-15 08:00:00.607,0.35817,0.09928,0.21601,NORMAL_HEALTHY
2026-03-15 08:00:00.608,0.37216,0.07461,0.17438,NORMAL_HEALTHY
2026-03-15 08:00:00.609,0.43246,-9e-05,0.18218,NORMAL_HEALTHY
2026-03-15 08:00:00.610,0.38541,-0.03471,0.18061,NORMAL_HEALTHY
2026-03-15 08:00:00.611,0.34382,-0.11501,0.12392,NORMAL_HEALTHY
2026-03-15 08:00:00.612,0.24482,-0.12342,0.07377,NORMAL_HEALTHY
2026-03-15 08:00:00.613,0.25897,-0.16675,-0.02645,NORMAL_HEALTHY
2026-03-15 08:00:00.614,0.20579,-0.18471,0.01118,NORMAL_HEALTHY
2026-03-15 08:00:00.615,0.1436,-0.15657,-0.0563,NORMAL_HEALTHY
2026-03-15 08:00:00.616,0.20427,-0.20874,-0.07763,NORMAL_HEALTHY
2026-03-15 08:00:00.617,0.20519,-0.28957,-0.04929,NORMAL_HEALTHY
2026-03-15 08:00:00.618,0.12733,-0.27534,-0.05674,NORMAL_HEALTHY
2026-03-15 08:00:00.619,0.02603,-0.23913,-0.11821,NORMAL_HEALTHY
2026-03-15 08:00:00.620,-0.00672,-0.21842,-0.11948,NORMAL_HEALTHY
2026-03-15 08:00:00.621,-0.12596,-0.19596,-0.22365,NORMAL_HEALTHY
2026-03-15 08:00:00.622,-0.02567,-0.19895,-0.22018,NORMAL_HEALTHY
2026-03-15 08:00:00.623,-0.13696,-0.28584,-0.20423,NORMAL_HEALTHY
2026-03-15 08:00:00.624,-0.1712,-0.19376,-0.16338,NORMAL_HEALTHY
2026-03-15 08:00:00.625,-0.1252,-0.23426,-0.22634,NORMAL_HEALTHY
2026-03-15 08:00:00.626,-0.3174,-0.22291,-0.19153,NORMAL_HEALTHY
2026-03-15 08:00:00.627,-0.1886,-0.21375,-0.248,NORMAL_HEALTHY
2026-03-15 08:00:00.628,-0.30333,-0.11613,-0.25238,NORMAL_HEALTHY
2026-03-15 08:00:00.629,-0.30826,-0.10912,-0.2154,NORMAL_HEALTHY
2026-03-15 08:00:00.630,-0.32269,-0.04435,-0.2145,NORMAL_HEALTHY
2026-03-15 08:00:00.631,-0.36739,0.00034,-0.1897,NORMAL_HEALTHY
2026-03-15 08:00:00.632,-0.37667,0.12377,-0.12789,NORMAL_HEALTHY
2026-03-15 08:00:00.633,-0.3691,0.13845,-0.12369,NORMAL_HEALTHY
2026-03-15 08:00:00.634,-0.27443,0.17679,-0.07483,NORMAL_HEALTHY
2026-03-15 08:00:00.635,-0.2776,0.1436,-0.06542,NORMAL_HEALTHY
2026-03-15 08:00:00.636,-0.31535,0.26055,0.08228,NORMAL_HEALTHY
2026-03-15 08:00:00.637,-0.08981,0.31842,0.08749,NORMAL_HEALTHY
2026-03-15 08:00:00.638,-0.22907,0.29598,0.0894,NORMAL_HEALTHY
2026-03-15 08:00:00.639,-0.10202,0.32913,0.14417,NORMAL_HEALTHY
2026-03-15 08:00:00.640,-0.09896,0.37391,0.16168,NORMAL_HEALTHY
2026-03-15 08:00:00.641,0.08294,0.42443,0.19878,NORMAL_HEALTHY
2026-03-15 08:00:00.642,0.0125,0.30689,0.29313,NORMAL_HEALTHY
2026-03-15 08:00:00.643,0.29929,0.23905,0.28669,NORMAL_HEALTHY
2026-03-15 08:00:00.644,0.23239,0.24997,0.36728,NORMAL_HEALTHY
2026-03-15 08:00:00.645,0.22484,0.22115,0.28736,NORMAL_HEALTHY
2026-03-15 08:00:00.646,0.38738,0.16524,0.26945,NORMAL_HEALTHY
2026-03-15 08:00:00.647,0.33474,0.12027,0.22675,NORMAL_HEALTHY
2026-03-15 08:00:00.648,0.39481,0.04012,0.22575,NORMAL_HEALTHY
2026-03-15 08:00:00.649,0.36045,0.05196,0.17973,NORMAL_HEALTHY
2026-03-15 08:00:00.650,0.26135,0.00901,0.11555,NORMAL_HEALTHY
2026-03-15 08:00:00.651,0.29678,-0.1143,0.15937,NORMAL_HEALTHY
2026-03-15 08:00:00.652,0.19523,0.00532,0.11189,NORMAL_HEALTHY
2026-03-15 08:00:00.653,0.28054,-0.16363,0.04941,NORMAL_HEALTHY
2026-03-15 08:00:00.654,0.25928,-0.16123,0.02503,NORMAL_HEALTHY
2026-03-15 08:00:00.655,0.19947,-0.21875,-0.03128,NORMAL_HEALTHY
2026-03-15 08:00:00.656,0.14605,-0.17871,-0.03424,NORMAL_HEALTHY
2026-03-15 08:00:00.657,-0.0306,-0.21097,-0.07464,NORMAL_HEALTHY
2026-03-15 08:00:00.658,0.07636,-0.26335,-0.06613,NORMAL_HEALTHY
2026-03-15 08:00:00.659,0.0859,-0.28424,-0.11308,NORMAL_HEALTHY
2026-03-15 08:00:00.660,-0.04858,-0.31151,-0.16919,NORMAL_HEALTHY
2026-03-15 08:00:00.661,0.00459,-0.21089,-0.14751,NORMAL_HEALTHY
2026-03-15 08:00:00.662,-0.04104,-0.2249,-0.20445,NORMAL_HEALTHY
2026-03-15 08:00:00.663,-0.09483,-0.20483,-0.17031,NORMAL_HEALTHY
2026-03-15 08:00:00.664,-0.09635,-0.19679,-0.19694,NORMAL_HEALTHY
2026-03-15 08:00:00.665,-0.14148,-0.21149,-0.24988,NORMAL_HEALTHY
2026-03-15 08:00:00.666,-0.24138,-0.22031,-0.24893,NORMAL_HEALTHY
2026-03-15 08:00:00.667,-0.2766,-0.19497,-0.23804,NORMAL_HEALTHY
2026-03-15 08:00:00.668,-0.39669,-0.11897,-0.224,NORMAL_HEALTHY
2026-03-15 08:00:00.669,-0.37032,-0.06096,-0.18208,NORMAL_HEALTHY
2026-03-15 08:00:00.670,-0.43038,-0.07704,-0.22615,NORMAL_HEALTHY
2026-03-15 08:00:00.671,-0.40891,0.03935,-0.18354,NORMAL_HEALTHY
2026-03-15 08:00:00.672,-0.37695,-0.02933,-0.12529,NORMAL_HEALTHY
2026-03-15 08:00:00.673,-0.41629,0.11138,-0.1023,NORMAL_HEALTHY
2026-03-15 08:00:00.674,-0.26505,0.10545,-0.17675,NORMAL_HEALTHY
2026-03-15 08:00:00.675,-0.29079,0.28689,0.01738,NORMAL_HEALTHY
2026-03-15 08:00:00.676,-0.24517,0.23358,0.04989,NORMAL_HEALTHY
2026-03-15 08:00:00.677,-0.25005,0.31155,0.08765,NORMAL_HEALTHY
2026-03-15 08:00:00.678,-0.086,0.43633,0.13071,NORMAL_HEALTHY
2026-03-15 08:00:00.679,-0.09642,0.33519,0.09877,NORMAL_HEALTHY
2026-03-15 08:00:00.680,-0.03474,0.32473,0.18088,NORMAL_HEALTHY
2026-03-15 08:00:00.681,0.07859,0.30133,0.27019,NORMAL_HEALTHY
2026-03-15 08:00:00.682,0.13903,0.31865,0.24312,NORMAL_HEALTHY
2026-03-15 08:00:00.683,0.20913,0.32637,0.23896,NORMAL_HEALTHY
2026-03-15 08:00:00.684,0.22275,0.24156,0.22762,NORMAL_HEALTHY
2026-03-15 08:00:00.685,0.25902,0.19012,0.30159,NORMAL_HEALTHY
2026-03-15 08:00:00.686,0.34621,0.1693,0.28845,NORMAL_HEALTHY
2026-03-15 08:00:00.687,0.34746,0.12543,0.23515,NORMAL_HEALTHY
2026-03-15 08:00:00.688,0.377,0.03106,0.12719,NORMAL_HEALTHY
2026-03-15 08:00:00.689,0.3552,0.06457,0.21394,NORMAL_HEALTHY
2026-03-15 08:00:00.690,0.39827,0.00791,0.15036,NORMAL_HEALTHY
2026-03-15 08:00:00.691,0.33933,-0.11523,0.1002,NORMAL_HEALTHY
2026-03-15 08:00:00.692,0.3328,-0.07687,0.07005,NORMAL_HEALTHY
2026-03-15 08:00:00.693,0.24687,-0.16127,0.06045,NORMAL_HEALTHY
2026-03-15 08:00:00.694,0.16103,-0.28624,-0.01369,NORMAL_HEALTHY
2026-03-15 08:00:00.695,0.13395,-0.23196,-0.03116,NORMAL_HEALTHY
2026-03-15 08:00:00.696,0.13313,-0.16516,-0.04357,NORMAL_HEALTHY
2026-03-15 08:00:00.697,0.13145,-0.2124,-0.12132,NORMAL_HEALTHY
2026-03-15 08:00:00.698,0.12925,-0.25006,-0.08201,NORMAL_HEALTHY
2026-03-15 08:00:00.699,-0.01506,-0.31743,-0.0987,NORMAL_HEALTHY
2026-03-15 08:00:00.700,0.01882,-0.29121,-0.17769,NORMAL_HEALTHY
2026-03-15 08:00:00.701,0.01774,-0.30195,-0.10797,NORMAL_HEALTHY
2026-03-15 08:00:00.702,-0.12233,-0.21971,-0.1935,NORMAL_HEALTHY
2026-03-15 08:00:00.703,-0.08626,-0.26197,-0.20241,NORMAL_HEALTHY
2026-03-15 08:00:00.704,-0.15375,-0.26949,-0.18331,NORMAL_HEALTHY
2026-03-15 08:00:00.705,-0.22065,-0.22008,-0.25382,NORMAL_HEALTHY
2026-03-15 08:00:00.706,-0.36134,-0.19677,-0.14086,NORMAL_HEALTHY
2026-03-15 08:00:00.707,-0.23015,-0.16211,-0.23646,NORMAL_HEALTHY
2026-03-15 08:00:00.708,-0.30089,-0.10478,-0.26537,NORMAL_HEALTHY
2026-03-15 08:00:00.709,-0.27375,-0.05858,-0.18976,NORMAL_HEALTHY
2026-03-15 08:00:00.710,-0.32808,-0.04379,-0.17568,NORMAL_HEALTHY
2026-03-15 08:00:00.711,-0.33232,-0.01095,-0.19683,NORMAL_HEALTHY
2026-03-15 08:00:00.712,-0.35864,0.12166,-0.19089,NORMAL_HEALTHY
2026-03-15 08:00:00.713,-0.4277,0.11583,-0.11023,NORMAL_HEALTHY
2026-03-15 08:00:00.714,-0.32442,0.17144,-0.07888,NORMAL_HEALTHY
2026-03-15 08:00:00.715,-0.22549,0.14233,-0.05498,NORMAL_HEALTHY
2026-03-15 08:00:00.716,-0.26082,0.18464,0.01549,NORMAL_HEALTHY
2026-03-15 08:00:00.717,-0.1183,0.29219,0.07803,NORMAL_HEALTHY
2026-03-15 08:00:00.718,-0.20202,0.29285,0.10384,NORMAL_HEALTHY
2026-03-15 08:00:00.719,-0.08686,0.39075,0.18021,NORMAL_HEALTHY
2026-03-15 08:00:00.720,-0.05557,0.3526,0.21667,NORMAL_HEALTHY
2026-03-15 08:00:00.721,0.12798,0.40345,0.19543,NORMAL_HEALTHY
2026-03-15 08:00:00.722,0.09847,0.26559,0.2464,NORMAL_HEALTHY
2026-03-15 08:00:00.723,0.22469,0.33327,0.26665,NORMAL_HEALTHY
2026-03-15 08:00:00.724,0.23966,0.26092,0.2455,NORMAL_HEALTHY
2026-03-15 08:00:00.725,0.40446,0.14204,0.27745,NORMAL_HEALTHY
2026-03-15 08:00:00.726,0.43427,0.16137,0.25202,NORMAL_HEALTHY
2026-03-15 08:00:00.727,0.33645,0.10117,0.28681,NORMAL_HEALTHY
2026-03-15 08:00:00.728,0.25314,0.121,0.16271,NORMAL_HEALTHY
2026-03-15 08:00:00.729,0.34858,-0.01414,0.20212,NORMAL_HEALTHY
2026-03-15 08:00:00.730,0.27009,-0.02498,0.21811,NORMAL_HEALTHY
2026-03-15 08:00:00.731,0.26131,-0.08092,0.08809,NORMAL_HEALTHY
2026-03-15 08:00:00.732,0.32331,-0.12722,0.05248,NORMAL_HEALTHY
2026-03-15 08:00:00.733,0.29377,-0.08461,0.03273,NORMAL_HEALTHY
2026-03-15 08:00:00.734,0.26921,-0.24362,-0.02789,NORMAL_HEALTHY
2026-03-15 08:00:00.735,0.21861,-0.14729,-0.01354,NORMAL_HEALTHY
2026-03-15 08:00:00.736,0.14014,-0.22692,-0.09877,NORMAL_HEALTHY
2026-03-15 08:00:00.737,0.14665,-0.20135,-0.09728,NORMAL_HEALTHY
2026-03-15 08:00:00.738,0.0538,-0.23554,-0.12076,NORMAL_HEALTHY
2026-03-15 08:00:00.739,0.03522,-0.16216,-0.13597,NORMAL_HEALTHY
2026-03-15 08:00:00.740,-0.01792,-0.2804,-0.12121,NORMAL_HEALTHY
2026-03-15 08:00:00.741,-0.04759,-0.27899,-0.11922,NORMAL_HEALTHY
2026-03-15 08:00:00.742,-0.00632,-0.27235,-0.24733,NORMAL_HEALTHY
2026-03-15 08:00:00.743,-0.06605,-0.26794,-0.16904,NORMAL_HEALTHY
2026-03-15 08:00:00.744,-0.2543,-0.18896,-0.25163,NORMAL_HEALTHY
2026-03-15 08:00:00.745,-0.15845,-0.20976,-0.2524,NORMAL_HEALTHY
2026-03-15 08:00:00.746,-0.25358,-0.15949,-0.22159,NORMAL_HEALTHY
2026-03-15 08:00:00.747,-0.24016,-0.07729,-0.28201,NORMAL_HEALTHY
2026-03-15 08:00:00.748,-0.22115,-0.1236,-0.2555,NORMAL_HEALTHY
2026-03-15 08:00:00.749,-0.39598,-0.09702,-0.18264,NORMAL_HEALTHY
2026-03-15 08:00:00.750,-0.35638,0.0196,-0.25002,NORMAL_HEALTHY
2026-03-15 08:00:00.751,-0.36252,-0.04913,-0.16402,NORMAL_HEALTHY
2026-03-15 08:00:00.752,-0.31938,0.03795,-0.23867,NORMAL_HEALTHY
2026-03-15 08:00:00.753,-0.34438,0.12739,-0.09786,NORMAL_HEALTHY
2026-03-15 08:00:00.754,-0.2713,0.11556,-0.04726,NORMAL_HEALTHY
2026-03-15 08:00:00.755,-0.24036,0.13477,-0.0148,NORMAL_HEALTHY
2026-03-15 08:00:00.756,-0.28086,0.25101,0.03381,NORMAL_HEALTHY
2026-03-15 08:00:00.757,-0.22573,0.26259,0.07116,NORMAL_HEALTHY
2026-03-15 08:00:00.758,-0.19338,0.27289,0.14075,NORMAL_HEALTHY
2026-03-15 08:00:00.759,-0.12842,0.3646,0.17688,NORMAL_HEALTHY
2026-03-15 08:00:00.760,-0.08629,0.31333,0.24102,NORMAL_HEALTHY
2026-03-15 08:00:00.761,0.02192,0.31654,0.24713,NORMAL_HEALTHY
2026-03-15 08:00:00.762,0.17818,0.30835,0.23368,NORMAL_HEALTHY
2026-03-15 08:00:00.763,0.27249,0.36521,0.30357,NORMAL_HEALTHY
2026-03-15 08:00:00.764,0.25992,0.22012,0.24566,NORMAL_HEALTHY
2026-03-15 08:00:00.765,0.32611,0.22815,0.32004,NORMAL_HEALTHY
2026-03-15 08:00:00.766,0.36561,0.0972,0.29549,NORMAL_HEALTHY
2026-03-15 08:00:00.767,0.30442,0.09251,0.24751,NORMAL_HEALTHY
2026-03-15 08:00:00.768,0.46351,0.188,0.23378,NORMAL_HEALTHY
2026-03-15 08:00:00.769,0.35275,0.02681,0.21259,NORMAL_HEALTHY
2026-03-15 08:00:00.770,0.33397,0.03167,0.15531,NORMAL_HEALTHY
2026-03-15 08:00:00.771,0.35435,-0.06068,0.12602,NORMAL_HEALTHY
2026-03-15 08:00:00.772,0.34396,-0.15427,0.05539,NORMAL_HEALTHY
2026-03-15 08:00:00.773,0.21437,-0.14261,0.06667,NORMAL_HEALTHY
2026-03-15 08:00:00.774,0.25611,-0.11749,0.00539,NORMAL_HEALTHY
2026-03-15 08:00:00.775,0.22842,-0.25676,-0.03953,NORMAL_HEALTHY
2026-03-15 08:00:00.776,0.19057,-0.19081,-0.0653,NORMAL_HEALTHY
2026-03-15 08:00:00.777,0.11284,-0.30335,-0.09395,NORMAL_HEALTHY
2026-03-15 08:00:00.778,0.12182,-0.22239,-0.08796,NORMAL_HEALTHY
2026-03-15 08:00:00.779,0.04102,-0.2511,-0.15043,NORMAL_HEALTHY
2026-03-15 08:00:00.780,0.03494,-0.23498,-0.13003,NORMAL_HEALTHY
2026-03-15 08:00:00.781,-0.06483,-0.34291,-0.12706,NORMAL_HEALTHY
2026-03-15 08:00:00.782,-0.10124,-0.2835,-0.15773,NORMAL_HEALTHY
2026-03-15 08:00:00.783,-0.13602,-0.1938,-0.17512,NORMAL_HEALTHY
2026-03-15 08:00:00.784,-0.12162,-0.28495,-0.16682,NORMAL_HEALTHY
2026-03-15 08:00:00.785,-0.18192,-0.22606,-0.214,NORMAL_HEALTHY
2026-03-15 08:00:00.786,-0.32204,-0.17129,-0.26133,NORMAL_HEALTHY
2026-03-15 08:00:00.787,-0.33701,-0.22599,-0.18832,NORMAL_HEALTHY
2026-03-15 08:00:00.788,-0.33347,-0.06285,-0.2428,NORMAL_HEALTHY
2026-03-15 08:00:00.789,-0.41484,-0.13643,-0.17164,NORMAL_HEALTHY
2026-03-15 08:00:00.790,-0.35779,-0.06793,-0.19363,NORMAL_HEALTHY
2026-03-15 08:00:00.791,-0.33683,0.05159,-0.12605,NORMAL_HEALTHY
2026-03-15 08:00:00.792,-0.38172,-0.00053,-0.162,NORMAL_HEALTHY
2026-03-15 08:00:00.793,-0.34131,0.06787,-0.14551,NORMAL_HEALTHY
2026-03-15 08:00:00.794,-0.3159,0.15901,-0.06992,NORMAL_HEALTHY
2026-03-15 08:00:00.795,-0.33791,0.20057,-0.05833,NORMAL_HEALTHY
2026-03-15 08:00:00.796,-0.21115,0.29847,-0.04297,NORMAL_HEALTHY
2026-03-15 08:00:00.797,-0.24785,0.2277,0.04721,NORMAL_HEALTHY
2026-03-15 08:00:00.798,-0.14319,0.25743,0.08471,NORMAL_HEALTHY
2026-03-15 08:00:00.799,-0.12117,0.34509,0.16312,NORMAL_HEALTHY
2026-03-15 08:00:00.800,-0.03609,0.34964,0.18009,NORMAL_HEALTHY
2026-03-15 08:00:00.801,0.05739,0.4074,0.27787,NORMAL_HEALTHY
2026-03-15 08:00:00.802,0.07404,0.35431,0.28299,NORMAL_HEALTHY
2026-03-15 08:00:00.803,0.14396,0.3261,0.32313,NORMAL_HEALTHY
2026-03-15 08:00:00.804,0.19953,0.21548,0.31035,NORMAL_HEALTHY
2026-03-15 08:00:00.805,0.31356,0.2338,0.28291,NORMAL_HEALTHY
2026-03-15 08:00:00.806,0.35262,0.1047,0.29532,NORMAL_HEALTHY
2026-03-15 08:00:00.807,0.41281,0.09908,0.23724,NORMAL_HEALTHY
2026-03-15 08:00:00.808,0.28717,0.07769,0.23257,NORMAL_HEALTHY
2026-03-15 08:00:00.809,0.3588,0.05188,0.16983,NORMAL_HEALTHY
2026-03-15 08:00:00.810,0.37823,-0.08796,0.14643,NORMAL_HEALTHY
2026-03-15 08:00:00.811,0.32075,-0.0794,0.09833,NORMAL_HEALTHY
2026-03-15 08:00:00.812,0.29544,-0.09293,0.05964,NORMAL_HEALTHY
2026-03-15 08:00:00.813,0.18905,-0.08693,0.08776,NORMAL_HEALTHY
2026-03-15 08:00:00.814,0.16861,-0.15934,-0.01202,NORMAL_HEALTHY
2026-03-15 08:00:00.815,0.20816,-0.19786,-0.03419,NORMAL_HEALTHY
2026-03-15 08:00:00.816,0.11661,-0.25624,-0.08708,NORMAL_HEALTHY
2026-03-15 08:00:00.817,0.07483,-0.2417,-0.10651,NORMAL_HEALTHY
2026-03-15 08:00:00.818,0.1114,-0.18363,-0.12578,NORMAL_HEALTHY
2026-03-15 08:00:00.819,0.0505,-0.23016,-0.1108,NORMAL_HEALTHY
2026-03-15 08:00:00.820,0.0038,-0.22131,-0.13038,NORMAL_HEALTHY
2026-03-15 08:00:00.821,-0.10041,-0.21446,-0.13441,NORMAL_HEALTHY
2026-03-15 08:00:00.822,-0.11546,-0.24522,-0.15808,NORMAL_HEALTHY
2026-03-15 08:00:00.823,-0.12689,-0.19324,-0.11398,NORMAL_HEALTHY
2026-03-15 08:00:00.824,-0.19509,-0.28559,-0.19861,NORMAL_HEALTHY
2026-03-15 08:00:00.825,-0.15891,-0.22018,-0.16815,NORMAL_HEALTHY
2026-03-15 08:00:00.826,-0.30016,-0.15921,-0.2465,NORMAL_HEALTHY
2026-03-15 08:00:00.827,-0.18341,-0.07661,-0.25409,NORMAL_HEALTHY
2026-03-15 08:00:00.828,-0.32949,-0.0915,-0.2376,NORMAL_HEALTHY
2026-03-15 08:00:00.829,-0.33174,-0.0879,-0.28208,NORMAL_HEALTHY
2026-03-15 08:00:00.830,-0.35069,-0.07394,-0.21649,NORMAL_HEALTHY
2026-03-15 08:00:00.831,-0.28973,-0.0493,-0.14829,NORMAL_HEALTHY
2026-03-15 08:00:00.832,-0.37768,0.04394,-0.11986,NORMAL_HEALTHY
2026-03-15 08:00:00.833,-0.33732,0.13308,-0.07812,NORMAL_HEALTHY
2026-03-15 08:00:00.834,-0.34965,0.13506,-0.10905,NORMAL_HEALTHY
2026-03-15 08:00:00.835,-0.34126,0.3357,0.01758,NORMAL_HEALTHY
2026-03-15 08:00:00.836,-0.32321,0.19827,0.03851,NORMAL_HEALTHY
2026-03-15 08:00:00.837,-0.17401,0.31463,0.06104,NORMAL_HEALTHY
2026-03-15 08:00:00.838,-0.14529,0.33298,0.11998,NORMAL_HEALTHY
2026-03-15 08:00:00.839,-0.18194,0.32651,0.13089,NORMAL_HEALTHY
2026-03-15 08:00:00.840,0.00876,0.469,0.21209,NORMAL_HEALTHY
2026-03-15 08:00:00.841,0.0553,0.37545,0.24785,NORMAL_HEALTHY
2026-03-15 08:00:00.842,0.16002,0.34483,0.32657,NORMAL_HEALTHY
2026-03-15 08:00:00.843,0.14483,0.31143,0.23688,NORMAL_HEALTHY
2026-03-15 08:00:00.844,0.28343,0.21543,0.26012,NORMAL_HEALTHY
2026-03-15 08:00:00.845,0.28523,0.25184,0.30313,NORMAL_HEALTHY
2026-03-15 08:00:00.846,0.2708,0.16341,0.23383,NORMAL_HEALTHY
2026-03-15 08:00:00.847,0.2914,0.09961,0.22796,NORMAL_HEALTHY
2026-03-15 08:00:00.848,0.48506,0.07423,0.16433,NORMAL_HEALTHY
2026-03-15 08:00:00.849,0.33368,0.04751,0.25462,NORMAL_HEALTHY
2026-03-15 08:00:00.850,0.2707,-0.12452,0.21274,NORMAL_HEALTHY
2026-03-15 08:00:00.851,0.34895,-0.12588,0.12997,NORMAL_HEALTHY
2026-03-15 08:00:00.852,0.17022,-0.12789,0.0864,NORMAL_HEALTHY
2026-03-15 08:00:00.853,0.31559,-0.20438,0.04241,NORMAL_HEALTHY
2026-03-15 08:00:00.854,0.18695,-0.1778,-0.02576,NORMAL_HEALTHY
2026-03-15 08:00:00.855,0.17458,-0.25269,-0.0032,NORMAL_HEALTHY
2026-03-15 08:00:00.856,0.19872,-0.23686,-0.05367,NORMAL_HEALTHY
2026-03-15 08:00:00.857,0.04399,-0.25158,-0.08322,NORMAL_HEALTHY
2026-03-15 08:00:00.858,0.20834,-0.2941,-0.05423,NORMAL_HEALTHY
2026-03-15 08:00:00.859,0.08837,-0.23947,-0.06577,NORMAL_HEALTHY
2026-03-15 08:00:00.860,0.01861,-0.23634,-0.14911,NORMAL_HEALTHY
2026-03-15 08:00:00.861,0.02265,-0.2048,-0.18736,NORMAL_HEALTHY
2026-03-15 08:00:00.862,-0.14326,-0.25546,-0.21,NORMAL_HEALTHY
2026-03-15 08:00:00.863,-0.1196,-0.18625,-0.21272,NORMAL_HEALTHY
2026-03-15 08:00:00.864,-0.15794,-0.22443,-0.17954,NORMAL_HEALTHY
2026-03-15 08:00:00.865,-0.30733,-0.23615,-0.21162,NORMAL_HEALTHY
2026-03-15 08:00:00.866,-0.17322,-0.20956,-0.29098,NORMAL_HEALTHY
2026-03-15 08:00:00.867,-0.23839,-0.18829,-0.2689,NORMAL_HEALTHY
2026-03-15 08:00:00.868,-0.33323,-0.13588,-0.24521,NORMAL_HEALTHY
2026-03-15 08:00:00.869,-0.43975,-0.05085,-0.17027,NORMAL_HEALTHY
2026-03-15 08:00:00.870,-0.31742,-0.09298,-0.20628,NORMAL_HEALTHY
2026-03-15 08:00:00.871,-0.36224,0.02955,-0.15336,NORMAL_HEALTHY
2026-03-15 08:00:00.872,-0.40044,0.05931,-0.13152,NORMAL_HEALTHY
2026-03-15 08:00:00.873,-0.28153,0.13877,-0.08439,NORMAL_HEALTHY
2026-03-15 08:00:00.874,-0.3289,0.22102,-0.05673,NORMAL_HEALTHY
2026-03-15 08:00:00.875,-0.34304,0.27001,-0.00156,NORMAL_HEALTHY
2026-03-15 08:00:00.876,-0.27781,0.23409,0.03202,NORMAL_HEALTHY
2026-03-15 08:00:00.877,-0.17821,0.29969,0.08086,NORMAL_HEALTHY
2026-03-15 08:00:00.878,-0.05402,0.36458,0.12365,NORMAL_HEALTHY
2026-03-15 08:00:00.879,-0.02391,0.2924,0.17462,NORMAL_HEALTHY
2026-03-15 08:00:00.880,0.09047,0.33286,0.16956,NORMAL_HEALTHY
2026-03-15 08:00:00.881,0.03837,0.28997,0.20349,NORMAL_HEALTHY
2026-03-15 08:00:00.882,0.12049,0.25931,0.25514,NORMAL_HEALTHY
2026-03-15 08:00:00.883,0.24648,0.25272,0.32248,NORMAL_HEALTHY
2026-03-15 08:00:00.884,0.28119,0.29827,0.2517,NORMAL_HEALTHY
2026-03-15 08:00:00.885,0.34271,0.16396,0.30214,NORMAL_HEALTHY
2026-03-15 08:00:00.886,0.34168,0.18459,0.21752,NORMAL_HEALTHY
2026-03-15 08:00:00.887,0.30957,0.13421,0.20557,NORMAL_HEALTHY
2026-03-15 08:00:00.888,0.38689,-0.00227,0.24223,NORMAL_HEALTHY
2026-03-15 08:00:00.889,0.30029,0.02757,0.20342,NORMAL_HEALTHY
2026-03-15 08:00:00.890,0.31516,-0.01989,0.15637,NORMAL_HEALTHY
2026-03-15 08:00:00.891,0.30253,-0.13184,0.04257,NORMAL_HEALTHY
2026-03-15 08:00:00.892,0.31949,-0.19454,0.07827,NORMAL_HEALTHY
2026-03-15 08:00:00.893,0.25621,-0.13243,0.02884,NORMAL_HEALTHY
2026-03-15 08:00:00.894,0.21675,-0.15755,0.01731,NORMAL_HEALTHY
2026-03-15 08:00:00.895,0.2108,-0.19042,-0.07973,NORMAL_HEALTHY
2026-03-15 08:00:00.896,0.19363,-0.20086,-0.09059,NORMAL_HEALTHY
2026-03-15 08:00:00.897,0.10422,-0.24052,-0.08617,NORMAL_HEALTHY
2026-03-15 08:00:00.898,0.09399,-0.186,-0.06762,NORMAL_HEALTHY
2026-03-15 08:00:00.899,-0.02708,-0.22496,-0.08081,NORMAL_HEALTHY
2026-03-15 08:00:00.900,0.01934,-0.20651,-0.07683,NORMAL_HEALTHY
2026-03-15 08:00:00.901,0.01266,-0.2408,-0.12889,NORMAL_HEALTHY
2026-03-15 08:00:00.902,-0.07005,-0.24582,-0.1943,NORMAL_HEALTHY
2026-03-15 08:00:00.903,-0.03825,-0.27363,-0.14308,NORMAL_HEALTHY
2026-03-15 08:00:00.904,-0.1308,-0.28636,-0.19637,NORMAL_HEALTHY
2026-03-15 08:00:00.905,-0.29999,-0.18378,-0.18803,NORMAL_HEALTHY
2026-03-15 08:00:00.906,-0.26284,-0.18341,-0.1569,NORMAL_HEALTHY
2026-03-15 08:00:00.907,-0.29467,-0.2063,-0.1754,NORMAL_HEALTHY
2026-03-15 08:00:00.908,-0.20388,-0.12788,-0.18864,NORMAL_HEALTHY
2026-03-15 08:00:00.909,-0.26239,-0.12054,-0.23188,NORMAL_HEALTHY
2026-03-15 08:00:00.910,-0.28846,0.02699,-0.17953,NORMAL_HEALTHY
2026-03-15 08:00:00.911,-0.40591,0.08855,-0.19534,NORMAL_HEALTHY
2026-03-15 08:00:00.912,-0.38049,0.07038,-0.09313,NORMAL_HEALTHY
2026-03-15 08:00:00.913,-0.31163,0.12646,-0.09579,NORMAL_HEALTHY
2026-03-15 08:00:00.914,-0.33091,0.1848,-0.15961,NORMAL_HEALTHY
2026-03-15 08:00:00.915,-0.31482,0.22062,-0.06627,NORMAL_HEALTHY
2026-03-15 08:00:00.916,-0.23634,0.24578,0.08308,NORMAL_HEALTHY
2026-03-15 08:00:00.917,-0.12272,0.27151,0.06468,NORMAL_HEALTHY
2026-03-15 08:00:00.918,-0.14271,0.29985,0.1238,NORMAL_HEALTHY
2026-03-15 08:00:00.919,-0.10889,0.28823,0.18249,NORMAL_HEALTHY
2026-03-15 08:00:00.920,0.03148,0.30794,0.23056,NORMAL_HEALTHY
2026-03-15 08:00:00.921,0.0394,0.34704,0.25967,NORMAL_HEALTHY
2026-03-15 08:00:00.922,0.13733,0.33837,0.23652,NORMAL_HEALTHY
2026-03-15 08:00:00.923,0.19155,0.28256,0.24318,NORMAL_HEALTHY
2026-03-15 08:00:00.924,0.24682,0.18866,0.25754,NORMAL_HEALTHY
2026-03-15 08:00:00.925,0.28574,0.19948,0.26253,NORMAL_HEALTHY
2026-03-15 08:00:00.926,0.33,0.18145,0.28928,NORMAL_HEALTHY
2026-03-15 08:00:00.927,0.32184,0.0577,0.20229,NORMAL_HEALTHY
2026-03-15 08:00:00.928,0.33937,0.04087,0.1856,NORMAL_HEALTHY
2026-03-15 08:00:00.929,0.29711,-0.01529,0.18787,NORMAL_HEALTHY
2026-03-15 08:00:00.930,0.37975,-0.06832,0.1328,NORMAL_HEALTHY
2026-03-15 08:00:00.931,0.28313,-0.09032,0.08157,NORMAL_HEALTHY
2026-03-15 08:00:00.932,0.33067,-0.20393,0.06234,NORMAL_HEALTHY
2026-03-15 08:00:00.933,0.28443,-0.15348,0.13367,NORMAL_HEALTHY
2026-03-15 08:00:00.934,0.25072,-0.23133,0.00224,NORMAL_HEALTHY
2026-03-15 08:00:00.935,0.10618,-0.21379,-0.05514,NORMAL_HEALTHY
2026-03-15 08:00:00.936,0.20156,-0.25025,-0.0591,NORMAL_HEALTHY
2026-03-15 08:00:00.937,0.08465,-0.16494,-0.0927,NORMAL_HEALTHY
2026-03-15 08:00:00.938,0.16893,-0.21224,-0.08861,NORMAL_HEALTHY
2026-03-15 08:00:00.939,0.05697,-0.23466,-0.19479,NORMAL_HEALTHY
2026-03-15 08:00:00.940,-0.01394,-0.21696,-0.14897,NORMAL_HEALTHY
2026-03-15 08:00:00.941,-0.10879,-0.25362,-0.10582,NORMAL_HEALTHY
2026-03-15 08:00:00.942,-0.01495,-0.24947,-0.1487,NORMAL_HEALTHY
2026-03-15 08:00:00.943,-0.13475,-0.31126,-0.22907,NORMAL_HEALTHY
2026-03-15 08:00:00.944,-0.07765,-0.23854,-0.21776,NORMAL_HEALTHY
2026-03-15 08:00:00.945,-0.20998,-0.12944,-0.16211,NORMAL_HEALTHY
2026-03-15 08:00:00.946,-0.12229,-0.19542,-0.21495,NORMAL_HEALTHY
2026-03-15 08:00:00.947,-0.34521,-0.09852,-0.26813,NORMAL_HEALTHY
2026-03-15 08:00:00.948,-0.29117,-0.17467,-0.24466,NORMAL_HEALTHY
2026-03-15 08:00:00.949,-0.37133,-0.11481,-0.23376,NORMAL_HEALTHY
2026-03-15 08:00:00.950,-0.37741,-0.00921,-0.2379,NORMAL_HEALTHY
2026-03-15 08:00:00.951,-0.35089,0.05586,-0.19471,NORMAL_HEALTHY
2026-03-15 08:00:00.952,-0.39962,0.04603,-0.10623,NORMAL_HEALTHY
2026-03-15 08:00:00.953,-0.34462,0.08626,-0.09507,NORMAL_HEALTHY
2026-03-15 08:00:00.954,-0.3882,0.19003,-0.05677,NORMAL_HEALTHY
2026-03-15 08:00:00.955,-0.31538,0.17472,-0.05702,NORMAL_HEALTHY
2026-03-15 08:00:00.956,-0.22891,0.3067,-0.00066,NORMAL_HEALTHY
2026-03-15 08:00:00.957,-0.17845,0.20261,0.0495,NORMAL_HEALTHY
2026-03-15 08:00:00.958,-0.14057,0.28038,0.0842,NORMAL_HEALTHY
2026-03-15 08:00:00.959,-0.10436,0.3487,0.15414,NORMAL_HEALTHY
2026-03-15 08:00:00.960,-0.11191,0.252,0.17799,NORMAL_HEALTHY
2026-03-15 08:00:00.961,0.09386,0.21951,0.21346,NORMAL_HEALTHY
2026-03-15 08:00:00.962,0.1127,0.37805,0.24112,NORMAL_HEALTHY
2026-03-15 08:00:00.963,0.22052,0.29731,0.19474,NORMAL_HEALTHY
2026-03-15 08:00:00.964,0.29407,0.26363,0.29252,NORMAL_HEALTHY
2026-03-15 08:00:00.965,0.4963,0.12179,0.33135,NORMAL_HEALTHY
2026-03-15 08:00:00.966,0.31871,0.17329,0.25707,NORMAL_HEALTHY
2026-03-15 08:00:00.967,0.33311,0.08461,0.25029,NORMAL_HEALTHY
2026-03-15 08:00:00.968,0.28787,0.08773,0.19798,NORMAL_HEALTHY
2026-03-15 08:00:00.969,0.30541,-0.01503,0.22553,NORMAL_HEALTHY
2026-03-15 08:00:00.970,0.32323,-0.02939,0.12167,NORMAL_HEALTHY
2026-03-15 08:00:00.971,0.36736,-0.05985,0.17596,NORMAL_HEALTHY
2026-03-15 08:00:00.972,0.29323,-0.09962,0.07836,NORMAL_HEALTHY
2026-03-15 08:00:00.973,0.33417,-0.19184,0.06549,NORMAL_HEALTHY
2026-03-15 08:00:00.974,0.22349,-0.19138,0.00879,NORMAL_HEALTHY
2026-03-15 08:00:00.975,0.2076,-0.2153,-0.01847,NORMAL_HEALTHY
2026-03-15 08:00:00.976,0.2347,-0.18501,-0.02459,NORMAL_HEALTHY
2026-03-15 08:00:00.977,0.09365,-0.27664,-0.04802,NORMAL_HEALTHY
2026-03-15 08:00:00.978,0.1211,-0.18425,-0.12662,NORMAL_HEALTHY
2026-03-15 08:00:00.979,0.02705,-0.32107,-0.14106,NORMAL_HEALTHY
2026-03-15 08:00:00.980,0.04983,-0.2727,-0.12484,NORMAL_HEALTHY
2026-03-15 08:00:00.981,-0.04805,-0.23762,-0.20563,NORMAL_HEALTHY
2026-03-15 08:00:00.982,-0.07304,-0.37396,-0.18854,NORMAL_HEALTHY
2026-03-15 08:00:00.983,-0.19795,-0.18759,-0.1695,NORMAL_HEALTHY
2026-03-15 08:00:00.984,-0.13246,-0.16225,-0.24245,NORMAL_HEALTHY
2026-03-15 08:00:00.985,-0.10762,-0.17075,-0.22729,NORMAL_HEALTHY
2026-03-15 08:00:00.986,-0.17644,-0.23567,-0.25416,NORMAL_HEALTHY
2026-03-15 08:00:00.987,-0.29981,-0.18377,-0.26424,NORMAL_HEALTHY
2026-03-15 08:00:00.988,-0.24086,-0.13904,-0.21171,NORMAL_HEALTHY
2026-03-15 08:00:00.989,-0.35799,-0.16636,-0.20544,NORMAL_HEALTHY
2026-03-15 08:00:00.990,-0.44561,-0.04754,-0.24712,NORMAL_HEALTHY
2026-03-15 08:00:00.991,-0.26255,0.04283,-0.17305,NORMAL_HEALTHY
2026-03-15 08:00:00.992,-0.30054,0.01986,-0.1285,NORMAL_HEALTHY
2026-03-15 08:00:00.993,-0.34434,0.12005,-0.06747,NORMAL_HEALTHY
2026-03-15 08:00:00.994,-0.29646,0.17335,-0.12899,NORMAL_HEALTHY
2026-03-15 08:00:00.995,-0.34799,0.20515,-0.02272,NORMAL_HEALTHY
2026-03-15 08:00:00.996,-0.31217,0.35697,0.07472,NORMAL_HEALTHY
2026-03-15 08:00:00.997,-0.17126,0.29437,0.06253,NORMAL_HEALTHY
2026-03-15 08:00:00.998,-0.18661,0.32233,0.126,NORMAL_HEALTHY
2026-03-15 08:00:00.999,-0.13306,0.35048,0.15526,NORMAL_HEALTHY
2026-03-15 08:00:01.000,-0.09539,0.30556,0.18475,NORMAL_HEALTHY
2026-03-15 08:00:01.001,0.16536,0.35993,0.18421,NORMAL_HEALTHY
2026-03-15 08:00:01.002,0.16332,0.25328,0.29249,NORMAL_HEALTHY
2026-03-15 08:00:01.003,0.17781,0.28732,0.31571,NORMAL_HEALTHY
2026-03-15 08:00:01.004,0.1913,0.19509,0.2543,NORMAL_HEALTHY
2026-03-15 08:00:01.005,0.35191,0.14579,0.17186,NORMAL_HEALTHY
2026-03-15 08:00:01.006,0.31053,0.18453,0.30068,NORMAL_HEALTHY
2026-03-15 08:00:01.007,0.33117,0.09135,0.27914,NORMAL_HEALTHY
2026-03-15 08:00:01.008,0.27024,0.03932,0.21921,NORMAL_HEALTHY
2026-03-15 08:00:01.009,0.38438,-0.01757,0.18273,NORMAL_HEALTHY
2026-03-15 08:00:01.010,0.22558,-0.0726,0.16313,NORMAL_HEALTHY
2026-03-15 08:00:01.011,0.28035,-0.08647,0.1269,NORMAL_HEALTHY
2026-03-15 08:00:01.012,0.28488,-0.12079,0.04123,NORMAL_HEALTHY
2026-03-15 08:00:01.013,0.25905,-0.13536,0.04491,NORMAL_HEALTHY
2026-03-15 08:00:01.014,0.2039,-0.17913,0.03059,NORMAL_HEALTHY
2026-03-15 08:00:01.015,0.09249,-0.1611,-0.03776,NORMAL_HEALTHY
2026-03-15 08:00:01.016,0.17707,-0.17601,-0.10302,NORMAL_HEALTHY
2026-03-15 08:00:01.017,0.08095,-0.25111,-0.10889,NORMAL_HEALTHY
2026-03-15 08:00:01.018,0.16404,-0.28325,-0.12492,NORMAL_HEALTHY
2026-03-15 08:00:01.019,0.04875,-0.30249,-0.14117,NORMAL_HEALTHY
2026-03-15 08:00:01.020,0.01587,-0.26702,-0.15052,NORMAL_HEALTHY
2026-03-15 08:00:01.021,-0.065,-0.31576,-0.15421,NORMAL_HEALTHY
2026-03-15 08:00:01.022,0.01045,-0.24605,-0.17411,NORMAL_HEALTHY
2026-03-15 08:00:01.023,-0.08179,-0.29279,-0.13712,NORMAL_HEALTHY
2026-03-15 08:00:01.024,-0.14568,-0.15754,-0.2349,NORMAL_HEALTHY
2026-03-15 08:00:01.025,-0.10408,-0.17742,-0.19966,NORMAL_HEALTHY
2026-03-15 08:00:01.026,-0.22152,-0.19922,-0.18328,NORMAL_HEALTHY
2026-03-15 08:00:01.027,-0.26236,-0.24489,-0.26636,NORMAL_HEALTHY
2026-03-15 08:00:01.028,-0.3113,-0.11486,-0.22603,NORMAL_HEALTHY
2026-03-15 08:00:01.029,-0.26852,-0.1719,-0.20987,NORMAL_HEALTHY
2026-03-15 08:00:01.030,-0.4409,-0.01234,-0.20253,NORMAL_HEALTHY
2026-03-15 08:00:01.031,-0.34093,-0.03262,-0.13197,NORMAL_HEALTHY
2026-03-15 08:00:01.032,-0.31164,0.08063,-0.15206,NORMAL_HEALTHY
2026-03-15 08:00:01.033,-0.32533,0.07879,-0.08206,NORMAL_HEALTHY
2026-03-15 08:00:01.034,-0.25061,0.20658,-0.09661,NORMAL_HEALTHY
2026-03-15 08:00:01.035,-0.28192,0.15541,-0.00595,NORMAL_HEALTHY
2026-03-15 08:00:01.036,-0.23313,0.17501,-0.01902,NORMAL_HEALTHY
2026-03-15 08:00:01.037,-0.21553,0.27852,0.02763,NORMAL_HEALTHY
2026-03-15 08:00:01.038,-0.11957,0.32973,0.11018,NORMAL_HEALTHY
2026-03-15 08:00:01.039,-0.10877,0.38085,0.21863,NORMAL_HEALTHY
2026-03-15 08:00:01.040,-0.02418,0.31611,0.21642,NORMAL_HEALTHY
2026-03-15 08:00:01.041,0.05307,0.33035,0.25684,NORMAL_HEALTHY
2026-03-15 08:00:01.042,0.04355,0.37507,0.25714,NORMAL_HEALTHY
2026-03-15 08:00:01.043,0.1808,0.28751,0.26799,NORMAL_HEALTHY
2026-03-15 08:00:01.044,0.1691,0.31801,0.27617,NORMAL_HEALTHY
2026-03-15 08:00:01.045,0.32214,0.25081,0.23525,NORMAL_HEALTHY
2026-03-15 08:00:01.046,0.35676,0.1497,0.2883,NORMAL_HEALTHY
2026-03-15 08:00:01.047,0.24796,0.10462,0.21766,NORMAL_HEALTHY
2026-03-15 08:00:01.048,0.38534,0.07581,0.18778,NORMAL_HEALTHY
2026-03-15 08:00:01.049,0.32631,-0.0006,0.15014,NORMAL_HEALTHY
2026-03-15 08:00:01.050,0.3921,-0.06032,0.04551,NORMAL_HEALTHY
2026-03-15 08:00:01.051,0.31073,-0.13312,0.05417,NORMAL_HEALTHY
2026-03-15 08:00:01.052,0.24014,-0.12339,0.12143,NORMAL_HEALTHY
2026-03-15 08:00:01.053,0.28504,-0.18707,0.05537,NORMAL_HEALTHY
2026-03-15 08:00:01.054,0.21027,-0.21818,-0.03482,NORMAL_HEALTHY
2026-03-15 08:00:01.055,0.1074,-0.22694,-0.02045,NORMAL_HEALTHY
2026-03-15 08:00:01.056,0.15096,-0.24457,-0.08811,NORMAL_HEALTHY
2026-03-15 08:00:01.057,0.14684,-0.29482,-0.0543,NORMAL_HEALTHY
2026-03-15 08:00:01.058,0.02719,-0.27882,-0.15682,NORMAL_HEALTHY
2026-03-15 08:00:01.059,0.01346,-0.20995,-0.10928,NORMAL_HEALTHY
2026-03-15 08:00:01.060,0.04892,-0.23068,-0.18588,NORMAL_HEALTHY
2026-03-15 08:00:01.061,-0.05507,-0.28455,-0.11889,NORMAL_HEALTHY
2026-03-15 08:00:01.062,-0.13714,-0.20885,-0.15075,NORMAL_HEALTHY
2026-03-15 08:00:01.063,-0.02494,-0.25626,-0.17178,NORMAL_HEALTHY
2026-03-15 08:00:01.064,-0.04171,-0.25314,-0.26297,NORMAL_HEALTHY
2026-03-15 08:00:01.065,-0.28899,-0.18007,-0.28492,NORMAL_HEALTHY
2026-03-15 08:00:01.066,-0.25184,-0.17007,-0.21882,NORMAL_HEALTHY
2026-03-15 08:00:01.067,-0.24811,-0.15184,-0.1825,NORMAL_HEALTHY
2026-03-15 08:00:01.068,-0.34963,-0.15681,-0.25109,NORMAL_HEALTHY
2026-03-15 08:00:01.069,-0.28796,-0.05071,-0.1991,NORMAL_HEALTHY
2026-03-15 08:00:01.070,-0.29083,-0.09469,-0.14087,NORMAL_HEALTHY
2026-03-15 08:00:01.071,-0.28575,0.03536,-0.11439,NORMAL_HEALTHY
2026-03-15 08:00:01.072,-0.44656,0.03354,-0.17326,NORMAL_HEALTHY
2026-03-15 08:00:01.073,-0.31825,0.0642,-0.08549,NORMAL_HEALTHY
2026-03-15 08:00:01.074,-0.26456,0.19062,-0.06114,NORMAL_HEALTHY
2026-03-15 08:00:01.075,-0.34938,0.17437,0.01775,NORMAL_HEALTHY
2026-03-15 08:00:01.076,-0.21669,0.25281,0.00702,NORMAL_HEALTHY
2026-03-15 08:00:01.077,-0.30266,0.24579,0.13686,NORMAL_HEALTHY
2026-03-15 08:00:01.078,-0.20304,0.32709,0.15224,NORMAL_HEALTHY
2026-03-15 08:00:01.079,-0.13372,0.34413,0.19352,NORMAL_HEALTHY
2026-03-15 08:00:01.080,0.00062,0.46403,0.14083,NORMAL_HEALTHY
2026-03-15 08:00:01.081,0.12391,0.32893,0.25797,NORMAL_HEALTHY
2026-03-15 08:00:01.082,0.16108,0.28788,0.26261,NORMAL_HEALTHY
2026-03-15 08:00:01.083,0.10847,0.31694,0.27974,NORMAL_HEALTHY
2026-03-15 08:00:01.084,0.28759,0.29944,0.28759,NORMAL_HEALTHY
2026-03-15 08:00:01.085,0.30739,0.17292,0.24606,NORMAL_HEALTHY
2026-03-15 08:00:01.086,0.39242,0.22212,0.25033,NORMAL_HEALTHY
2026-03-15 08:00:01.087,0.35663,0.07039,0.2798,NORMAL_HEALTHY
2026-03-15 08:00:01.088,0.397,0.13833,0.18181,NORMAL_HEALTHY
2026-03-15 08:00:01.089,0.34301,0.01393,0.20415,NORMAL_HEALTHY
2026-03-15 08:00:01.090,0.33922,-0.08173,0.1781,NORMAL_HEALTHY
2026-03-15 08:00:01.091,0.36552,-0.12792,0.1587,NORMAL_HEALTHY
2026-03-15 08:00:01.092,0.36052,-0.12233,0.07772,NORMAL_HEALTHY
2026-03-15 08:00:01.093,0.29708,-0.19791,0.04046,NORMAL_HEALTHY
2026-03-15 08:00:01.094,0.12561,-0.15141,-0.04907,NORMAL_HEALTHY
2026-03-15 08:00:01.095,0.27016,-0.22439,-0.03339,NORMAL_HEALTHY
2026-03-15 08:00:01.096,0.12441,-0.23913,-0.00536,NORMAL_HEALTHY
2026-03-15 08:00:01.097,-0.00797,-0.18457,-0.06963,NORMAL_HEALTHY
2026-03-15 08:00:01.098,0.01695,-0.29254,-0.0468,NORMAL_HEALTHY
2026-03-15 08:00:01.099,-0.00875,-0.30041,-0.08752,NORMAL_HEALTHY
2026-03-15 08:00:01.100,0.01693,-0.29274,-0.13967,NORMAL_HEALTHY
2026-03-15 08:00:01.101,-0.08982,-0.20461,-0.12832,NORMAL_HEALTHY
2026-03-15 08:00:01.102,-0.0507,-0.23147,-0.12036,NORMAL_HEALTHY
2026-03-15 08:00:01.103,-0.11644,-0.28907,-0.18098,NORMAL_HEALTHY
2026-03-15 08:00:01.104,-0.05149,-0.27002,-0.22189,NORMAL_HEALTHY
2026-03-15 08:00:01.105,-0.17417,-0.21266,-0.25339,NORMAL_HEALTHY
2026-03-15 08:00:01.106,-0.17713,-0.09005,-0.21843,NORMAL_HEALTHY
2026-03-15 08:00:01.107,-0.31458,-0.22712,-0.21823,NORMAL_HEALTHY
2026-03-15 08:00:01.108,-0.24682,-0.10784,-0.22413,NORMAL_HEALTHY
2026-03-15 08:00:01.109,-0.35893,-0.1354,-0.18568,NORMAL_HEALTHY
2026-03-15 08:00:01.110,-0.30431,-0.11032,-0.14358,NORMAL_HEALTHY
2026-03-15 08:00:01.111,-0.33321,0.06358,-0.22373,NORMAL_HEALTHY
2026-03-15 08:00:01.112,-0.43202,0.0495,-0.12993,NORMAL_HEALTHY
2026-03-15 08:00:01.113,-0.26451,0.13884,-0.1205,NORMAL_HEALTHY
2026-03-15 08:00:01.114,-0.3844,0.21335,-0.10484,NORMAL_HEALTHY
2026-03-15 08:00:01.115,-0.21856,0.19828,0.02968,NORMAL_HEALTHY
2026-03-15 08:00:01.116,-0.22171,0.24865,0.00346,NORMAL_HEALTHY
2026-03-15 08:00:01.117,-0.21842,0.30951,0.07266,NORMAL_HEALTHY
2026-03-15 08:00:01.118,-0.16871,0.312,0.11973,NORMAL_HEALTHY
2026-03-15 08:00:01.119,-0.17741,0.35575,0.1264,NORMAL_HEALTHY
2026-03-15 08:00:01.120,-0.05767,0.27041,0.13644,NORMAL_HEALTHY
2026-03-15 08:00:01.121,0.0032,0.30614,0.29932,NORMAL_HEALTHY
2026-03-15 08:00:01.122,0.11272,0.3266,0.26861,NORMAL_HEALTHY
2026-03-15 08:00:01.123,0.20792,0.28801,0.22747,NORMAL_HEALTHY
2026-03-15 08:00:01.124,0.3282,0.33128,0.21584,NORMAL_HEALTHY
2026-03-15 08:00:01.125,0.24879,0.19847,0.23723,NORMAL_HEALTHY
2026-03-15 08:00:01.126,0.35838,0.13012,0.33444,NORMAL_HEALTHY
2026-03-15 08:00:01.127,0.41385,0.11787,0.2747,NORMAL_HEALTHY
2026-03-15 08:00:01.128,0.41902,0.03186,0.18398,NORMAL_HEALTHY
2026-03-15 08:00:01.129,0.36582,0.04072,0.18639,NORMAL_HEALTHY
2026-03-15 08:00:01.130,0.27115,-0.07875,0.14467,NORMAL_HEALTHY
2026-03-15 08:00:01.131,0.32568,-0.00515,0.06275,NORMAL_HEALTHY
2026-03-15 08:00:01.132,0.32729,-0.06475,0.15443,NORMAL_HEALTHY
2026-03-15 08:00:01.133,0.24916,-0.14041,0.05935,NORMAL_HEALTHY
2026-03-15 08:00:01.134,0.243,-0.19286,0.02084,NORMAL_HEALTHY
2026-03-15 08:00:01.135,0.06838,-0.18138,-0.02157,NORMAL_HEALTHY
2026-03-15 08:00:01.136,0.14467,-0.1399,-0.07863,NORMAL_HEALTHY
2026-03-15 08:00:01.137,0.09627,-0.1542,-0.11058,NORMAL_HEALTHY
2026-03-15 08:00:01.138,0.04979,-0.25309,-0.07605,NORMAL_HEALTHY
2026-03-15 08:00:01.139,0.04892,-0.30633,-0.14595,NORMAL_HEALTHY
2026-03-15 08:00:01.140,-0.03037,-0.25616,-0.13235,NORMAL_HEALTHY
2026-03-15 08:00:01.141,-0.01762,-0.32688,-0.12823,NORMAL_HEALTHY
2026-03-15 08:00:01.142,-0.06467,-0.18799,-0.16645,NORMAL_HEALTHY
2026-03-15 08:00:01.143,-0.06136,-0.21902,-0.14959,NORMAL_HEALTHY
2026-03-15 08:00:01.144,-0.12968,-0.23105,-0.1297,NORMAL_HEALTHY
2026-03-15 08:00:01.145,-0.15054,-0.18598,-0.26368,NORMAL_HEALTHY
2026-03-15 08:00:01.146,-0.29764,-0.17622,-0.22021,NORMAL_HEALTHY
2026-03-15 08:00:01.147,-0.30009,-0.1553,-0.17166,NORMAL_HEALTHY
2026-03-15 08:00:01.148,-0.26724,-0.17653,-0.22795,NORMAL_HEALTHY
2026-03-15 08:00:01.149,-0.36972,-0.10546,-0.22937,NORMAL_HEALTHY
2026-03-15 08:00:01.150,-0.37388,-0.09797,-0.2037,NORMAL_HEALTHY
2026-03-15 08:00:01.151,-0.38994,-0.1204,-0.1049,NORMAL_HEALTHY
2026-03-15 08:00:01.152,-0.30929,0.03984,-0.14687,NORMAL_HEALTHY
2026-03-15 08:00:01.153,-0.41291,0.1809,-0.0456,NORMAL_HEALTHY
2026-03-15 08:00:01.154,-0.32525,0.20458,-0.06494,NORMAL_HEALTHY
2026-03-15 08:00:01.155,-0.36682,0.19286,-0.02137,NORMAL_HEALTHY
2026-03-15 08:00:01.156,-0.27838,0.24518,0.01844,NORMAL_HEALTHY
2026-03-15 08:00:01.157,-0.20541,0.29353,0.03284,NORMAL_HEALTHY
2026-03-15 08:00:01.158,-0.17487,0.26445,0.1512,NORMAL_HEALTHY
2026-03-15 08:00:01.159,-0.17626,0.38531,0.20921,NORMAL_HEALTHY
2026-03-15 08:00:01.160,-0.01511,0.23149,0.18658,NORMAL_HEALTHY
2026-03-15 08:00:01.161,0.06777,0.29333,0.21292,NORMAL_HEALTHY
2026-03-15 08:00:01.162,0.21552,0.3473,0.22223,NORMAL_HEALTHY
2026-03-15 08:00:01.163,0.12149,0.27741,0.26184,NORMAL_HEALTHY
2026-03-15 08:00:01.164,0.28047,0.23172,0.29263,NORMAL_HEALTHY
2026-03-15 08:00:01.165,0.39675,0.24502,0.2693,NORMAL_HEALTHY
2026-03-15 08:00:01.166,0.32393,0.14592,0.29999,NORMAL_HEALTHY
2026-03-15 08:00:01.167,0.32296,0.11075,0.24055,NORMAL_HEALTHY
2026-03-15 08:00:01.168,0.33864,-0.0025,0.22385,NORMAL_HEALTHY
2026-03-15 08:00:01.169,0.35886,0.02536,0.16285,NORMAL_HEALTHY
2026-03-15 08:00:01.170,0.41104,-0.08189,0.20718,NORMAL_HEALTHY
2026-03-15 08:00:01.171,0.24209,-0.0705,0.1279,NORMAL_HEALTHY
2026-03-15 08:00:01.172,0.26223,-0.11,0.11971,NORMAL_HEALTHY
2026-03-15 08:00:01.173,0.15854,-0.13993,-0.04785,NORMAL_HEALTHY
2026-03-15 08:00:01.174,0.18494,-0.11942,-0.01478,NORMAL_HEALTHY
2026-03-15 08:00:01.175,0.13629,-0.21878,0.04639,NORMAL_HEALTHY
2026-03-15 08:00:01.176,0.06421,-0.27157,-0.0026,NORMAL_HEALTHY
2026-03-15 08:00:01.177,0.20931,-0.24324,-0.12482,NORMAL_HEALTHY
2026-03-15 08:00:01.178,0.18209,-0.17907,-0.08172,NORMAL_HEALTHY
2026-03-15 08:00:01.179,-0.00209,-0.25348,-0.13294,NORMAL_HEALTHY
2026-03-15 08:00:01.180,0.01654,-0.19121,-0.11648,NORMAL_HEALTHY
2026-03-15 08:00:01.181,-0.0924,-0.1929,-0.15451,NORMAL_HEALTHY
2026-03-15 08:00:01.182,-0.04294,-0.18451,-0.2209,NORMAL_HEALTHY
2026-03-15 08:00:01.183,-0.11821,-0.26143,-0.25159,NORMAL_HEALTHY
2026-03-15 08:00:01.184,-0.13846,-0.12015,-0.27364,NORMAL_HEALTHY
2026-03-15 08:00:01.185,-0.1966,-0.18314,-0.21471,NORMAL_HEALTHY
2026-03-15 08:00:01.186,-0.23888,-0.24387,-0.21715,NORMAL_HEALTHY
2026-03-15 08:00:01.187,-0.30722,-0.25436,-0.18545,NORMAL_HEALTHY
2026-03-15 08:00:01.188,-0.25409,-0.12584,-0.21603,NORMAL_HEALTHY
2026-03-15 08:00:01.189,-0.27575,-0.07945,-0.18325,NORMAL_HEALTHY
2026-03-15 08:00:01.190,-0.36487,0.01113,-0.188,NORMAL_HEALTHY
2026-03-15 08:00:01.191,-0.35221,-0.04988,-0.16671,NORMAL_HEALTHY
2026-03-15 08:00:01.192,-0.40533,0.0287,-0.17606,NORMAL_HEALTHY
2026-03-15 08:00:01.193,-0.40764,0.19914,-0.06541,NORMAL_HEALTHY
2026-03-15 08:00:01.194,-0.23707,0.1091,-0.06858,NORMAL_HEALTHY
2026-03-15 08:00:01.195,-0.36466,0.1808,-0.05812,NORMAL_HEALTHY
2026-03-15 08:00:01.196,-0.19368,0.23763,0.05904,NORMAL_HEALTHY
2026-03-15 08:00:01.197,-0.17116,0.38921,0.01818,NORMAL_HEALTHY
2026-03-15 08:00:01.198,-0.07605,0.36777,0.08291,NORMAL_HEALTHY
2026-03-15 08:00:01.199,-0.02062,0.35056,0.15273,NORMAL_HEALTHY
2026-03-15 08:00:01.200,-0.0412,0.31156,0.27097,NORMAL_HEALTHY
2026-03-15 08:00:01.201,0.07101,0.36952,0.20327,NORMAL_HEALTHY
2026-03-15 08:00:01.202,0.10002,0.36503,0.20736,NORMAL_HEALTHY
2026-03-15 08:00:01.203,0.18061,0.29275,0.2732,NORMAL_HEALTHY
2026-03-15 08:00:01.204,0.2467,0.27129,0.29898,NORMAL_HEALTHY
2026-03-15 08:00:01.205,0.33672,0.16847,0.26104,NORMAL_HEALTHY
2026-03-15 08:00:01.206,0.39282,0.1991,0.21062,NORMAL_HEALTHY
2026-03-15 08:00:01.207,0.3719,0.02476,0.2404,NORMAL_HEALTHY
2026-03-15 08:00:01.208,0.45862,0.01554,0.18335,NORMAL_HEALTHY
2026-03-15 08:00:01.209,0.40012,-0.06147,0.15938,NORMAL_HEALTHY
2026-03-15 08:00:01.210,0.37982,-0.07158,0.139,NORMAL_HEALTHY
2026-03-15 08:00:01.211,0.36668,-0.07106,0.1206,NORMAL_HEALTHY
2026-03-15 08:00:01.212,0.28505,-0.11231,0.0706,NORMAL_HEALTHY
2026-03-15 08:00:01.213,0.29227,-0.18241,0.03302,NORMAL_HEALTHY
2026-03-15 08:00:01.214,0.18373,-0.19014,-0.0228,NORMAL_HEALTHY
2026-03-15 08:00:01.215,0.13929,-0.19937,-0.01854,NORMAL_HEALTHY
2026-03-15 08:00:01.216,0.19494,-0.24522,-0.04073,NORMAL_HEALTHY
2026-03-15 08:00:01.217,0.14396,-0.21994,-0.11036,NORMAL_HEALTHY
2026-03-15 08:00:01.218,0.08477,-0.23136,-0.10523,NORMAL_HEALTHY
2026-03-15 08:00:01.219,-0.0658,-0.24458,-0.04988,NORMAL_HEALTHY
2026-03-15 08:00:01.220,-0.018,-0.28382,-0.13419,NORMAL_HEALTHY
2026-03-15 08:00:01.221,-0.02291,-0.20071,-0.20949,NORMAL_HEALTHY
2026-03-15 08:00:01.222,-0.04073,-0.22174,-0.18697,NORMAL_HEALTHY
2026-03-15 08:00:01.223,-0.09949,-0.19509,-0.16618,NORMAL_HEALTHY
2026-03-15 08:00:01.224,-0.21295,-0.19204,-0.2115,NORMAL_HEALTHY
2026-03-15 08:00:01.225,-0.19134,-0.20725,-0.22427,NORMAL_HEALTHY
2026-03-15 08:00:01.226,-0.17364,-0.19221,-0.26448,NORMAL_HEALTHY
2026-03-15 08:00:01.227,-0.28906,-0.1537,-0.18424,NORMAL_HEALTHY
2026-03-15 08:00:01.228,-0.27186,-0.16418,-0.13706,NORMAL_HEALTHY
2026-03-15 08:00:01.229,-0.31623,-0.03478,-0.2202,NORMAL_HEALTHY
2026-03-15 08:00:01.230,-0.32333,-0.00895,-0.15659,NORMAL_HEALTHY
2026-03-15 08:00:01.231,-0.30905,0.04117,-0.18778,NORMAL_HEALTHY
2026-03-15 08:00:01.232,-0.39232,0.06997,-0.11487,NORMAL_HEALTHY
2026-03-15 08:00:01.233,-0.36546,0.1541,-0.06117,NORMAL_HEALTHY
2026-03-15 08:00:01.234,-0.3789,0.12551,-0.07598,NORMAL_HEALTHY
2026-03-15 08:00:01.235,-0.28461,0.18807,0.02134,NORMAL_HEALTHY
2026-03-15 08:00:01.236,-0.23445,0.25615,-0.02861,NORMAL_HEALTHY
2026-03-15 08:00:01.237,-0.26716,0.30325,-0.00468,NORMAL_HEALTHY
2026-03-15 08:00:01.238,-0.08838,0.31232,0.23048,NORMAL_HEALTHY
2026-03-15 08:00:01.239,0.04442,0.32857,0.15697,NORMAL_HEALTHY
2026-03-15 08:00:01.240,0.04978,0.41451,0.1419,NORMAL_HEALTHY
2026-03-15 08:00:01.241,-0.01834,0.30984,0.25135,NORMAL_HEALTHY
2026-03-15 08:00:01.242,0.16386,0.36451,0.2126,NORMAL_HEALTHY
2026-03-15 08:00:01.243,0.08556,0.32777,0.24032,NORMAL_HEALTHY
2026-03-15 08:00:01.244,0.15473,0.26064,0.30249,NORMAL_HEALTHY
2026-03-15 08:00:01.245,0.29388,0.19091,0.26541,NORMAL_HEALTHY
2026-03-15 08:00:01.246,0.31456,0.10378,0.23365,NORMAL_HEALTHY
2026-03-15 08:00:01.247,0.38039,0.1225,0.24464,NORMAL_HEALTHY
2026-03-15 08:00:01.248,0.31397,0.04812,0.13635,NORMAL_HEALTHY
2026-03-15 08:00:01.249,0.37084,0.06482,0.12993,NORMAL_HEALTHY
2026-03-15 08:00:01.250,0.3207,-0.03064,0.1911,NORMAL_HEALTHY
2026-03-15 08:00:01.251,0.30706,-0.1184,0.04235,NORMAL_HEALTHY
2026-03-15 08:00:01.252,0.30718,-0.04125,0.08464,NORMAL_HEALTHY
2026-03-15 08:00:01.253,0.26826,-0.1476,0.03902,NORMAL_HEALTHY
2026-03-15 08:00:01.254,0.19257,-0.15367,0.01348,NORMAL_HEALTHY
2026-03-15 08:00:01.255,0.19587,-0.25182,0.01964,NORMAL_HEALTHY
2026-03-15 08:00:01.256,0.18903,-0.25039,-0.01995,NORMAL_HEALTHY
2026-03-15 08:00:01.257,0.09154,-0.27208,-0.10805,NORMAL_HEALTHY
2026-03-15 08:00:01.258,-0.01126,-0.2268,-0.16957,NORMAL_HEALTHY
2026-03-15 08:00:01.259,-0.02289,-0.33961,-0.13034,NORMAL_HEALTHY
2026-03-15 08:00:01.260,-0.00752,-0.26676,-0.18375,NORMAL_HEALTHY
2026-03-15 08:00:01.261,-0.09714,-0.23166,-0.18473,NORMAL_HEALTHY
2026-03-15 08:00:01.262,-0.06148,-0.28446,-0.17566,NORMAL_HEALTHY
2026-03-15 08:00:01.263,-0.05126,-0.21393,-0.21115,NORMAL_HEALTHY
2026-03-15 08:00:01.264,-0.14293,-0.23712,-0.20896,NORMAL_HEALTHY
2026-03-15 08:00:01.265,-0.21127,-0.21735,-0.21159,NORMAL_HEALTHY
2026-03-15 08:00:01.266,-0.28289,-0.23183,-0.2739,NORMAL_HEALTHY
2026-03-15 08:00:01.267,-0.34939,-0.21303,-0.22168,NORMAL_HEALTHY
2026-03-15 08:00:01.268,-0.34665,-0.10621,-0.22283,NORMAL_HEALTHY
2026-03-15 08:00:01.269,-0.42789,-0.06114,-0.18652,NORMAL_HEALTHY
2026-03-15 08:00:01.270,-0.39969,-0.02677,-0.2292,NORMAL_HEALTHY
2026-03-15 08:00:01.271,-0.35703,-0.04964,-0.23951,NORMAL_HEALTHY
2026-03-15 08:00:01.272,-0.38287,0.05057,-0.16144,NORMAL_HEALTHY
2026-03-15 08:00:01.273,-0.41353,0.09184,-0.10258,NORMAL_HEALTHY
2026-03-15 08:00:01.274,-0.33533,0.16883,-0.09452,NORMAL_HEALTHY
2026-03-15 08:00:01.275,-0.2414,0.16038,-0.00892,NORMAL_HEALTHY
2026-03-15 08:00:01.276,-0.19656,0.27491,0.01455,NORMAL_HEALTHY
2026-03-15 08:00:01.277,-0.22778,0.33534,0.02016,NORMAL_HEALTHY
2026-03-15 08:00:01.278,-0.18752,0.30215,0.16029,NORMAL_HEALTHY
2026-03-15 08:00:01.279,-0.05199,0.29514,0.14983,NORMAL_HEALTHY
2026-03-15 08:00:01.280,-0.03072,0.31196,0.23349,NORMAL_HEALTHY
2026-03-15 08:00:01.281,0.00239,0.40465,0.25994,NORMAL_HEALTHY
2026-03-15 08:00:01.282,0.19356,0.29937,0.24935,NORMAL_HEALTHY
2026-03-15 08:00:01.283,0.12971,0.26901,0.28658,NORMAL_HEALTHY
2026-03-15 08:00:01.284,0.32046,0.20742,0.26194,NORMAL_HEALTHY
2026-03-15 08:00:01.285,0.29242,0.15104,0.29168,NORMAL_HEALTHY
2026-03-15 08:00:01.286,0.29689,0.15277,0.24285,NORMAL_HEALTHY
2026-03-15 08:00:01.287,0.31486,0.10853,0.23121,NORMAL_HEALTHY
2026-03-15 08:00:01.288,0.34514,0.02487,0.22373,NORMAL_HEALTHY
2026-03-15 08:00:01.289,0.4446,0.01004,0.21639,NORMAL_HEALTHY
2026-03-15 08:00:01.290,0.28049,-0.03792,0.10885,NORMAL_HEALTHY
2026-03-15 08:00:01.291,0.25562,-0.1204,0.15298,NORMAL_HEALTHY
2026-03-15 08:00:01.292,0.34951,-0.11771,0.02129,NORMAL_HEALTHY
2026-03-15 08:00:01.293,0.25956,-0.14847,0.04556,NORMAL_HEALTHY
2026-03-15 08:00:01.294,0.14104,-0.22649,0.00334,NORMAL_HEALTHY
2026-03-15 08:00:01.295,0.2218,-0.3037,-0.03166,NORMAL_HEALTHY
2026-03-15 08:00:01.296,0.16295,-0.19078,-0.03076,NORMAL_HEALTHY
2026-03-15 08:00:01.297,0.14555,-0.27284,-0.14824,NORMAL_HEALTHY
2026-03-15 08:00:01.298,0.05764,-0.20427,-0.05671,NORMAL_HEALTHY
2026-03-15 08:00:01.299,0.07406,-0.23315,-0.11404,NORMAL_HEALTHY
2026-03-15 08:00:01.300,-0.02781,-0.2584,-0.08884,NORMAL_HEALTHY
2026-03-15 08:00:01.301,-0.08566,-0.18277,-0.17674,NORMAL_HEALTHY
2026-03-15 08:00:01.302,-0.01103,-0.30663,-0.16149,NORMAL_HEALTHY
2026-03-15 08:00:01.303,-0.15326,-0.29899,-0.18906,NORMAL_HEALTHY
2026-03-15 08:00:01.304,-0.10532,-0.2628,-0.2617,NORMAL_HEALTHY
2026-03-15 08:00:01.305,-0.19958,-0.21408,-0.19982,NORMAL_HEALTHY
2026-03-15 08:00:01.306,-0.18575,-0.19118,-0.16036,NORMAL_HEALTHY
2026-03-15 08:00:01.307,-0.25817,-0.17602,-0.28366,NORMAL_HEALTHY
2026-03-15 08:00:01.308,-0.31514,-0.14233,-0.19043,NORMAL_HEALTHY
2026-03-15 08:00:01.309,-0.30634,-0.1391,-0.20886,NORMAL_HEALTHY
2026-03-15 08:00:01.310,-0.31642,0.02032,-0.16816,NORMAL_HEALTHY
2026-03-15 08:00:01.311,-0.32387,0.00665,-0.16316,NORMAL_HEALTHY
2026-03-15 08:00:01.312,-0.30125,-0.00081,-0.15976,NORMAL_HEALTHY
2026-03-15 08:00:01.313,-0.39295,0.12495,-0.06895,NORMAL_HEALTHY
2026-03-15 08:00:01.314,-0.36294,0.05949,-0.0855,NORMAL_HEALTHY
2026-03-15 08:00:01.315,-0.25431,0.23321,-0.011,NORMAL_HEALTHY
2026-03-15 08:00:01.316,-0.26965,0.20011,0.03968,NORMAL_HEALTHY
2026-03-15 08:00:01.317,-0.24308,0.38413,0.08993,NORMAL_HEALTHY
2026-03-15 08:00:01.318,-0.16805,0.29306,0.11372,NORMAL_HEALTHY
2026-03-15 08:00:01.319,-0.08295,0.38374,0.16722,NORMAL_HEALTHY
2026-03-15 08:00:01.320,-0.03658,0.42247,0.20095,NORMAL_HEALTHY
2026-03-15 08:00:01.321,0.10942,0.31043,0.24366,NORMAL_HEALTHY
2026-03-15 08:00:01.322,0.15457,0.23873,0.32513,NORMAL_HEALTHY
2026-03-15 08:00:01.323,0.2659,0.27442,0.23073,NORMAL_HEALTHY
2026-03-15 08:00:01.324,0.27303,0.25816,0.28718,NORMAL_HEALTHY
2026-03-15 08:00:01.325,0.30957,0.23188,0.32164,NORMAL_HEALTHY
2026-03-15 08:00:01.326,0.36149,0.11647,0.30636,NORMAL_HEALTHY
2026-03-15 08:00:01.327,0.43636,0.24279,0.19944,NORMAL_HEALTHY
2026-03-15 08:00:01.328,0.37587,-0.03266,0.23191,NORMAL_HEALTHY
2026-03-15 08:00:01.329,0.3345,0.08584,0.15441,NORMAL_HEALTHY
2026-03-15 08:00:01.330,0.26554,-0.06465,0.07811,NORMAL_HEALTHY
2026-03-15 08:00:01.331,0.36702,-0.17675,0.11226,NORMAL_HEALTHY
2026-03-15 08:00:01.332,0.19812,-0.14165,0.13245,NORMAL_HEALTHY
2026-03-15 08:00:01.333,0.28741,-0.19799,0.03832,NORMAL_HEALTHY
2026-03-15 08:00:01.334,0.23413,-0.16857,-0.04226,NORMAL_HEALTHY
2026-03-15 08:00:01.335,0.22462,-0.3253,-0.04803,NORMAL_HEALTHY
2026-03-15 08:00:01.336,0.13138,-0.19998,-0.05422,NORMAL_HEALTHY
2026-03-15 08:00:01.337,0.04615,-0.28071,-0.0745,NORMAL_HEALTHY
2026-03-15 08:00:01.338,0.07334,-0.27145,-0.12231,NORMAL_HEALTHY
2026-03-15 08:00:01.339,0.07334,-0.2734,-0.13041,NORMAL_HEALTHY
2026-03-15 08:00:01.340,0.1085,-0.31338,-0.21207,NORMAL_HEALTHY
2026-03-15 08:00:01.341,0.00065,-0.28024,-0.1766,NORMAL_HEALTHY
2026-03-15 08:00:01.342,-0.11636,-0.25788,-0.12605,NORMAL_HEALTHY
2026-03-15 08:00:01.343,-0.07632,-0.2022,-0.24628,NORMAL_HEALTHY
2026-03-15 08:00:01.344,-0.21335,-0.34755,-0.23757,NORMAL_HEALTHY
2026-03-15 08:00:01.345,-0.14715,-0.18839,-0.22677,NORMAL_HEALTHY
2026-03-15 08:00:01.346,-0.23434,-0.21793,-0.21813,NORMAL_HEALTHY
2026-03-15 08:00:01.347,-0.23108,-0.22997,-0.21677,NORMAL_HEALTHY
2026-03-15 08:00:01.348,-0.25539,-0.14568,-0.19952,NORMAL_HEALTHY
2026-03-15 08:00:01.349,-0.18873,-0.09341,-0.20113,NORMAL_HEALTHY
2026-03-15 08:00:01.350,-0.3869,-0.03692,-0.18312,NORMAL_HEALTHY
2026-03-15 08:00:01.351,-0.35217,-0.03924,-0.16953,NORMAL_HEALTHY
2026-03-15 08:00:01.352,-0.29062,0.0749,-0.11386,NORMAL_HEALTHY
2026-03-15 08:00:01.353,-0.36618,0.1407,-0.10223,NORMAL_HEALTHY
2026-03-15 08:00:01.354,-0.38063,0.17461,-0.10578,NORMAL_HEALTHY
2026-03-15 08:00:01.355,-0.33163,0.21841,-0.01558,NORMAL_HEALTHY
2026-03-15 08:00:01.356,-0.31512,0.29927,0.04166,NORMAL_HEALTHY
2026-03-15 08:00:01.357,-0.23661,0.22596,0.06489,NORMAL_HEALTHY
2026-03-15 08:00:01.358,-0.16131,0.32385,0.10427,NORMAL_HEALTHY
2026-03-15 08:00:01.359,-0.17135,0.31977,0.14999,NORMAL_HEALTHY
2026-03-15 08:00:01.360,0.03168,0.31245,0.25798,NORMAL_HEALTHY
2026-03-15 08:00:01.361,-0.02461,0.392,0.2231,NORMAL_HEALTHY
2026-03-15 08:00:01.362,0.18199,0.32243,0.29448,NORMAL_HEALTHY
2026-03-15 08:00:01.363,0.182,0.24461,0.31902,NORMAL_HEALTHY
2026-03-15 08:00:01.364,0.24998,0.26389,0.31794,NORMAL_HEALTHY
2026-03-15 08:00:01.365,0.24839,0.23567,0.25034,NORMAL_HEALTHY
2026-03-15 08:00:01.366,0.32648,0.16415,0.20616,NORMAL_HEALTHY
2026-03-15 08:00:01.367,0.31538,0.16625,0.26977,NORMAL_HEALTHY
2026-03-15 08:00:01.368,0.3606,0.06616,0.20225,NORMAL_HEALTHY
2026-03-15 08:00:01.369,0.42974,-0.00442,0.18964,NORMAL_HEALTHY
2026-03-15 08:00:01.370,0.4073,-0.07766,0.20181,NORMAL_HEALTHY
2026-03-15 08:00:01.371,0.25294,-0.01972,0.09822,NORMAL_HEALTHY
2026-03-15 08:00:01.372,0.28988,-0.20836,0.05901,NORMAL_HEALTHY
2026-03-15 08:00:01.373,0.21739,-0.18712,0.03461,NORMAL_HEALTHY
2026-03-15 08:00:01.374,0.28112,-0.17983,0.01635,NORMAL_HEALTHY
2026-03-15 08:00:01.375,0.14021,-0.2478,0.03697,NORMAL_HEALTHY
2026-03-15 08:00:01.376,0.11903,-0.1565,-0.06352,NORMAL_HEALTHY
2026-03-15 08:00:01.377,0.11654,-0.19335,-0.03694,NORMAL_HEALTHY
2026-03-15 08:00:01.378,0.07176,-0.26334,-0.10744,NORMAL_HEALTHY
2026-03-15 08:00:01.379,0.05543,-0.21352,-0.12718,NORMAL_HEALTHY
2026-03-15 08:00:01.380,0.03094,-0.18324,-0.13391,NORMAL_HEALTHY
2026-03-15 08:00:01.381,-0.02295,-0.31595,-0.25754,NORMAL_HEALTHY
2026-03-15 08:00:01.382,-0.05788,-0.25087,-0.20002,NORMAL_HEALTHY
2026-03-15 08:00:01.383,-0.10425,-0.24141,-0.15724,NORMAL_HEALTHY
2026-03-15 08:00:01.384,-0.15149,-0.25864,-0.17458,NORMAL_HEALTHY
2026-03-15 08:00:01.385,-0.20584,-0.18799,-0.23572,NORMAL_HEALTHY
2026-03-15 08:00:01.386,-0.26572,-0.18508,-0.22485,NORMAL_HEALTHY
2026-03-15 08:00:01.387,-0.24539,-0.17271,-0.29153,NORMAL_HEALTHY
2026-03-15 08:00:01.388,-0.32365,-0.0943,-0.23445,NORMAL_HEALTHY
2026-03-15 08:00:01.389,-0.34179,-0.04706,-0.23981,NORMAL_HEALTHY
2026-03-15 08:00:01.390,-0.42714,-0.05145,-0.21617,NORMAL_HEALTHY
2026-03-15 08:00:01.391,-0.41023,-0.00336,-0.15955,NORMAL_HEALTHY
2026-03-15 08:00:01.392,-0.36419,0.06888,-0.08406,NORMAL_HEALTHY
2026-03-15 08:00:01.393,-0.37147,0.12066,-0.12983,NORMAL_HEALTHY
2026-03-15 08:00:01.394,-0.3754,0.13622,-0.08783,NORMAL_HEALTHY
2026-03-15 08:00:01.395,-0.28201,0.3102,-0.05105,NORMAL_HEALTHY
2026-03-15 08:00:01.396,-0.27649,0.25179,0.0355,NORMAL_HEALTHY
2026-03-15 08:00:01.397,-0.18819,0.34588,-0.01496,NORMAL_HEALTHY
2026-03-15 08:00:01.398,-0.25836,0.29797,0.15538,NORMAL_HEALTHY
2026-03-15 08:00:01.399,-0.14926,0.20845,0.18068,NORMAL_HEALTHY
2026-03-15 08:00:01.400,0.01218,0.29579,0.16473,NORMAL_HEALTHY
2026-03-15 08:00:01.401,0.02249,0.34098,0.20903,NORMAL_HEALTHY
2026-03-15 08:00:01.402,0.16372,0.19772,0.2246,NORMAL_HEALTHY
2026-03-15 08:00:01.403,0.14507,0.28041,0.25047,NORMAL_HEALTHY
2026-03-15 08:00:01.404,0.29555,0.17545,0.27632,NORMAL_HEALTHY
2026-03-15 08:00:01.405,0.3279,0.28927,0.25412,NORMAL_HEALTHY
2026-03-15 08:00:01.406,0.34931,0.08441,0.17495,NORMAL_HEALTHY
2026-03-15 08:00:01.407,0.39656,0.1086,0.28001,NORMAL_HEALTHY
2026-03-15 08:00:01.408,0.29506,0.07793,0.27796,NORMAL_HEALTHY
2026-03-15 08:00:01.409,0.3829,0.01585,0.18182,NORMAL_HEALTHY
2026-03-15 08:00:01.410,0.27146,0.01299,0.12587,NORMAL_HEALTHY
2026-03-15 08:00:01.411,0.35469,-0.15541,0.06998,NORMAL_HEALTHY
2026-03-15 08:00:01.412,0.37377,-0.1428,0.12579,NORMAL_HEALTHY
2026-03-15 08:00:01.413,0.26547,-0.23957,0.07063,NORMAL_HEALTHY
2026-03-15 08:00:01.414,0.20373,-0.15896,0.00646,NORMAL_HEALTHY
2026-03-15 08:00:01.415,0.11783,-0.20338,0.05088,NORMAL_HEALTHY
2026-03-15 08:00:01.416,0.18044,-0.22934,-0.01737,NORMAL_HEALTHY
2026-03-15 08:00:01.417,0.12696,-0.22994,-0.11967,NORMAL_HEALTHY
2026-03-15 08:00:01.418,0.08899,-0.20283,-0.13474,NORMAL_HEALTHY
2026-03-15 08:00:01.419,0.10975,-0.25529,-0.1584,NORMAL_HEALTHY
2026-03-15 08:00:01.420,0.04988,-0.26506,-0.12067,NORMAL_HEALTHY
2026-03-15 08:00:01.421,-0.05312,-0.25394,-0.14819,NORMAL_HEALTHY
2026-03-15 08:00:01.422,-0.06275,-0.33165,-0.22124,NORMAL_HEALTHY
2026-03-15 08:00:01.423,-0.06995,-0.24446,-0.21504,NORMAL_HEALTHY
2026-03-15 08:00:01.424,-0.22372,-0.27278,-0.28,NORMAL_HEALTHY
2026-03-15 08:00:01.425,-0.20005,-0.2358,-0.25284,NORMAL_HEALTHY
2026-03-15 08:00:01.426,-0.23663,-0.17319,-0.15204,NORMAL_HEALTHY
2026-03-15 08:00:01.427,-0.34497,-0.11202,-0.1932,NORMAL_HEALTHY
2026-03-15 08:00:01.428,-0.34097,-0.1194,-0.24006,NORMAL_HEALTHY
2026-03-15 08:00:01.429,-0.32018,-0.02484,-0.1937,NORMAL_HEALTHY
2026-03-15 08:00:01.430,-0.32457,-0.06291,-0.25117,NORMAL_HEALTHY
2026-03-15 08:00:01.431,-0.37234,0.05538,-0.2302,NORMAL_HEALTHY
2026-03-15 08:00:01.432,-0.41648,0.0612,-0.18199,NORMAL_HEALTHY
2026-03-15 08:00:01.433,-0.39395,0.09083,-0.1598,NORMAL_HEALTHY
2026-03-15 08:00:01.434,-0.38179,0.19097,-0.11683,NORMAL_HEALTHY
2026-03-15 08:00:01.435,-0.37988,0.18359,-0.00037,NORMAL_HEALTHY
2026-03-15 08:00:01.436,-0.2655,0.23473,0.02319,NORMAL_HEALTHY
2026-03-15 08:00:01.437,-0.28866,0.31233,0.08338,NORMAL_HEALTHY
2026-03-15 08:00:01.438,-0.15948,0.36179,0.07751,NORMAL_HEALTHY
2026-03-15 08:00:01.439,-0.01458,0.34284,0.14891,NORMAL_HEALTHY
2026-03-15 08:00:01.440,-0.00099,0.33757,0.24194,NORMAL_HEALTHY
2026-03-15 08:00:01.441,0.01714,0.30387,0.26722,NORMAL_HEALTHY
2026-03-15 08:00:01.442,0.10924,0.35731,0.31407,NORMAL_HEALTHY
2026-03-15 08:00:01.443,0.18128,0.32026,0.22893,NORMAL_HEALTHY
2026-03-15 08:00:01.444,0.29339,0.26295,0.29128,NORMAL_HEALTHY
2026-03-15 08:00:01.445,0.26771,0.13977,0.2886,NORMAL_HEALTHY
2026-03-15 08:00:01.446,0.22992,0.14759,0.29161,NORMAL_HEALTHY
2026-03-15 08:00:01.447,0.36392,0.19164,0.27464,NORMAL_HEALTHY
2026-03-15 08:00:01.448,0.33103,0.05699,0.21089,NORMAL_HEALTHY
2026-03-15 08:00:01.449,0.28281,-0.03587,0.1619,NORMAL_HEALTHY
2026-03-15 08:00:01.450,0.24819,-0.04261,0.13854,NORMAL_HEALTHY
2026-03-15 08:00:01.451,0.24582,-0.0718,0.13632,NORMAL_HEALTHY
2026-03-15 08:00:01.452,0.31336,-0.14181,0.09563,NORMAL_HEALTHY
2026-03-15 08:00:01.453,0.30339,-0.14823,0.01055,NORMAL_HEALTHY
2026-03-15 08:00:01.454,0.24706,-0.13785,-0.0153,NORMAL_HEALTHY
2026-03-15 08:00:01.455,0.29988,-0.2327,-0.02485,NORMAL_HEALTHY
2026-03-15 08:00:01.456,0.12217,-0.2174,-0.11599,NORMAL_HEALTHY
2026-03-15 08:00:01.457,0.08912,-0.28526,-0.07672,NORMAL_HEALTHY
2026-03-15 08:00:01.458,0.12702,-0.21938,-0.18849,NORMAL_HEALTHY
2026-03-15 08:00:01.459,0.14063,-0.23885,-0.1545,NORMAL_HEALTHY
2026-03-15 08:00:01.460,0.00786,-0.24539,-0.17059,NORMAL_HEALTHY
2026-03-15 08:00:01.461,-0.02863,-0.27721,-0.17962,NORMAL_HEALTHY
2026-03-15 08:00:01.462,-0.11161,-0.30773,-0.17689,NORMAL_HEALTHY
2026-03-15 08:00:01.463,-0.08716,-0.21696,-0.16801,NORMAL_HEALTHY
2026-03-15 08:00:01.464,-0.13958,-0.24953,-0.17985,NORMAL_HEALTHY
2026-03-15 08:00:01.465,-0.26286,-0.24864,-0.25276,NORMAL_HEALTHY
2026-03-15 08:00:01.466,-0.17922,-0.14859,-0.20824,NORMAL_HEALTHY
2026-03-15 08:00:01.467,-0.21578,-0.19866,-0.21506,NORMAL_HEALTHY
2026-03-15 08:00:01.468,-0.30827,-0.09204,-0.22808,NORMAL_HEALTHY
2026-03-15 08:00:01.469,-0.34871,-0.06599,-0.18423,NORMAL_HEALTHY
2026-03-15 08:00:01.470,-0.38342,-0.04722,-0.23627,NORMAL_HEALTHY
2026-03-15 08:00:01.471,-0.48682,0.01262,-0.15544,NORMAL_HEALTHY
2026-03-15 08:00:01.472,-0.35063,-0.02703,-0.1598,NORMAL_HEALTHY
2026-03-15 08:00:01.473,-0.46524,0.16704,-0.15002,NORMAL_HEALTHY
2026-03-15 08:00:01.474,-0.27032,0.20128,-0.10259,NORMAL_HEALTHY
2026-03-15 08:00:01.475,-0.35663,0.22526,-0.05554,NORMAL_HEALTHY
2026-03-15 08:00:01.476,-0.25053,0.23395,-0.0407,NORMAL_HEALTHY
2026-03-15 08:00:01.477,-0.31289,0.30094,0.05031,NORMAL_HEALTHY
2026-03-15 08:00:01.478,-0.16667,0.34862,0.15805,NORMAL_HEALTHY
2026-03-15 08:00:01.479,-0.0846,0.3218,0.1782,NORMAL_HEALTHY
2026-03-15 08:00:01.480,-0.06785,0.35161,0.21854,NORMAL_HEALTHY
2026-03-15 08:00:01.481,0.10499,0.25397,0.20431,NORMAL_HEALTHY
2026-03-15 08:00:01.482,0.0951,0.32329,0.27142,NORMAL_HEALTHY
2026-03-15 08:00:01.483,0.27621,0.27027,0.25189,NORMAL_HEALTHY
2026-03-15 08:00:01.484,0.31314,0.26708,0.3191,NORMAL_HEALTHY
2026-03-15 08:00:01.485,0.31442,0.16119,0.22433,NORMAL_HEALTHY
2026-03-15 08:00:01.486,0.25551,0.18921,0.30027,NORMAL_HEALTHY
2026-03-15 08:00:01.487,0.44679,0.14466,0.27946,NORMAL_HEALTHY
2026-03-15 08:00:01.488,0.33473,0.00668,0.2423,NORMAL_HEALTHY
2026-03-15 08:00:01.489,0.3828,0.00866,0.19508,NORMAL_HEALTHY
2026-03-15 08:00:01.490,0.36616,0.00994,0.19258,NORMAL_HEALTHY
2026-03-15 08:00:01.491,0.35668,-0.05303,0.12926,NORMAL_HEALTHY
2026-03-15 08:00:01.492,0.27895,-0.09588,0.02612,NORMAL_HEALTHY
2026-03-15 08:00:01.493,0.32207,-0.21206,0.04941,NORMAL_HEALTHY
2026-03-15 08:00:01.494,0.19097,-0.16514,0.00439,NORMAL_HEALTHY
2026-03-15 08:00:01.495,0.11525,-0.19248,-0.04621,NORMAL_HEALTHY
2026-03-15 08:00:01.496,0.19985,-0.22684,-0.04117,NORMAL_HEALTHY
2026-03-15 08:00:01.497,0.06854,-0.26389,-0.09751,NORMAL_HEALTHY
2026-03-15 08:00:01.498,0.12013,-0.17555,-0.13366,NORMAL_HEALTHY
2026-03-15 08:00:01.499,0.09237,-0.34361,-0.16912,NORMAL_HEALTHY
2026-03-15 08:00:01.500,-0.04794,-0.31036,-0.20268,NORMAL_HEALTHY
2026-03-15 08:00:01.501,-0.01788,-0.26049,-0.15219,NORMAL_HEALTHY
2026-03-15 08:00:01.502,-0.04277,-0.23555,-0.15898,NORMAL_HEALTHY
2026-03-15 08:00:01.503,-0.1199,-0.28929,-0.15969,NORMAL_HEALTHY
2026-03-15 08:00:01.504,-0.18525,-0.26666,-0.21547,NORMAL_HEALTHY
2026-03-15 08:00:01.505,-0.24063,-0.22811,-0.20697,NORMAL_HEALTHY
2026-03-15 08:00:01.506,-0.21581,-0.22681,-0.24237,NORMAL_HEALTHY
2026-03-15 08:00:01.507,-0.21566,-0.1402,-0.15463,NORMAL_HEALTHY
2026-03-15 08:00:01.508,-0.243,-0.0794,-0.27262,NORMAL_HEALTHY
2026-03-15 08:00:01.509,-0.29127,-0.09124,-0.23418,NORMAL_HEALTHY
2026-03-15 08:00:01.510,-0.3416,-0.00445,-0.1817,NORMAL_HEALTHY
2026-03-15 08:00:01.511,-0.40584,0.03565,-0.19907,NORMAL_HEALTHY
2026-03-15 08:00:01.512,-0.35289,0.04294,-0.15519,NORMAL_HEALTHY
2026-03-15 08:00:01.513,-0.31601,0.06462,-0.04392,NORMAL_HEALTHY
2026-03-15 08:00:01.514,-0.42414,0.13568,-0.05811,NORMAL_HEALTHY
2026-03-15 08:00:01.515,-0.27077,0.20609,-0.02799,NORMAL_HEALTHY
2026-03-15 08:00:01.516,-0.23513,0.24465,0.0704,NORMAL_HEALTHY
2026-03-15 08:00:01.517,-0.1594,0.3284,0.03614,NORMAL_HEALTHY
2026-03-15 08:00:01.518,-0.14298,0.30627,0.08178,NORMAL_HEALTHY
2026-03-15 08:00:01.519,-0.05297,0.31343,0.18363,NORMAL_HEALTHY
2026-03-15 08:00:01.520,-0.05351,0.41518,0.16786,NORMAL_HEALTHY
2026-03-15 08:00:01.521,0.08194,0.36993,0.21098,NORMAL_HEALTHY
2026-03-15 08:00:01.522,0.18164,0.2668,0.30542,NORMAL_HEALTHY
2026-03-15 08:00:01.523,0.20208,0.26596,0.25884,NORMAL_HEALTHY
2026-03-15 08:00:01.524,0.2961,0.22963,0.2485,NORMAL_HEALTHY
2026-03-15 08:00:01.525,0.28891,0.16034,0.33471,NORMAL_HEALTHY
2026-03-15 08:00:01.526,0.30477,0.19642,0.266,NORMAL_HEALTHY
2026-03-15 08:00:01.527,0.3051,0.10858,0.2662,NORMAL_HEALTHY
2026-03-15 08:00:01.528,0.35432,0.10654,0.2483,NORMAL_HEALTHY
2026-03-15 08:00:01.529,0.40786,-0.01544,0.14373,NORMAL_HEALTHY
2026-03-15 08:00:01.530,0.31932,-0.03628,0.16636,NORMAL_HEALTHY
2026-03-15 08:00:01.531,0.22089,-0.08932,0.1168,NORMAL_HEALTHY
2026-03-15 08:00:01.532,0.28813,-0.07316,0.08969,NORMAL_HEALTHY
2026-03-15 08:00:01.533,0.33489,-0.17047,0.07222,NORMAL_HEALTHY
2026-03-15 08:00:01.534,0.31498,-0.13291,-0.03264,NORMAL_HEALTHY
2026-03-15 08:00:01.535,0.1823,-0.22503,-0.00886,NORMAL_HEALTHY
2026-03-15 08:00:01.536,0.19011,-0.26255,-0.05264,NORMAL_HEALTHY
2026-03-15 08:00:01.537,0.01543,-0.17756,-0.09939,NORMAL_HEALTHY
2026-03-15 08:00:01.538,0.08009,-0.26,-0.06537,NORMAL_HEALTHY
2026-03-15 08:00:01.539,-0.10335,-0.2521,-0.13103,NORMAL_HEALTHY
2026-03-15 08:00:01.540,-0.02268,-0.17951,-0.17831,NORMAL_HEALTHY
2026-03-15 08:00:01.541,6e-05,-0.23626,-0.12131,NORMAL_HEALTHY
2026-03-15 08:00:01.542,-0.11066,-0.27799,-0.14364,NORMAL_HEALTHY
2026-03-15 08:00:01.543,-0.09516,-0.3045,-0.21559,NORMAL_HEALTHY
2026-03-15 08:00:01.544,-0.13648,-0.19129,-0.23301,NORMAL_HEALTHY
2026-03-15 08:00:01.545,-0.3407,-0.18813,-0.26173,NORMAL_HEALTHY
2026-03-15 08:00:01.546,-0.33409,-0.30903,-0.19681,NORMAL_HEALTHY
2026-03-15 08:00:01.547,-0.26295,-0.17088,-0.17864,NORMAL_HEALTHY
2026-03-15 08:00:01.548,-0.27014,-0.05934,-0.27279,NORMAL_HEALTHY
2026-03-15 08:00:01.549,-0.3312,-0.15769,-0.22292,NORMAL_HEALTHY
2026-03-15 08:00:01.550,-0.36243,-0.01799,-0.19763,NORMAL_HEALTHY
2026-03-15 08:00:01.551,-0.33074,0.03399,-0.10133,NORMAL_HEALTHY
2026-03-15 08:00:01.552,-0.37949,0.01584,-0.13891,NORMAL_HEALTHY
2026-03-15 08:00:01.553,-0.39444,0.17182,-0.12192,NORMAL_HEALTHY
2026-03-15 08:00:01.554,-0.36137,0.14105,-0.04593,NORMAL_HEALTHY
2026-03-15 08:00:01.555,-0.30787,0.18309,0.0323,NORMAL_HEALTHY
2026-03-15 08:00:01.556,-0.29846,0.25598,0.04447,NORMAL_HEALTHY
2026-03-15 08:00:01.557,-0.28294,0.31172,0.03303,NORMAL_HEALTHY
2026-03-15 08:00:01.558,-0.09788,0.27813,0.14122,NORMAL_HEALTHY
2026-03-15 08:00:01.559,-0.01568,0.37289,0.16949,NORMAL_HEALTHY
2026-03-15 08:00:01.560,-0.01157,0.31763,0.25071,NORMAL_HEALTHY
2026-03-15 08:00:01.561,0.036,0.2922,0.25424,NORMAL_HEALTHY
2026-03-15 08:00:01.562,0.09921,0.27866,0.20407,NORMAL_HEALTHY
2026-03-15 08:00:01.563,0.17722,0.28779,0.27781,NORMAL_HEALTHY
2026-03-15 08:00:01.564,0.30322,0.27687,0.26805,NORMAL_HEALTHY
2026-03-15 08:00:01.565,0.29008,0.23205,0.31553,NORMAL_HEALTHY
2026-03-15 08:00:01.566,0.3394,0.14114,0.22392,NORMAL_HEALTHY
2026-03-15 08:00:01.567,0.28207,0.13715,0.25899,NORMAL_HEALTHY
2026-03-15 08:00:01.568,0.3926,0.05036,0.26179,NORMAL_HEALTHY
2026-03-15 08:00:01.569,0.33771,0.0447,0.18017,NORMAL_HEALTHY
2026-03-15 08:00:01.570,0.31958,-0.01944,0.16159,NORMAL_HEALTHY
2026-03-15 08:00:01.571,0.34732,-0.08553,0.10994,NORMAL_HEALTHY
2026-03-15 08:00:01.572,0.42143,-0.0777,0.10023,NORMAL_HEALTHY
2026-03-15 08:00:01.573,0.27497,-0.11849,0.05754,NORMAL_HEALTHY
2026-03-15 08:00:01.574,0.23454,-0.20156,0.00275,NORMAL_HEALTHY
2026-03-15 08:00:01.575,0.03647,-0.20141,-0.04308,NORMAL_HEALTHY
2026-03-15 08:00:01.576,0.23543,-0.22607,-0.09662,NORMAL_HEALTHY
2026-03-15 08:00:01.577,0.11393,-0.2833,-0.06489,NORMAL_HEALTHY
2026-03-15 08:00:01.578,0.09184,-0.20613,-0.13316,NORMAL_HEALTHY
2026-03-15 08:00:01.579,0.04023,-0.30941,-0.10277,NORMAL_HEALTHY
2026-03-15 08:00:01.580,0.02594,-0.2318,-0.1472,NORMAL_HEALTHY
2026-03-15 08:00:01.581,-0.01779,-0.18321,-0.17544,NORMAL_HEALTHY
2026-03-15 08:00:01.582,-0.07036,-0.293,-0.21239,NORMAL_HEALTHY
2026-03-15 08:00:01.583,-0.11153,-0.19193,-0.20568,NORMAL_HEALTHY
2026-03-15 08:00:01.584,-0.16759,-0.24419,-0.22796,NORMAL_HEALTHY
2026-03-15 08:00:01.585,-0.18024,-0.274,-0.17418,NORMAL_HEALTHY
2026-03-15 08:00:01.586,-0.2665,-0.15798,-0.26975,NORMAL_HEALTHY
2026-03-15 08:00:01.587,-0.23594,-0.13273,-0.21381,NORMAL_HEALTHY
2026-03-15 08:00:01.588,-0.35173,-0.11743,-0.26545,NORMAL_HEALTHY
2026-03-15 08:00:01.589,-0.34211,-0.04523,-0.18701,NORMAL_HEALTHY
2026-03-15 08:00:01.590,-0.34924,-0.08605,-0.17663,NORMAL_HEALTHY
2026-03-15 08:00:01.591,-0.36095,-0.09452,-0.14936,NORMAL_HEALTHY
2026-03-15 08:00:01.592,-0.36494,0.10693,-0.18586,NORMAL_HEALTHY
2026-03-15 08:00:01.593,-0.51316,0.12069,-0.1018,NORMAL_HEALTHY
2026-03-15 08:00:01.594,-0.41762,0.11949,0.02536,NORMAL_HEALTHY
2026-03-15 08:00:01.595,-0.31527,0.24143,-0.04876,NORMAL_HEALTHY
2026-03-15 08:00:01.596,-0.36017,0.24724,0.01235,NORMAL_HEALTHY
2026-03-15 08:00:01.597,-0.22136,0.28643,0.07921,NORMAL_HEALTHY
2026-03-15 08:00:01.598,-0.14652,0.26532,0.13399,NORMAL_HEALTHY
2026-03-15 08:00:01.599,-0.16844,0.24914,0.18656,NORMAL_HEALTHY
2026-03-15 08:00:01.600,0.02535,0.33969,0.15039,NORMAL_HEALTHY
2026-03-15 08:00:01.601,0.03558,0.32511,0.1751,NORMAL_HEALTHY
2026-03-15 08:00:01.602,0.10206,0.34677,0.30455,NORMAL_HEALTHY
2026-03-15 08:00:01.603,0.1804,0.32346,0.20231,NORMAL_HEALTHY
2026-03-15 08:00:01.604,0.28863,0.2203,0.28549,NORMAL_HEALTHY
2026-03-15 08:00:01.605,0.2876,0.26648,0.24038,NORMAL_HEALTHY
2026-03-15 08:00:01.606,0.36447,0.1492,0.25313,NORMAL_HEALTHY
2026-03-15 08:00:01.607,0.34513,0.07289,0.23826,NORMAL_HEALTHY
2026-03-15 08:00:01.608,0.3606,0.06608,0.21551,NORMAL_HEALTHY
2026-03-15 08:00:01.609,0.40181,0.04335,0.14475,NORMAL_HEALTHY
2026-03-15 08:00:01.610,0.39344,-0.09504,0.16783,NORMAL_HEALTHY
2026-03-15 08:00:01.611,0.36045,-0.17021,0.11452,NORMAL_HEALTHY
2026-03-15 08:00:01.612,0.27859,-0.16028,0.12221,NORMAL_HEALTHY
2026-03-15 08:00:01.613,0.23669,-0.19556,0.04206,NORMAL_HEALTHY
2026-03-15 08:00:01.614,0.2675,-0.19468,0.0464,NORMAL_HEALTHY
2026-03-15 08:00:01.615,0.22154,-0.30294,-0.04452,NORMAL_HEALTHY
2026-03-15 08:00:01.616,0.1277,-0.20652,-0.14688,NORMAL_HEALTHY
2026-03-15 08:00:01.617,0.24387,-0.21628,-0.07625,NORMAL_HEALTHY
2026-03-15 08:00:01.618,0.13638,-0.14723,-0.075,NORMAL_HEALTHY
2026-03-15 08:00:01.619,0.08597,-0.24584,-0.13228,NORMAL_HEALTHY
2026-03-15 08:00:01.620,-0.02379,-0.28798,-0.1713,NORMAL_HEALTHY
2026-03-15 08:00:01.621,-0.10606,-0.25462,-0.22443,NORMAL_HEALTHY
2026-03-15 08:00:01.622,-0.06775,-0.24838,-0.17686,NORMAL_HEALTHY
2026-03-15 08:00:01.623,-0.14253,-0.10808,-0.14911,NORMAL_HEALTHY
2026-03-15 08:00:01.624,-0.21802,-0.217,-0.23052,NORMAL_HEALTHY
2026-03-15 08:00:01.625,-0.24571,-0.26732,-0.20389,NORMAL_HEALTHY
2026-03-15 08:00:01.626,-0.26729,-0.14752,-0.19052,NORMAL_HEALTHY
2026-03-15 08:00:01.627,-0.20068,-0.19752,-0.21062,NORMAL_HEALTHY
2026-03-15 08:00:01.628,-0.27039,-0.14819,-0.25106,NORMAL_HEALTHY
2026-03-15 08:00:01.629,-0.24899,-0.07931,-0.19263,NORMAL_HEALTHY
2026-03-15 08:00:01.630,-0.3911,-0.09644,-0.21916,NORMAL_HEALTHY
2026-03-15 08:00:01.631,-0.36812,-0.04113,-0.1771,NORMAL_HEALTHY
2026-03-15 08:00:01.632,-0.44815,0.00823,-0.12404,NORMAL_HEALTHY
2026-03-15 08:00:01.633,-0.32414,0.09218,-0.14763,NORMAL_HEALTHY
2026-03-15 08:00:01.634,-0.38446,0.14521,-0.04851,NORMAL_HEALTHY
2026-03-15 08:00:01.635,-0.25358,0.18926,-0.06636,NORMAL_HEALTHY
2026-03-15 08:00:01.636,-0.24226,0.21947,0.0035,NORMAL_HEALTHY
2026-03-15 08:00:01.637,-0.13511,0.32646,0.07549,NORMAL_HEALTHY
2026-03-15 08:00:01.638,-0.20261,0.32803,0.15417,NORMAL_HEALTHY
2026-03-15 08:00:01.639,-0.08976,0.3937,0.20594,NORMAL_HEALTHY
2026-03-15 08:00:01.640,0.08319,0.3551,0.21979,NORMAL_HEALTHY
2026-03-15 08:00:01.641,0.14168,0.35529,0.21341,NORMAL_HEALTHY
2026-03-15 08:00:01.642,0.11659,0.32918,0.20942,NORMAL_HEALTHY
2026-03-15 08:00:01.643,0.19421,0.33791,0.19261,NORMAL_HEALTHY
2026-03-15 08:00:01.644,0.33238,0.30217,0.25864,NORMAL_HEALTHY
2026-03-15 08:00:01.645,0.32716,0.2105,0.31404,NORMAL_HEALTHY
2026-03-15 08:00:01.646,0.38222,0.10157,0.27922,NORMAL_HEALTHY
2026-03-15 08:00:01.647,0.34404,0.11235,0.21327,NORMAL_HEALTHY
2026-03-15 08:00:01.648,0.45114,0.10003,0.18666,NORMAL_HEALTHY
2026-03-15 08:00:01.649,0.29518,-0.01229,0.19673,NORMAL_HEALTHY
2026-03-15 08:00:01.650,0.36201,0.00863,0.1749,NORMAL_HEALTHY
2026-03-15 08:00:01.651,0.37795,-0.07509,0.06264,NORMAL_HEALTHY
2026-03-15 08:00:01.652,0.29223,-0.08298,0.07313,NORMAL_HEALTHY
2026-03-15 08:00:01.653,0.29453,-0.17484,0.00337,NORMAL_HEALTHY
2026-03-15 08:00:01.654,0.22706,-0.17552,-0.01737,NORMAL_HEALTHY
2026-03-15 08:00:01.655,0.1832,-0.25029,0.01319,NORMAL_HEALTHY
2026-03-15 08:00:01.656,0.14107,-0.16515,-0.0015,NORMAL_HEALTHY
2026-03-15 08:00:01.657,0.11237,-0.2817,-0.15446,NORMAL_HEALTHY
2026-03-15 08:00:01.658,0.0037,-0.30522,-0.05723,NORMAL_HEALTHY
2026-03-15 08:00:01.659,0.04432,-0.23484,-0.20504,NORMAL_HEALTHY
2026-03-15 08:00:01.660,-0.0599,-0.21517,-0.13722,NORMAL_HEALTHY
2026-03-15 08:00:01.661,-0.04589,-0.22739,-0.10821,NORMAL_HEALTHY
2026-03-15 08:00:01.662,-0.08835,-0.24389,-0.17526,NORMAL_HEALTHY
2026-03-15 08:00:01.663,0.00318,-0.32807,-0.1728,NORMAL_HEALTHY
2026-03-15 08:00:01.664,-0.16153,-0.2028,-0.23225,NORMAL_HEALTHY
2026-03-15 08:00:01.665,-0.19744,-0.18013,-0.11006,NORMAL_HEALTHY
2026-03-15 08:00:01.666,-0.19282,-0.2247,-0.24013,NORMAL_HEALTHY
2026-03-15 08:00:01.667,-0.29205,-0.23761,-0.23881,NORMAL_HEALTHY
2026-03-15 08:00:01.668,-0.26537,-0.18219,-0.18735,NORMAL_HEALTHY
2026-03-15 08:00:01.669,-0.30508,-0.12019,-0.21985,NORMAL_HEALTHY
2026-03-15 08:00:01.670,-0.27008,-0.01345,-0.19892,NORMAL_HEALTHY
2026-03-15 08:00:01.671,-0.3738,0.00735,-0.19466,NORMAL_HEALTHY
2026-03-15 08:00:01.672,-0.46897,0.14262,-0.14209,NORMAL_HEALTHY
2026-03-15 08:00:01.673,-0.33442,0.10637,-0.13774,NORMAL_HEALTHY
2026-03-15 08:00:01.674,-0.34238,0.0931,0.00863,NORMAL_HEALTHY
2026-03-15 08:00:01.675,-0.36171,0.16651,-0.0414,NORMAL_HEALTHY
2026-03-15 08:00:01.676,-0.19125,0.25509,-0.02162,NORMAL_HEALTHY
2026-03-15 08:00:01.677,-0.13865,0.32237,0.08881,NORMAL_HEALTHY
2026-03-15 08:00:01.678,-0.10323,0.4208,0.19345,NORMAL_HEALTHY
2026-03-15 08:00:01.679,-0.10531,0.40529,0.1741,NORMAL_HEALTHY
2026-03-15 08:00:01.680,0.02495,0.2702,0.19326,NORMAL_HEALTHY
2026-03-15 08:00:01.681,0.03033,0.37147,0.26844,NORMAL_HEALTHY
2026-03-15 08:00:01.682,0.03529,0.31811,0.29386,NORMAL_HEALTHY
2026-03-15 08:00:01.683,0.19204,0.32229,0.2816,NORMAL_HEALTHY
2026-03-15 08:00:01.684,0.27274,0.24294,0.23215,NORMAL_HEALTHY
2026-03-15 08:00:01.685,0.24391,0.24051,0.27167,NORMAL_HEALTHY
2026-03-15 08:00:01.686,0.32616,0.14306,0.24799,NORMAL_HEALTHY
2026-03-15 08:00:01.687,0.40667,0.09458,0.19182,NORMAL_HEALTHY
2026-03-15 08:00:01.688,0.40091,0.04712,0.21365,NORMAL_HEALTHY
2026-03-15 08:00:01.689,0.44229,0.00322,0.19165,NORMAL_HEALTHY
2026-03-15 08:00:01.690,0.29105,-0.05396,0.16859,NORMAL_HEALTHY
2026-03-15 08:00:01.691,0.2517,-0.08044,0.11479,NORMAL_HEALTHY
2026-03-15 08:00:01.692,0.30408,-0.08396,0.08664,NORMAL_HEALTHY
2026-03-15 08:00:01.693,0.34328,-0.20352,0.04417,NORMAL_HEALTHY
2026-03-15 08:00:01.694,0.23745,-0.2341,0.03905,NORMAL_HEALTHY
2026-03-15 08:00:01.695,0.31122,-0.21109,-0.00831,NORMAL_HEALTHY
2026-03-15 08:00:01.696,0.16002,-0.25722,-0.11874,NORMAL_HEALTHY
2026-03-15 08:00:01.697,0.08113,-0.298,-0.02181,NORMAL_HEALTHY
2026-03-15 08:00:01.698,0.07154,-0.26154,-0.07436,NORMAL_HEALTHY
2026-03-15 08:00:01.699,-0.01756,-0.28399,-0.12494,NORMAL_HEALTHY
2026-03-15 08:00:01.700,0.05144,-0.23155,-0.13856,NORMAL_HEALTHY
2026-03-15 08:00:01.701,-0.03462,-0.23439,-0.15841,NORMAL_HEALTHY
2026-03-15 08:00:01.702,-0.1288,-0.24488,-0.21958,NORMAL_HEALTHY
2026-03-15 08:00:01.703,-0.11237,-0.25927,-0.10783,NORMAL_HEALTHY
2026-03-15 08:00:01.704,-0.15779,-0.28657,-0.21394,NORMAL_HEALTHY
2026-03-15 08:00:01.705,-0.16902,-0.13925,-0.23964,NORMAL_HEALTHY
2026-03-15 08:00:01.706,-0.31235,-0.15394,-0.27362,NORMAL_HEALTHY
2026-03-15 08:00:01.707,-0.29119,-0.17224,-0.2297,NORMAL_HEALTHY
2026-03-15 08:00:01.708,-0.26755,-0.15709,-0.23363,NORMAL_HEALTHY
2026-03-15 08:00:01.709,-0.33018,-0.08262,-0.21147,NORMAL_HEALTHY
2026-03-15 08:00:01.710,-0.3282,-0.00876,-0.18549,NORMAL_HEALTHY
2026-03-15 08:00:01.711,-0.33924,-0.06315,-0.17499,NORMAL_HEALTHY
2026-03-15 08:00:01.712,-0.33975,0.08681,-0.17176,NORMAL_HEALTHY
2026-03-15 08:00:01.713,-0.38728,0.08443,-0.09323,NORMAL_HEALTHY
2026-03-15 08:00:01.714,-0.28139,0.14376,-0.03929,NORMAL_HEALTHY
2026-03-15 08:00:01.715,-0.29381,0.20508,-0.03338,NORMAL_HEALTHY
2026-03-15 08:00:01.716,-0.21832,0.26831,0.1013,NORMAL_HEALTHY
2026-03-15 08:00:01.717,-0.24398,0.31332,0.05144,NORMAL_HEALTHY
2026-03-15 08:00:01.718,-0.18248,0.31858,0.12178,NORMAL_HEALTHY
2026-03-15 08:00:01.719,0.07493,0.32845,0.12114,NORMAL_HEALTHY
2026-03-15 08:00:01.720,0.01365,0.25395,0.19601,NORMAL_HEALTHY
2026-03-15 08:00:01.721,0.07178,0.37005,0.26503,NORMAL_HEALTHY
2026-03-15 08:00:01.722,0.11384,0.31264,0.22778,NORMAL_HEALTHY
2026-03-15 08:00:01.723,0.14497,0.30447,0.22473,NORMAL_HEALTHY
2026-03-15 08:00:01.724,0.23492,0.21218,0.29397,NORMAL_HEALTHY
2026-03-15 08:00:01.725,0.39006,0.15505,0.20613,NORMAL_HEALTHY
2026-03-15 08:00:01.726,0.32684,0.16174,0.26632,NORMAL_HEALTHY
2026-03-15 08:00:01.727,0.33201,0.10031,0.25162,NORMAL_HEALTHY
2026-03-15 08:00:01.728,0.41575,-0.02726,0.19963,NORMAL_HEALTHY
2026-03-15 08:00:01.729,0.3726,-0.03492,0.24212,NORMAL_HEALTHY
2026-03-15 08:00:01.730,0.31823,-0.04638,0.16672,NORMAL_HEALTHY
2026-03-15 08:00:01.731,0.2999,-0.16746,0.09626,NORMAL_HEALTHY
2026-03-15 08:00:01.732,0.35348,-0.14235,0.0453,NORMAL_HEALTHY
2026-03-15 08:00:01.733,0.31566,-0.17535,0.02156,NORMAL_HEALTHY
2026-03-15 08:00:01.734,0.2407,-0.1559,0.08894,NORMAL_HEALTHY
2026-03-15 08:00:01.735,0.23635,-0.16107,-0.04369,NORMAL_HEALTHY
2026-03-15 08:00:01.736,0.1045,-0.22424,-0.05126,NORMAL_HEALTHY
2026-03-15 08:00:01.737,0.0625,-0.24629,-0.06748,NORMAL_HEALTHY
2026-03-15 08:00:01.738,0.09532,-0.2254,-0.09529,NORMAL_HEALTHY
2026-03-15 08:00:01.739,0.01318,-0.27324,-0.16929,NORMAL_HEALTHY
2026-03-15 08:00:01.740,0.08924,-0.2523,-0.15512,NORMAL_HEALTHY
2026-03-15 08:00:01.741,-0.08497,-0.12663,-0.20303,NORMAL_HEALTHY
2026-03-15 08:00:01.742,-0.09874,-0.22916,-0.16099,NORMAL_HEALTHY
2026-03-15 08:00:01.743,-0.06853,-0.16202,-0.179,NORMAL_HEALTHY
2026-03-15 08:00:01.744,-0.2086,-0.23781,-0.19847,NORMAL_HEALTHY
2026-03-15 08:00:01.745,-0.09158,-0.26977,-0.17692,NORMAL_HEALTHY
2026-03-15 08:00:01.746,-0.22423,-0.15305,-0.22887,NORMAL_HEALTHY
2026-03-15 08:00:01.747,-0.3115,-0.12938,-0.20435,NORMAL_HEALTHY
2026-03-15 08:00:01.748,-0.25341,-0.1286,-0.24504,NORMAL_HEALTHY
2026-03-15 08:00:01.749,-0.40741,-0.05416,-0.20006,NORMAL_HEALTHY
2026-03-15 08:00:01.750,-0.39829,-0.06751,-0.21556,NORMAL_HEALTHY
2026-03-15 08:00:01.751,-0.43606,-0.03065,-0.21644,NORMAL_HEALTHY
2026-03-15 08:00:01.752,-0.38435,0.02444,-0.20447,NORMAL_HEALTHY
2026-03-15 08:00:01.753,-0.2532,0.16207,-0.13927,NORMAL_HEALTHY
2026-03-15 08:00:01.754,-0.31947,0.17882,-0.02938,NORMAL_HEALTHY
2026-03-15 08:00:01.755,-0.34092,0.25678,-0.04516,NORMAL_HEALTHY
2026-03-15 08:00:01.756,-0.32245,0.28525,0.06682,NORMAL_HEALTHY
2026-03-15 08:00:01.757,-0.07197,0.24032,0.09442,NORMAL_HEALTHY
2026-03-15 08:00:01.758,-0.1595,0.35233,0.06551,NORMAL_HEALTHY
2026-03-15 08:00:01.759,-0.13411,0.3033,0.16346,NORMAL_HEALTHY
2026-03-15 08:00:01.760,-0.03205,0.37013,0.23517,NORMAL_HEALTHY
2026-03-15 08:00:01.761,0.10095,0.40508,0.24551,NORMAL_HEALTHY
2026-03-15 08:00:01.762,0.07817,0.37699,0.23341,NORMAL_HEALTHY
2026-03-15 08:00:01.763,0.24689,0.35819,0.28529,NORMAL_HEALTHY
2026-03-15 08:00:01.764,0.18085,0.21545,0.32102,NORMAL_HEALTHY
2026-03-15 08:00:01.765,0.29153,0.21375,0.29755,NORMAL_HEALTHY
2026-03-15 08:00:01.766,0.3679,0.17293,0.25136,NORMAL_HEALTHY
2026-03-15 08:00:01.767,0.33869,0.14529,0.25813,NORMAL_HEALTHY
2026-03-15 08:00:01.768,0.35086,0.10182,0.20803,NORMAL_HEALTHY
2026-03-15 08:00:01.769,0.31933,-0.02816,0.14727,NORMAL_HEALTHY
2026-03-15 08:00:01.770,0.33638,0.00781,0.11908,NORMAL_HEALTHY
2026-03-15 08:00:01.771,0.33889,-0.11689,0.10215,NORMAL_HEALTHY
2026-03-15 08:00:01.772,0.22651,-0.13741,0.06815,NORMAL_HEALTHY
2026-03-15 08:00:01.773,0.29639,-0.1518,-0.00253,NORMAL_HEALTHY
2026-03-15 08:00:01.774,0.28744,-0.17972,0.01253,NORMAL_HEALTHY
2026-03-15 08:00:01.775,0.19453,-0.23237,-0.01836,NORMAL_HEALTHY
2026-03-15 08:00:01.776,0.17957,-0.30114,-0.07387,NORMAL_HEALTHY
2026-03-15 08:00:01.777,0.10368,-0.22796,-0.03969,NORMAL_HEALTHY
2026-03-15 08:00:01.778,0.03871,-0.268,-0.12342,NORMAL_HEALTHY
2026-03-15 08:00:01.779,-0.00155,-0.26615,-0.10035,NORMAL_HEALTHY
2026-03-15 08:00:01.780,-0.05269,-0.23469,-0.20682,NORMAL_HEALTHY
2026-03-15 08:00:01.781,-0.0666,-0.2654,-0.10684,NORMAL_HEALTHY
2026-03-15 08:00:01.782,-0.09104,-0.34039,-0.25196,NORMAL_HEALTHY
2026-03-15 08:00:01.783,-0.11472,-0.21276,-0.18357,NORMAL_HEALTHY
2026-03-15 08:00:01.784,-0.14742,-0.1775,-0.22812,NORMAL_HEALTHY
2026-03-15 08:00:01.785,-0.15024,-0.27972,-0.25069,NORMAL_HEALTHY
2026-03-15 08:00:01.786,-0.32358,-0.20034,-0.22692,NORMAL_HEALTHY
2026-03-15 08:00:01.787,-0.26367,-0.15866,-0.25972,NORMAL_HEALTHY
2026-03-15 08:00:01.788,-0.31152,-0.19168,-0.17633,NORMAL_HEALTHY
2026-03-15 08:00:01.789,-0.34465,-0.10976,-0.15928,NORMAL_HEALTHY
2026-03-15 08:00:01.790,-0.41211,-0.09246,-0.2376,NORMAL_HEALTHY
2026-03-15 08:00:01.791,-0.36531,0.02244,-0.15086,NORMAL_HEALTHY
2026-03-15 08:00:01.792,-0.23513,-0.03977,-0.12622,NORMAL_HEALTHY
2026-03-15 08:00:01.793,-0.38218,0.08391,-0.1337,NORMAL_HEALTHY
2026-03-15 08:00:01.794,-0.37852,0.23267,-0.04159,NORMAL_HEALTHY
2026-03-15 08:00:01.795,-0.29883,0.26778,-0.07892,NORMAL_HEALTHY
2026-03-15 08:00:01.796,-0.32219,0.16191,-0.00284,NORMAL_HEALTHY
2026-03-15 08:00:01.797,-0.19329,0.29568,0.07519,NORMAL_HEALTHY
2026-03-15 08:00:01.798,-0.20957,0.35318,0.12536,NORMAL_HEALTHY
2026-03-15 08:00:01.799,-0.03432,0.25584,0.17159,NORMAL_HEALTHY
2026-03-15 08:00:01.800,-0.05939,0.32524,0.21793,NORMAL_HEALTHY
2026-03-15 08:00:01.801,0.07553,0.30009,0.23117,NORMAL_HEALTHY
2026-03-15 08:00:01.802,0.06244,0.36793,0.24741,NORMAL_HEALTHY
2026-03-15 08:00:01.803,0.2573,0.26893,0.25098,NORMAL_HEALTHY
2026-03-15 08:00:01.804,0.21745,0.29171,0.2499,NORMAL_HEALTHY
2026-03-15 08:00:01.805,0.33222,0.19411,0.20183,NORMAL_HEALTHY
2026-03-15 08:00:01.806,0.30457,0.11096,0.25985,NORMAL_HEALTHY
2026-03-15 08:00:01.807,0.29481,0.14819,0.23557,NORMAL_HEALTHY
2026-03-15 08:00:01.808,0.35485,0.08371,0.24628,NORMAL_HEALTHY
2026-03-15 08:00:01.809,0.36091,-0.02868,0.11944,NORMAL_HEALTHY
2026-03-15 08:00:01.810,0.3157,-0.07086,0.151,NORMAL_HEALTHY
2026-03-15 08:00:01.811,0.31221,-0.05974,0.08981,NORMAL_HEALTHY
2026-03-15 08:00:01.812,0.29916,-0.07772,0.08689,NORMAL_HEALTHY
2026-03-15 08:00:01.813,0.26638,-0.18687,0.01725,NORMAL_HEALTHY
2026-03-15 08:00:01.814,0.19069,-0.21165,0.03203,NORMAL_HEALTHY
2026-03-15 08:00:01.815,0.18389,-0.26773,0.0359,NORMAL_HEALTHY
2026-03-15 08:00:01.816,0.17179,-0.28669,-0.07048,NORMAL_HEALTHY
2026-03-15 08:00:01.817,0.12197,-0.1664,-0.12024,NORMAL_HEALTHY
2026-03-15 08:00:01.818,0.1261,-0.18736,-0.12748,NORMAL_HEALTHY
2026-03-15 08:00:01.819,0.02465,-0.29544,-0.13444,NORMAL_HEALTHY
2026-03-15 08:00:01.820,-0.00183,-0.22484,-0.1091,NORMAL_HEALTHY
2026-03-15 08:00:01.821,-0.07593,-0.33501,-0.16621,NORMAL_HEALTHY
2026-03-15 08:00:01.822,-0.06262,-0.23624,-0.19343,NORMAL_HEALTHY
2026-03-15 08:00:01.823,-0.11019,-0.17444,-0.18335,NORMAL_HEALTHY
2026-03-15 08:00:01.824,-0.17446,-0.24815,-0.21518,NORMAL_HEALTHY
2026-03-15 08:00:01.825,-0.11315,-0.21815,-0.21971,NORMAL_HEALTHY
2026-03-15 08:00:01.826,-0.25734,-0.14195,-0.15671,NORMAL_HEALTHY
2026-03-15 08:00:01.827,-0.24685,-0.15777,-0.22597,NORMAL_HEALTHY
2026-03-15 08:00:01.828,-0.42123,-0.09637,-0.21935,NORMAL_HEALTHY
2026-03-15 08:00:01.829,-0.30805,-0.11922,-0.22835,NORMAL_HEALTHY
2026-03-15 08:00:01.830,-0.37055,-0.00121,-0.21248,NORMAL_HEALTHY
2026-03-15 08:00:01.831,-0.25778,0.02241,-0.2214,NORMAL_HEALTHY
2026-03-15 08:00:01.832,-0.37016,0.02813,-0.22433,NORMAL_HEALTHY
2026-03-15 08:00:01.833,-0.27435,0.13872,-0.09334,NORMAL_HEALTHY
2026-03-15 08:00:01.834,-0.32482,0.10234,-0.088,NORMAL_HEALTHY
2026-03-15 08:00:01.835,-0.2579,0.16569,-0.1146,NORMAL_HEALTHY
2026-03-15 08:00:01.836,-0.26701,0.24845,0.02639,NORMAL_HEALTHY
2026-03-15 08:00:01.837,-0.16494,0.3184,0.07902,NORMAL_HEALTHY
2026-03-15 08:00:01.838,-0.07924,0.25449,0.13464,NORMAL_HEALTHY
2026-03-15 08:00:01.839,-0.03965,0.2836,0.10809,NORMAL_HEALTHY
2026-03-15 08:00:01.840,-0.0373,0.31401,0.2256,NORMAL_HEALTHY
2026-03-15 08:00:01.841,0.04025,0.29988,0.20955,NORMAL_HEALTHY
2026-03-15 08:00:01.842,0.19495,0.3196,0.24832,NORMAL_HEALTHY
2026-03-15 08:00:01.843,0.19587,0.34622,0.24309,NORMAL_HEALTHY
2026-03-15 08:00:01.844,0.32143,0.26342,0.26911,NORMAL_HEALTHY
2026-03-15 08:00:01.845,0.42503,0.1655,0.25861,NORMAL_HEALTHY
2026-03-15 08:00:01.846,0.27146,0.20156,0.31779,NORMAL_HEALTHY
2026-03-15 08:00:01.847,0.43782,0.16085,0.23184,NORMAL_HEALTHY
2026-03-15 08:00:01.848,0.34547,-0.01519,0.2838,NORMAL_HEALTHY
2026-03-15 08:00:01.849,0.38536,-0.01681,0.22801,NORMAL_HEALTHY
2026-03-15 08:00:01.850,0.30136,-0.02734,0.14121,NORMAL_HEALTHY
2026-03-15 08:00:01.851,0.3614,-0.09168,0.06048,NORMAL_HEALTHY
2026-03-15 08:00:01.852,0.30579,-0.08346,0.07391,NORMAL_HEALTHY
2026-03-15 08:00:01.853,0.30813,-0.20573,0.03849,NORMAL_HEALTHY
2026-03-15 08:00:01.854,0.202,-0.15691,0.00668,NORMAL_HEALTHY
2026-03-15 08:00:01.855,0.22949,-0.16414,-0.00178,NORMAL_HEALTHY
2026-03-15 08:00:01.856,0.16945,-0.26932,-0.05511,NORMAL_HEALTHY
2026-03-15 08:00:01.857,0.08977,-0.25347,-0.09457,NORMAL_HEALTHY
2026-03-15 08:00:01.858,0.0283,-0.33002,-0.12886,NORMAL_HEALTHY
2026-03-15 08:00:01.859,0.0482,-0.30869,-0.12677,NORMAL_HEALTHY
2026-03-15 08:00:01.860,0.09501,-0.2094,-0.08973,NORMAL_HEALTHY
2026-03-15 08:00:01.861,-0.01897,-0.20178,-0.1908,NORMAL_HEALTHY
2026-03-15 08:00:01.862,-0.10951,-0.36325,-0.14048,NORMAL_HEALTHY
2026-03-15 08:00:01.863,-0.03941,-0.26235,-0.2056,NORMAL_HEALTHY
2026-03-15 08:00:01.864,-0.19349,-0.21063,-0.16987,NORMAL_HEALTHY
2026-03-15 08:00:01.865,-0.28213,-0.19296,-0.2287,NORMAL_HEALTHY
2026-03-15 08:00:01.866,-0.22756,-0.16915,-0.23189,NORMAL_HEALTHY
2026-03-15 08:00:01.867,-0.27456,-0.17038,-0.1933,NORMAL_HEALTHY
2026-03-15 08:00:01.868,-0.28107,-0.11866,-0.26853,NORMAL_HEALTHY
2026-03-15 08:00:01.869,-0.3484,-0.05079,-0.21357,NORMAL_HEALTHY
2026-03-15 08:00:01.870,-0.31702,0.03045,-0.16288,NORMAL_HEALTHY
2026-03-15 08:00:01.871,-0.35726,-0.01762,-0.26613,NORMAL_HEALTHY
2026-03-15 08:00:01.872,-0.37215,0.04197,-0.13386,NORMAL_HEALTHY
2026-03-15 08:00:01.873,-0.36202,0.09522,-0.17429,NORMAL_HEALTHY
2026-03-15 08:00:01.874,-0.38008,0.18133,-0.01101,NORMAL_HEALTHY
2026-03-15 08:00:01.875,-0.30486,0.2243,0.00735,NORMAL_HEALTHY
2026-03-15 08:00:01.876,-0.2962,0.27006,-0.00427,NORMAL_HEALTHY
2026-03-15 08:00:01.877,-0.15813,0.29774,0.08041,NORMAL_HEALTHY
2026-03-15 08:00:01.878,-0.17814,0.34909,0.18994,NORMAL_HEALTHY
2026-03-15 08:00:01.879,-0.12137,0.32184,0.1688,NORMAL_HEALTHY
2026-03-15 08:00:01.880,0.03932,0.31834,0.10007,NORMAL_HEALTHY
2026-03-15 08:00:01.881,0.13893,0.3686,0.16995,NORMAL_HEALTHY
2026-03-15 08:00:01.882,0.10864,0.38569,0.30527,NORMAL_HEALTHY
2026-03-15 08:00:01.883,0.2483,0.28382,0.27221,NORMAL_HEALTHY
2026-03-15 08:00:01.884,0.24911,0.30242,0.24407,NORMAL_HEALTHY
2026-03-15 08:00:01.885,0.2597,0.2533,0.26943,NORMAL_HEALTHY
2026-03-15 08:00:01.886,0.40201,0.13254,0.25675,NORMAL_HEALTHY
2026-03-15 08:00:01.887,0.30821,0.10915,0.18701,NORMAL_HEALTHY
2026-03-15 08:00:01.888,0.33935,-0.00521,0.23683,NORMAL_HEALTHY
2026-03-15 08:00:01.889,0.39774,-0.06944,0.22821,NORMAL_HEALTHY
2026-03-15 08:00:01.890,0.47487,-0.04267,0.12482,NORMAL_HEALTHY
2026-03-15 08:00:01.891,0.47068,-0.14504,0.11197,NORMAL_HEALTHY
2026-03-15 08:00:01.892,0.31099,-0.07087,0.08752,NORMAL_HEALTHY
2026-03-15 08:00:01.893,0.24445,-0.20172,0.02745,NORMAL_HEALTHY
2026-03-15 08:00:01.894,0.18288,-0.18662,-0.01416,NORMAL_HEALTHY
2026-03-15 08:00:01.895,0.12029,-0.15702,-0.0434,NORMAL_HEALTHY
2026-03-15 08:00:01.896,0.09239,-0.23404,-0.05262,NORMAL_HEALTHY
2026-03-15 08:00:01.897,0.0291,-0.22475,-0.11811,NORMAL_HEALTHY
2026-03-15 08:00:01.898,0.16285,-0.22457,-0.11948,NORMAL_HEALTHY
2026-03-15 08:00:01.899,0.00127,-0.25586,-0.10588,NORMAL_HEALTHY
2026-03-15 08:00:01.900,-0.00127,-0.2621,-0.14521,NORMAL_HEALTHY
2026-03-15 08:00:01.901,-0.06872,-0.26598,-0.23847,NORMAL_HEALTHY
2026-03-15 08:00:01.902,-0.02861,-0.23414,-0.20907,NORMAL_HEALTHY
2026-03-15 08:00:01.903,-0.02149,-0.23515,-0.23298,NORMAL_HEALTHY
2026-03-15 08:00:01.904,-0.11296,-0.20998,-0.19543,NORMAL_HEALTHY
2026-03-15 08:00:01.905,-0.21628,-0.19122,-0.22818,NORMAL_HEALTHY
2026-03-15 08:00:01.906,-0.20543,-0.26962,-0.24049,NORMAL_HEALTHY
2026-03-15 08:00:01.907,-0.18327,-0.19389,-0.24839,NORMAL_HEALTHY
2026-03-15 08:00:01.908,-0.32441,-0.17966,-0.30134,NORMAL_HEALTHY
2026-03-15 08:00:01.909,-0.341,-0.08321,-0.21673,NORMAL_HEALTHY
2026-03-15 08:00:01.910,-0.35724,-0.0428,-0.16343,NORMAL_HEALTHY
2026-03-15 08:00:01.911,-0.37144,-0.0203,-0.18659,NORMAL_HEALTHY
2026-03-15 08:00:01.912,-0.33476,0.11584,-0.16951,NORMAL_HEALTHY
2026-03-15 08:00:01.913,-0.34938,0.12321,-0.14675,NORMAL_HEALTHY
2026-03-15 08:00:01.914,-0.33207,0.09879,-0.13299,NORMAL_HEALTHY
2026-03-15 08:00:01.915,-0.28165,0.19405,-0.01891,NORMAL_HEALTHY
2026-03-15 08:00:01.916,-0.25655,0.21298,0.02006,NORMAL_HEALTHY
2026-03-15 08:00:01.917,-0.26303,0.35042,0.0225,NORMAL_HEALTHY
2026-03-15 08:00:01.918,-0.1488,0.27475,0.13694,NORMAL_HEALTHY
2026-03-15 08:00:01.919,-0.08755,0.31423,0.19055,NORMAL_HEALTHY
2026-03-15 08:00:01.920,0.00147,0.36408,0.16488,NORMAL_HEALTHY
2026-03-15 08:00:01.921,0.00073,0.34083,0.21979,NORMAL_HEALTHY
2026-03-15 08:00:01.922,0.17034,0.31565,0.26177,NORMAL_HEALTHY
2026-03-15 08:00:01.923,0.1202,0.37156,0.26356,NORMAL_HEALTHY
2026-03-15 08:00:01.924,0.29053,0.21894,0.28551,NORMAL_HEALTHY
2026-03-15 08:00:01.925,0.23485,0.22958,0.25853,NORMAL_HEALTHY
2026-03-15 08:00:01.926,0.33455,0.19074,0.21553,NORMAL_HEALTHY
2026-03-15 08:00:01.927,0.3201,0.12827,0.3122,NORMAL_HEALTHY
2026-03-15 08:00:01.928,0.35682,0.08095,0.2088,NORMAL_HEALTHY
2026-03-15 08:00:01.929,0.45903,-0.07016,0.18484,NORMAL_HEALTHY
2026-03-15 08:00:01.930,0.26872,-0.15115,0.15767,NORMAL_HEALTHY
2026-03-15 08:00:01.931,0.33644,-0.10109,0.10755,NORMAL_HEALTHY
2026-03-15 08:00:01.932,0.45693,-0.13901,0.09278,NORMAL_HEALTHY
2026-03-15 08:00:01.933,0.23691,-0.14874,0.03107,NORMAL_HEALTHY
2026-03-15 08:00:01.934,0.2127,-0.11135,0.04678,NORMAL_HEALTHY
2026-03-15 08:00:01.935,0.20182,-0.30829,-0.03862,NORMAL_HEALTHY
2026-03-15 08:00:01.936,0.29095,-0.2367,-0.0164,NORMAL_HEALTHY
2026-03-15 08:00:01.937,0.18852,-0.22954,-0.11092,NORMAL_HEALTHY
2026-03-15 08:00:01.938,-0.04447,-0.21776,-0.134,NORMAL_HEALTHY
2026-03-15 08:00:01.939,0.04734,-0.30451,-0.13661,NORMAL_HEALTHY
2026-03-15 08:00:01.940,0.00169,-0.24146,-0.18627,NORMAL_HEALTHY
2026-03-15 08:00:01.941,0.02132,-0.27676,-0.22407,NORMAL_HEALTHY
2026-03-15 08:00:01.942,-0.08275,-0.24538,-0.17638,NORMAL_HEALTHY
2026-03-15 08:00:01.943,-0.04832,-0.24889,-0.2009,NORMAL_HEALTHY
2026-03-15 08:00:01.944,-0.21095,-0.19202,-0.20279,NORMAL_HEALTHY
2026-03-15 08:00:01.945,-0.21599,-0.29131,-0.16846,NORMAL_HEALTHY
2026-03-15 08:00:01.946,-0.29461,-0.21379,-0.21276,NORMAL_HEALTHY
2026-03-15 08:00:01.947,-0.32921,-0.22477,-0.3016,NORMAL_HEALTHY
2026-03-15 08:00:01.948,-0.26596,-0.15121,-0.12159,NORMAL_HEALTHY
2026-03-15 08:00:01.949,-0.37919,-0.12814,-0.23468,NORMAL_HEALTHY
2026-03-15 08:00:01.950,-0.33784,-0.06461,-0.1778,NORMAL_HEALTHY
2026-03-15 08:00:01.951,-0.41084,-0.05462,-0.23969,NORMAL_HEALTHY
2026-03-15 08:00:01.952,-0.47491,0.03381,-0.15806,NORMAL_HEALTHY
2026-03-15 08:00:01.953,-0.3859,0.16168,-0.06903,NORMAL_HEALTHY
2026-03-15 08:00:01.954,-0.34983,0.08483,-0.09091,NORMAL_HEALTHY
2026-03-15 08:00:01.955,-0.32998,0.18244,-0.05041,NORMAL_HEALTHY
2026-03-15 08:00:01.956,-0.28833,0.23804,-0.0006,NORMAL_HEALTHY
2026-03-15 08:00:01.957,-0.19095,0.30662,0.03809,NORMAL_HEALTHY
2026-03-15 08:00:01.958,-0.07546,0.27739,0.06035,NORMAL_HEALTHY
2026-03-15 08:00:01.959,-0.05194,0.30154,0.17194,NORMAL_HEALTHY
2026-03-15 08:00:01.960,-0.12018,0.4013,0.22276,NORMAL_HEALTHY
2026-03-15 08:00:01.961,-0.00405,0.27343,0.28948,NORMAL_HEALTHY
2026-03-15 08:00:01.962,0.10215,0.28359,0.17528,NORMAL_HEALTHY
2026-03-15 08:00:01.963,0.18383,0.28163,0.29435,NORMAL_HEALTHY
2026-03-15 08:00:01.964,0.1857,0.18986,0.29051,NORMAL_HEALTHY
2026-03-15 08:00:01.965,0.35032,0.14359,0.30884,NORMAL_HEALTHY
2026-03-15 08:00:01.966,0.33496,0.20748,0.25621,NORMAL_HEALTHY
2026-03-15 08:00:01.967,0.22821,0.10237,0.27586,NORMAL_HEALTHY
2026-03-15 08:00:01.968,0.31904,0.03934,0.20638,NORMAL_HEALTHY
2026-03-15 08:00:01.969,0.21694,0.07513,0.14998,NORMAL_HEALTHY
2026-03-15 08:00:01.970,0.37529,-0.04831,0.19127,NORMAL_HEALTHY
2026-03-15 08:00:01.971,0.34977,-0.09896,0.07999,NORMAL_HEALTHY
2026-03-15 08:00:01.972,0.3419,-0.20766,0.09754,NORMAL_HEALTHY
2026-03-15 08:00:01.973,0.21443,-0.10807,0.04506,NORMAL_HEALTHY
2026-03-15 08:00:01.974,0.26543,-0.18517,-0.05575,NORMAL_HEALTHY
2026-03-15 08:00:01.975,0.15195,-0.18179,-0.02015,NORMAL_HEALTHY
2026-03-15 08:00:01.976,0.21484,-0.20975,-0.08885,NORMAL_HEALTHY
2026-03-15 08:00:01.977,0.07662,-0.23447,-0.16245,NORMAL_HEALTHY
2026-03-15 08:00:01.978,0.16097,-0.22806,-0.06253,NORMAL_HEALTHY
2026-03-15 08:00:01.979,-0.0405,-0.1985,-0.04922,NORMAL_HEALTHY
2026-03-15 08:00:01.980,-0.06604,-0.22009,-0.14722,NORMAL_HEALTHY
2026-03-15 08:00:01.981,-0.11575,-0.23045,-0.13629,NORMAL_HEALTHY
2026-03-15 08:00:01.982,-0.10735,-0.19729,-0.24034,NORMAL_HEALTHY
2026-03-15 08:00:01.983,-0.19116,-0.23304,-0.19582,NORMAL_HEALTHY
2026-03-15 08:00:01.984,-0.19162,-0.19248,-0.19066,NORMAL_HEALTHY
2026-03-15 08:00:01.985,-0.15208,-0.2156,-0.19792,NORMAL_HEALTHY
2026-03-15 08:00:01.986,-0.25551,-0.10137,-0.25374,NORMAL_HEALTHY
2026-03-15 08:00:01.987,-0.16411,-0.15981,-0.2754,NORMAL_HEALTHY
2026-03-15 08:00:01.988,-0.23361,-0.12268,-0.19426,NORMAL_HEALTHY
2026-03-15 08:00:01.989,-0.26827,-0.07462,-0.23562,NORMAL_HEALTHY
2026-03-15 08:00:01.990,-0.30121,-0.04459,-0.17522,NORMAL_HEALTHY
2026-03-15 08:00:01.991,-0.4696,0.0231,-0.1991,NORMAL_HEALTHY
2026-03-15 08:00:01.992,-0.28106,0.08231,-0.13913,NORMAL_HEALTHY
2026-03-15 08:00:01.993,-0.33001,0.0664,-0.05519,NORMAL_HEALTHY
2026-03-15 08:00:01.994,-0.23352,0.17778,-0.01541,NORMAL_HEALTHY
2026-03-15 08:00:01.995,-0.32844,0.17649,-0.02455,NORMAL_HEALTHY
2026-03-15 08:00:01.996,-0.23391,0.23773,0.04046,NORMAL_HEALTHY
2026-03-15 08:00:01.997,-0.18605,0.24888,0.08812,NORMAL_HEALTHY
2026-03-15 08:00:01.998,-0.09584,0.32633,0.15732,NORMAL_HEALTHY
2026-03-15 08:00:01.999,-0.13185,0.35617,0.11973,NORMAL_HEALTHY
2026-03-15 08:00:02.000,-0.0557,0.31531,0.16626,NORMAL_HEALTHY
2026-03-15 08:00:02.001,0.04358,0.32718,0.26025,NORMAL_HEALTHY
2026-03-15 08:00:02.002,0.12296,0.25165,0.2945,NORMAL_HEALTHY
2026-03-15 08:00:02.003,0.15952,0.28881,0.28494,NORMAL_HEALTHY
2026-03-15 08:00:02.004,0.26564,0.30098,0.29149,NORMAL_HEALTHY
2026-03-15 08:00:02.005,0.25692,0.30295,0.27779,NORMAL_HEALTHY
2026-03-15 08:00:02.006,0.32572,0.20204,0.2674,NORMAL_HEALTHY
2026-03-15 08:00:02.007,0.37429,0.21475,0.22913,NORMAL_HEALTHY
2026-03-15 08:00:02.008,0.34784,0.06078,0.25005,NORMAL_HEALTHY
2026-03-15 08:00:02.009,0.28659,-0.07944,0.16098,NORMAL_HEALTHY
2026-03-15 08:00:02.010,0.2683,-0.06268,0.16484,NORMAL_HEALTHY
2026-03-15 08:00:02.011,0.28493,-0.14962,0.11369,NORMAL_HEALTHY
2026-03-15 08:00:02.012,0.34514,-0.20007,0.10364,NORMAL_HEALTHY
2026-03-15 08:00:02.013,0.31024,-0.12074,0.08206,NORMAL_HEALTHY
2026-03-15 08:00:02.014,0.34333,-0.20379,0.00942,NORMAL_HEALTHY
2026-03-15 08:00:02.015,0.17417,-0.21028,0.02766,NORMAL_HEALTHY
2026-03-15 08:00:02.016,0.08854,-0.26349,-0.00681,NORMAL_HEALTHY
2026-03-15 08:00:02.017,0.16743,-0.25428,-0.05155,NORMAL_HEALTHY
2026-03-15 08:00:02.018,0.09436,-0.18308,-0.10287,NORMAL_HEALTHY
2026-03-15 08:00:02.019,0.08981,-0.13911,-0.10639,NORMAL_HEALTHY
2026-03-15 08:00:02.020,0.00247,-0.22217,-0.16004,NORMAL_HEALTHY
2026-03-15 08:00:02.021,0.08087,-0.24374,-0.17502,NORMAL_HEALTHY
2026-03-15 08:00:02.022,-0.11908,-0.20021,-0.15165,NORMAL_HEALTHY
2026-03-15 08:00:02.023,-0.14129,-0.21435,-0.24951,NORMAL_HEALTHY
2026-03-15 08:00:02.024,-0.14655,-0.20765,-0.14948,NORMAL_HEALTHY
2026-03-15 08:00:02.025,-0.23353,-0.26469,-0.25035,NORMAL_HEALTHY
2026-03-15 08:00:02.026,-0.30005,-0.13185,-0.1711,NORMAL_HEALTHY
2026-03-15 08:00:02.027,-0.25337,-0.10939,-0.22257,NORMAL_HEALTHY
2026-03-15 08:00:02.028,-0.30677,-0.14219,-0.23491,NORMAL_HEALTHY
2026-03-15 08:00:02.029,-0.40686,-0.07775,-0.21631,NORMAL_HEALTHY
2026-03-15 08:00:02.030,-0.31273,-0.04065,-0.20492,NORMAL_HEALTHY
2026-03-15 08:00:02.031,-0.40547,0.00716,-0.15091,NORMAL_HEALTHY
2026-03-15 08:00:02.032,-0.4209,0.05955,-0.13937,NORMAL_HEALTHY
2026-03-15 08:00:02.033,-0.39023,0.08385,-0.10394,NORMAL_HEALTHY
2026-03-15 08:00:02.034,-0.38976,0.17595,-0.10241,NORMAL_HEALTHY
2026-03-15 08:00:02.035,-0.24684,0.30972,-0.05611,NORMAL_HEALTHY
2026-03-15 08:00:02.036,-0.22894,0.22359,0.05808,NORMAL_HEALTHY
2026-03-15 08:00:02.037,-0.26463,0.31173,0.03941,NORMAL_HEALTHY
2026-03-15 08:00:02.038,-0.14936,0.27522,0.14576,NORMAL_HEALTHY
2026-03-15 08:00:02.039,-0.11282,0.35974,0.14865,NORMAL_HEALTHY
2026-03-15 08:00:02.040,-0.00572,0.3484,0.17256,NORMAL_HEALTHY
2026-03-15 08:00:02.041,0.08149,0.40132,0.20372,NORMAL_HEALTHY
2026-03-15 08:00:02.042,0.19761,0.38271,0.22603,NORMAL_HEALTHY
2026-03-15 08:00:02.043,0.12862,0.30414,0.25015,NORMAL_HEALTHY
2026-03-15 08:00:02.044,0.34909,0.25595,0.24665,NORMAL_HEALTHY
2026-03-15 08:00:02.045,0.24263,0.25669,0.25099,NORMAL_HEALTHY
2026-03-15 08:00:02.046,0.33528,0.2017,0.24172,NORMAL_HEALTHY
2026-03-15 08:00:02.047,0.35203,0.10813,0.26267,NORMAL_HEALTHY
2026-03-15 08:00:02.048,0.39327,0.04648,0.21478,NORMAL_HEALTHY
2026-03-15 08:00:02.049,0.34333,-0.0587,0.19054,NORMAL_HEALTHY
2026-03-15 08:00:02.050,0.44461,-0.08218,0.1202,NORMAL_HEALTHY
2026-03-15 08:00:02.051,0.28593,-0.05818,0.12696,NORMAL_HEALTHY
2026-03-15 08:00:02.052,0.29408,-0.16705,0.07816,NORMAL_HEALTHY
2026-03-15 08:00:02.053,0.19115,-0.1552,0.06991,NORMAL_HEALTHY
2026-03-15 08:00:02.054,0.17067,-0.25379,0.06086,NORMAL_HEALTHY
2026-03-15 08:00:02.055,0.1644,-0.16209,-0.03138,NORMAL_HEALTHY
2026-03-15 08:00:02.056,0.1477,-0.20826,-0.08595,NORMAL_HEALTHY
2026-03-15 08:00:02.057,0.12305,-0.25506,-0.12768,NORMAL_HEALTHY
2026-03-15 08:00:02.058,0.09417,-0.25803,-0.11097,NORMAL_HEALTHY
2026-03-15 08:00:02.059,-0.02198,-0.18376,-0.09664,NORMAL_HEALTHY
2026-03-15 08:00:02.060,0.04821,-0.26586,-0.20778,NORMAL_HEALTHY
2026-03-15 08:00:02.061,0.05912,-0.25399,-0.19167,NORMAL_HEALTHY
2026-03-15 08:00:02.062,-0.05646,-0.19723,-0.18281,NORMAL_HEALTHY
2026-03-15 08:00:02.063,-0.05249,-0.19282,-0.23438,NORMAL_HEALTHY
2026-03-15 08:00:02.064,-0.18948,-0.1862,-0.30418,NORMAL_HEALTHY
2026-03-15 08:00:02.065,-0.20246,-0.27117,-0.23569,NORMAL_HEALTHY
2026-03-15 08:00:02.066,-0.24817,-0.20388,-0.24463,NORMAL_HEALTHY
2026-03-15 08:00:02.067,-0.32424,-0.06389,-0.1619,NORMAL_HEALTHY
2026-03-15 08:00:02.068,-0.36011,-0.06079,-0.23803,NORMAL_HEALTHY
2026-03-15 08:00:02.069,-0.32301,-0.09167,-0.23798,NORMAL_HEALTHY
2026-03-15 08:00:02.070,-0.30081,-0.03927,-0.21591,NORMAL_HEALTHY
2026-03-15 08:00:02.071,-0.42714,-0.03388,-0.2342,NORMAL_HEALTHY
2026-03-15 08:00:02.072,-0.36312,0.00497,-0.15682,NORMAL_HEALTHY
2026-03-15 08:00:02.073,-0.28582,0.1598,-0.11314,NORMAL_HEALTHY
2026-03-15 08:00:02.074,-0.33744,0.24097,-0.05284,NORMAL_HEALTHY
2026-03-15 08:00:02.075,-0.31638,0.14976,-0.0122,NORMAL_HEALTHY
2026-03-15 08:00:02.076,-0.21419,0.22763,0.03183,NORMAL_HEALTHY
2026-03-15 08:00:02.077,-0.21955,0.28348,-0.01711,NORMAL_HEALTHY
2026-03-15 08:00:02.078,-0.1501,0.36024,0.09488,NORMAL_HEALTHY
2026-03-15 08:00:02.079,-0.06835,0.30415,0.17331,NORMAL_HEALTHY
2026-03-15 08:00:02.080,-0.01083,0.30221,0.24587,NORMAL_HEALTHY
2026-03-15 08:00:02.081,0.11742,0.31057,0.24838,NORMAL_HEALTHY
2026-03-15 08:00:02.082,0.16589,0.34634,0.1953,NORMAL_HEALTHY
2026-03-15 08:00:02.083,0.2517,0.26709,0.25678,NORMAL_HEALTHY
2026-03-15 08:00:02.084,0.38755,0.2673,0.26121,NORMAL_HEALTHY
2026-03-15 08:00:02.085,0.18972,0.26943,0.2239,NORMAL_HEALTHY
2026-03-15 08:00:02.086,0.28291,0.14699,0.30824,NORMAL_HEALTHY
2026-03-15 08:00:02.087,0.39299,0.10212,0.24955,NORMAL_HEALTHY
2026-03-15 08:00:02.088,0.33371,0.06177,0.21511,NORMAL_HEALTHY
2026-03-15 08:00:02.089,0.41035,0.0452,0.19881,NORMAL_HEALTHY
2026-03-15 08:00:02.090,0.33188,-0.0131,0.14404,NORMAL_HEALTHY
2026-03-15 08:00:02.091,0.27537,-0.10612,0.11422,NORMAL_HEALTHY
2026-03-15 08:00:02.092,0.34752,-0.13583,0.03261,NORMAL_HEALTHY
2026-03-15 08:00:02.093,0.27222,-0.15647,0.04592,NORMAL_HEALTHY
2026-03-15 08:00:02.094,0.27922,-0.14535,-0.01522,NORMAL_HEALTHY
2026-03-15 08:00:02.095,0.16418,-0.25457,-0.00153,NORMAL_HEALTHY
2026-03-15 08:00:02.096,0.22824,-0.24028,-0.06346,NORMAL_HEALTHY
2026-03-15 08:00:02.097,0.18976,-0.21736,-0.06619,NORMAL_HEALTHY
2026-03-15 08:00:02.098,0.01775,-0.21799,-0.138,NORMAL_HEALTHY
2026-03-15 08:00:02.099,-0.01817,-0.26613,-0.14783,NORMAL_HEALTHY
2026-03-15 08:00:02.100,-0.01108,-0.31412,-0.1137,NORMAL_HEALTHY
2026-03-15 08:00:02.101,0.01786,-0.33416,-0.13122,NORMAL_HEALTHY
2026-03-15 08:00:02.102,-0.11782,-0.21042,-0.18439,NORMAL_HEALTHY
2026-03-15 08:00:02.103,-0.11498,-0.24671,-0.15429,NORMAL_HEALTHY
2026-03-15 08:00:02.104,-0.21777,-0.20106,-0.17069,NORMAL_HEALTHY
2026-03-15 08:00:02.105,-0.15917,-0.11156,-0.23753,NORMAL_HEALTHY
2026-03-15 08:00:02.106,-0.18536,-0.19316,-0.18213,NORMAL_HEALTHY
2026-03-15 08:00:02.107,-0.26976,-0.17778,-0.18155,NORMAL_HEALTHY
2026-03-15 08:00:02.108,-0.32659,-0.18808,-0.24214,NORMAL_HEALTHY
2026-03-15 08:00:02.109,-0.29852,-0.02982,-0.211,NORMAL_HEALTHY
2026-03-15 08:00:02.110,-0.28409,-0.10235,-0.21474,NORMAL_HEALTHY
2026-03-15 08:00:02.111,-0.37634,-0.00077,-0.17381,NORMAL_HEALTHY
2026-03-15 08:00:02.112,-0.32918,0.03693,-0.14266,NORMAL_HEALTHY
2026-03-15 08:00:02.113,-0.35658,0.06948,-0.11599,NORMAL_HEALTHY
2026-03-15 08:00:02.114,-0.34027,0.15406,-0.06996,NORMAL_HEALTHY
2026-03-15 08:00:02.115,-0.2962,0.19199,0.01856,NORMAL_HEALTHY
2026-03-15 08:00:02.116,-0.31413,0.22383,0.11894,NORMAL_HEALTHY
2026-03-15 08:00:02.117,-0.25327,0.23377,0.09567,NORMAL_HEALTHY
2026-03-15 08:00:02.118,-0.24287,0.30904,0.19208,NORMAL_HEALTHY
2026-03-15 08:00:02.119,-0.14822,0.25204,0.10822,NORMAL_HEALTHY
2026-03-15 08:00:02.120,0.04492,0.38993,0.18129,NORMAL_HEALTHY
2026-03-15 08:00:02.121,0.10514,0.39536,0.29351,NORMAL_HEALTHY
2026-03-15 08:00:02.122,0.1267,0.22123,0.22586,NORMAL_HEALTHY
2026-03-15 08:00:02.123,0.18003,0.2803,0.26273,NORMAL_HEALTHY
2026-03-15 08:00:02.124,0.3116,0.30864,0.26872,NORMAL_HEALTHY
2026-03-15 08:00:02.125,0.35491,0.22556,0.27324,NORMAL_HEALTHY
2026-03-15 08:00:02.126,0.37841,0.16415,0.33069,NORMAL_HEALTHY
2026-03-15 08:00:02.127,0.28241,0.08694,0.23433,NORMAL_HEALTHY
2026-03-15 08:00:02.128,0.3857,0.10972,0.21169,NORMAL_HEALTHY
2026-03-15 08:00:02.129,0.2908,0.03991,0.20795,NORMAL_HEALTHY
2026-03-15 08:00:02.130,0.25291,-0.04479,0.0916,NORMAL_HEALTHY
2026-03-15 08:00:02.131,0.29623,-0.12735,0.13959,NORMAL_HEALTHY
2026-03-15 08:00:02.132,0.30785,-0.18267,0.10573,NORMAL_HEALTHY
2026-03-15 08:00:02.133,0.19769,-0.14726,0.01092,NORMAL_HEALTHY
2026-03-15 08:00:02.134,0.21494,-0.16722,0.02383,NORMAL_HEALTHY
2026-03-15 08:00:02.135,0.26184,-0.21386,-0.01526,NORMAL_HEALTHY
2026-03-15 08:00:02.136,0.13391,-0.21916,-0.03963,NORMAL_HEALTHY
2026-03-15 08:00:02.137,0.11151,-0.3155,-0.06986,NORMAL_HEALTHY
2026-03-15 08:00:02.138,0.09553,-0.27574,-0.15043,NORMAL_HEALTHY
2026-03-15 08:00:02.139,0.11232,-0.23051,-0.13534,NORMAL_HEALTHY
2026-03-15 08:00:02.140,-0.05685,-0.2878,-0.10166,NORMAL_HEALTHY
2026-03-15 08:00:02.141,-0.03165,-0.2748,-0.14763,NORMAL_HEALTHY
2026-03-15 08:00:02.142,-0.11802,-0.18305,-0.13465,NORMAL_HEALTHY
2026-03-15 08:00:02.143,-0.13975,-0.26556,-0.28835,NORMAL_HEALTHY
2026-03-15 08:00:02.144,-0.22987,-0.28382,-0.20451,NORMAL_HEALTHY
2026-03-15 08:00:02.145,-0.2113,-0.26754,-0.22885,NORMAL_HEALTHY
2026-03-15 08:00:02.146,-0.20796,-0.16622,-0.29179,NORMAL_HEALTHY
2026-03-15 08:00:02.147,-0.27579,-0.22008,-0.1957,NORMAL_HEALTHY
2026-03-15 08:00:02.148,-0.2628,-0.1662,-0.25086,NORMAL_HEALTHY
2026-03-15 08:00:02.149,-0.35253,-0.18472,-0.20313,NORMAL_HEALTHY
2026-03-15 08:00:02.150,-0.36364,-0.00339,-0.23767,NORMAL_HEALTHY
2026-03-15 08:00:02.151,-0.39287,-0.05993,-0.2119,NORMAL_HEALTHY
2026-03-15 08:00:02.152,-0.42283,0.09816,-0.17196,NORMAL_HEALTHY
2026-03-15 08:00:02.153,-0.34812,0.09265,-0.15644,NORMAL_HEALTHY
2026-03-15 08:00:02.154,-0.3415,0.18654,-0.11334,NORMAL_HEALTHY
2026-03-15 08:00:02.155,-0.25953,0.17425,-0.04289,NORMAL_HEALTHY
2026-03-15 08:00:02.156,-0.22912,0.22628,0.02296,NORMAL_HEALTHY
2026-03-15 08:00:02.157,-0.2171,0.2968,-0.01337,NORMAL_HEALTHY
2026-03-15 08:00:02.158,-0.2305,0.34522,0.15328,NORMAL_HEALTHY
2026-03-15 08:00:02.159,-0.1165,0.32591,0.17101,NORMAL_HEALTHY
2026-03-15 08:00:02.160,0.03466,0.25595,0.16822,NORMAL_HEALTHY
2026-03-15 08:00:02.161,0.05435,0.36616,0.3184,NORMAL_HEALTHY
2026-03-15 08:00:02.162,0.12761,0.25925,0.26867,NORMAL_HEALTHY
2026-03-15 08:00:02.163,0.26742,0.29589,0.23757,NORMAL_HEALTHY
2026-03-15 08:00:02.164,0.30356,0.28267,0.23882,NORMAL_HEALTHY
2026-03-15 08:00:02.165,0.31906,0.25275,0.31235,NORMAL_HEALTHY
2026-03-15 08:00:02.166,0.32976,0.14586,0.30162,NORMAL_HEALTHY
2026-03-15 08:00:02.167,0.29382,0.12747,0.19081,NORMAL_HEALTHY
2026-03-15 08:00:02.168,0.417,0.04486,0.25695,NORMAL_HEALTHY
2026-03-15 08:00:02.169,0.38648,-0.04789,0.23139,NORMAL_HEALTHY
2026-03-15 08:00:02.170,0.42756,-0.00713,0.1206,NORMAL_HEALTHY
2026-03-15 08:00:02.171,0.31417,-0.0828,0.08663,NORMAL_HEALTHY
2026-03-15 08:00:02.172,0.38663,-0.1219,-0.01969,NORMAL_HEALTHY
2026-03-15 08:00:02.173,0.28635,-0.17609,0.03679,NORMAL_HEALTHY
2026-03-15 08:00:02.174,0.21479,-0.15436,0.04477,NORMAL_HEALTHY
2026-03-15 08:00:02.175,0.20914,-0.22478,-0.02743,NORMAL_HEALTHY
2026-03-15 08:00:02.176,0.15677,-0.261,-0.03475,NORMAL_HEALTHY
2026-03-15 08:00:02.177,0.13943,-0.17338,-0.03752,NORMAL_HEALTHY
2026-03-15 08:00:02.178,0.04301,-0.21197,-0.13876,NORMAL_HEALTHY
2026-03-15 08:00:02.179,0.07333,-0.27335,-0.16314,NORMAL_HEALTHY
2026-03-15 08:00:02.180,0.014,-0.36654,-0.20854,NORMAL_HEALTHY
2026-03-15 08:00:02.181,-0.0474,-0.24789,-0.17839,NORMAL_HEALTHY
2026-03-15 08:00:02.182,-0.15627,-0.2816,-0.16831,NORMAL_HEALTHY
2026-03-15 08:00:02.183,-0.08733,-0.23953,-0.15622,NORMAL_HEALTHY
2026-03-15 08:00:02.184,-0.13592,-0.25866,-0.21906,NORMAL_HEALTHY
2026-03-15 08:00:02.185,-0.26513,-0.21496,-0.18009,NORMAL_HEALTHY
2026-03-15 08:00:02.186,-0.19896,-0.12907,-0.2359,NORMAL_HEALTHY
2026-03-15 08:00:02.187,-0.20207,-0.16951,-0.17575,NORMAL_HEALTHY
2026-03-15 08:00:02.188,-0.3031,-0.09798,-0.17242,NORMAL_HEALTHY
2026-03-15 08:00:02.189,-0.33914,-0.0797,-0.16978,NORMAL_HEALTHY
2026-03-15 08:00:02.190,-0.35665,-0.10076,-0.12422,NORMAL_HEALTHY
2026-03-15 08:00:02.191,-0.3854,0.01085,-0.13629,NORMAL_HEALTHY
2026-03-15 08:00:02.192,-0.39415,0.013,-0.13864,NORMAL_HEALTHY
2026-03-15 08:00:02.193,-0.44398,0.0966,-0.10343,NORMAL_HEALTHY
2026-03-15 08:00:02.194,-0.34658,0.09548,-0.01527,NORMAL_HEALTHY
2026-03-15 08:00:02.195,-0.29481,0.27119,-0.03509,NORMAL_HEALTHY
2026-03-15 08:00:02.196,-0.29966,0.26591,0.01409,NORMAL_HEALTHY
2026-03-15 08:00:02.197,-0.26026,0.35377,0.04818,NORMAL_HEALTHY
2026-03-15 08:00:02.198,-0.23103,0.37549,0.09933,NORMAL_HEALTHY
2026-03-15 08:00:02.199,-0.10137,0.26125,0.22162,NORMAL_HEALTHY
2026-03-15 08:00:02.200,-0.06447,0.34461,0.23117,NORMAL_HEALTHY
2026-03-15 08:00:02.201,0.09206,0.33374,0.1714,NORMAL_HEALTHY
2026-03-15 08:00:02.202,0.09853,0.32702,0.22704,NORMAL_HEALTHY
2026-03-15 08:00:02.203,0.21154,0.32028,0.30299,NORMAL_HEALTHY
2026-03-15 08:00:02.204,0.19435,0.34783,0.30159,NORMAL_HEALTHY
2026-03-15 08:00:02.205,0.2999,0.25667,0.35378,NORMAL_HEALTHY
2026-03-15 08:00:02.206,0.26115,0.1515,0.17542,NORMAL_HEALTHY
2026-03-15 08:00:02.207,0.36396,0.12436,0.23739,NORMAL_HEALTHY
2026-03-15 08:00:02.208,0.331,-0.03127,0.22562,NORMAL_HEALTHY
2026-03-15 08:00:02.209,0.43469,-0.02102,0.19693,NORMAL_HEALTHY
2026-03-15 08:00:02.210,0.27159,-0.02519,0.13349,NORMAL_HEALTHY
2026-03-15 08:00:02.211,0.29135,-0.1213,0.09749,NORMAL_HEALTHY
2026-03-15 08:00:02.212,0.32113,-0.1838,0.06103,NORMAL_HEALTHY
2026-03-15 08:00:02.213,0.26731,-0.208,0.10229,NORMAL_HEALTHY
2026-03-15 08:00:02.214,0.19055,-0.21711,-0.02866,NORMAL_HEALTHY
2026-03-15 08:00:02.215,0.28491,-0.18687,-0.05877,NORMAL_HEALTHY
2026-03-15 08:00:02.216,0.21111,-0.21836,-0.04601,NORMAL_HEALTHY
2026-03-15 08:00:02.217,0.0992,-0.27069,-0.06964,NORMAL_HEALTHY
2026-03-15 08:00:02.218,0.05004,-0.16962,-0.1499,NORMAL_HEALTHY
2026-03-15 08:00:02.219,0.11534,-0.25613,-0.11686,NORMAL_HEALTHY
2026-03-15 08:00:02.220,0.04166,-0.27966,-0.11701,NORMAL_HEALTHY
2026-03-15 08:00:02.221,-0.17391,-0.282,-0.19781,NORMAL_HEALTHY
2026-03-15 08:00:02.222,-0.13997,-0.25597,-0.1685,NORMAL_HEALTHY
2026-03-15 08:00:02.223,-0.08129,-0.22861,-0.22001,NORMAL_HEALTHY
2026-03-15 08:00:02.224,-0.13734,-0.22161,-0.17648,NORMAL_HEALTHY
2026-03-15 08:00:02.225,-0.15614,-0.20907,-0.25042,NORMAL_HEALTHY
2026-03-15 08:00:02.226,-0.26587,-0.21202,-0.23633,NORMAL_HEALTHY
2026-03-15 08:00:02.227,-0.25598,-0.1309,-0.22905,NORMAL_HEALTHY
2026-03-15 08:00:02.228,-0.3012,-0.12194,-0.2421,NORMAL_HEALTHY
2026-03-15 08:00:02.229,-0.37574,-0.16359,-0.23922,NORMAL_HEALTHY
2026-03-15 08:00:02.230,-0.32634,-0.0745,-0.20755,NORMAL_HEALTHY
2026-03-15 08:00:02.231,-0.33859,0.02623,-0.21454,NORMAL_HEALTHY
2026-03-15 08:00:02.232,-0.31388,0.10374,-0.18707,NORMAL_HEALTHY
2026-03-15 08:00:02.233,-0.39552,0.15945,-0.11715,NORMAL_HEALTHY
2026-03-15 08:00:02.234,-0.44408,0.10159,-0.0798,NORMAL_HEALTHY
2026-03-15 08:00:02.235,-0.35814,0.19279,-0.02485,NORMAL_HEALTHY
2026-03-15 08:00:02.236,-0.18254,0.24213,0.05918,NORMAL_HEALTHY
2026-03-15 08:00:02.237,-0.12993,0.35226,0.07993,NORMAL_HEALTHY
2026-03-15 08:00:02.238,-0.23718,0.33863,0.15367,NORMAL_HEALTHY
2026-03-15 08:00:02.239,-0.07503,0.41042,0.19079,NORMAL_HEALTHY
2026-03-15 08:00:02.240,0.02841,0.3883,0.2109,NORMAL_HEALTHY
2026-03-15 08:00:02.241,-0.05367,0.31506,0.27285,NORMAL_HEALTHY
2026-03-15 08:00:02.242,0.09864,0.30954,0.21802,NORMAL_HEALTHY
2026-03-15 08:00:02.243,0.29057,0.36277,0.23837,NORMAL_HEALTHY
2026-03-15 08:00:02.244,0.26302,0.22555,0.29625,NORMAL_HEALTHY
2026-03-15 08:00:02.245,0.32547,0.24486,0.2826,NORMAL_HEALTHY
2026-03-15 08:00:02.246,0.47986,0.11739,0.1988,NORMAL_HEALTHY
2026-03-15 08:00:02.247,0.33467,0.04219,0.18652,NORMAL_HEALTHY
2026-03-15 08:00:02.248,0.31366,0.01664,0.17914,NORMAL_HEALTHY
2026-03-15 08:00:02.249,0.38783,-0.01741,0.17524,NORMAL_HEALTHY
2026-03-15 08:00:02.250,0.39471,-0.07719,0.138,NORMAL_HEALTHY
2026-03-15 08:00:02.251,0.34776,-0.1715,0.02779,NORMAL_HEALTHY
2026-03-15 08:00:02.252,0.31932,-0.10712,0.14718,NORMAL_HEALTHY
2026-03-15 08:00:02.253,0.27728,-0.12645,0.03257,NORMAL_HEALTHY
2026-03-15 08:00:02.254,0.24809,-0.1178,-0.06876,NORMAL_HEALTHY
2026-03-15 08:00:02.255,0.21567,-0.1196,-0.01611,NORMAL_HEALTHY
2026-03-15 08:00:02.256,0.23832,-0.25363,-0.05613,NORMAL_HEALTHY
2026-03-15 08:00:02.257,0.1181,-0.33309,-0.12234,NORMAL_HEALTHY
2026-03-15 08:00:02.258,0.02245,-0.2119,-0.07495,NORMAL_HEALTHY
2026-03-15 08:00:02.259,0.05473,-0.21637,-0.13307,NORMAL_HEALTHY
2026-03-15 08:00:02.260,0.0601,-0.2525,-0.14523,NORMAL_HEALTHY
2026-03-15 08:00:02.261,-0.05181,-0.22231,-0.18021,NORMAL_HEALTHY
2026-03-15 08:00:02.262,-0.02848,-0.29495,-0.22046,NORMAL_HEALTHY
2026-03-15 08:00:02.263,-0.08205,-0.24261,-0.2126,NORMAL_HEALTHY
2026-03-15 08:00:02.264,-0.11129,-0.2527,-0.21625,NORMAL_HEALTHY
2026-03-15 08:00:02.265,-0.12503,-0.14495,-0.16398,NORMAL_HEALTHY
2026-03-15 08:00:02.266,-0.24733,-0.13635,-0.25851,NORMAL_HEALTHY
2026-03-15 08:00:02.267,-0.31472,-0.26119,-0.16871,NORMAL_HEALTHY
2026-03-15 08:00:02.268,-0.34521,-0.13341,-0.25591,NORMAL_HEALTHY
2026-03-15 08:00:02.269,-0.29471,-0.10494,-0.26056,NORMAL_HEALTHY
2026-03-15 08:00:02.270,-0.32792,-0.10556,-0.22854,NORMAL_HEALTHY
2026-03-15 08:00:02.271,-0.46726,-0.05642,-0.1705,NORMAL_HEALTHY
2026-03-15 08:00:02.272,-0.46196,-0.00712,-0.14761,NORMAL_HEALTHY
2026-03-15 08:00:02.273,-0.38151,0.19349,-0.04782,NORMAL_HEALTHY
2026-03-15 08:00:02.274,-0.37648,0.18475,-0.04485,NORMAL_HEALTHY
2026-03-15 08:00:02.275,-0.32986,0.1468,-0.02642,NORMAL_HEALTHY
2026-03-15 08:00:02.276,-0.2643,0.23595,0.03712,NORMAL_HEALTHY
2026-03-15 08:00:02.277,-0.23891,0.24234,0.07378,NORMAL_HEALTHY
2026-03-15 08:00:02.278,-0.11972,0.26903,0.14946,NORMAL_HEALTHY
2026-03-15 08:00:02.279,-0.1595,0.31171,0.15166,NORMAL_HEALTHY
2026-03-15 08:00:02.280,-0.03181,0.31811,0.26471,NORMAL_HEALTHY
2026-03-15 08:00:02.281,0.02843,0.44003,0.24625,NORMAL_HEALTHY
2026-03-15 08:00:02.282,0.14362,0.33928,0.34314,NORMAL_HEALTHY
2026-03-15 08:00:02.283,0.15169,0.24369,0.24289,NORMAL_HEALTHY
2026-03-15 08:00:02.284,0.25726,0.18113,0.27551,NORMAL_HEALTHY
2026-03-15 08:00:02.285,0.38466,0.2168,0.26074,NORMAL_HEALTHY
2026-03-15 08:00:02.286,0.30218,0.19926,0.22976,NORMAL_HEALTHY
2026-03-15 08:00:02.287,0.44665,0.191,0.24774,NORMAL_HEALTHY
2026-03-15 08:00:02.288,0.36315,0.09963,0.25087,NORMAL_HEALTHY
2026-03-15 08:00:02.289,0.32161,-0.01828,0.13524,NORMAL_HEALTHY
2026-03-15 08:00:02.290,0.37045,-0.01629,0.10001,NORMAL_HEALTHY
2026-03-15 08:00:02.291,0.30671,-0.14624,0.0798,NORMAL_HEALTHY
2026-03-15 08:00:02.292,0.32956,-0.15921,0.0644,NORMAL_HEALTHY
2026-03-15 08:00:02.293,0.18801,-0.15335,0.03786,NORMAL_HEALTHY
2026-03-15 08:00:02.294,0.19678,-0.19669,0.01189,NORMAL_HEALTHY
2026-03-15 08:00:02.295,0.15424,-0.27311,0.03721,NORMAL_HEALTHY
2026-03-15 08:00:02.296,0.12413,-0.231,-0.01963,NORMAL_HEALTHY
2026-03-15 08:00:02.297,0.29288,-0.29174,-0.06571,NORMAL_HEALTHY
2026-03-15 08:00:02.298,0.04192,-0.26974,-0.13069,NORMAL_HEALTHY
2026-03-15 08:00:02.299,-0.01775,-0.25315,-0.17893,NORMAL_HEALTHY
2026-03-15 08:00:02.300,0.04734,-0.25054,-0.13247,NORMAL_HEALTHY
2026-03-15 08:00:02.301,-0.06184,-0.267,-0.1554,NORMAL_HEALTHY
2026-03-15 08:00:02.302,-0.1355,-0.26205,-0.21209,NORMAL_HEALTHY
2026-03-15 08:00:02.303,-0.16095,-0.32851,-0.14983,NORMAL_HEALTHY
2026-03-15 08:00:02.304,-0.19012,-0.17745,-0.17183,NORMAL_HEALTHY
2026-03-15 08:00:02.305,-0.25929,-0.25662,-0.1294,NORMAL_HEALTHY
2026-03-15 08:00:02.306,-0.14568,-0.19,-0.21629,NORMAL_HEALTHY
2026-03-15 08:00:02.307,-0.30092,-0.14292,-0.25236,NORMAL_HEALTHY
2026-03-15 08:00:02.308,-0.40363,-0.1842,-0.22331,NORMAL_HEALTHY
2026-03-15 08:00:02.309,-0.38602,-0.09184,-0.25251,NORMAL_HEALTHY
2026-03-15 08:00:02.310,-0.38912,-0.00837,-0.19057,NORMAL_HEALTHY
2026-03-15 08:00:02.311,-0.3624,0.04145,-0.15993,NORMAL_HEALTHY
2026-03-15 08:00:02.312,-0.2914,0.03629,-0.16256,NORMAL_HEALTHY
2026-03-15 08:00:02.313,-0.41938,0.0906,-0.07824,NORMAL_HEALTHY
2026-03-15 08:00:02.314,-0.26809,0.20189,-0.13387,NORMAL_HEALTHY
2026-03-15 08:00:02.315,-0.24583,0.13223,0.00545,NORMAL_HEALTHY
2026-03-15 08:00:02.316,-0.27404,0.28433,-0.02499,NORMAL_HEALTHY
2026-03-15 08:00:02.317,-0.14281,0.22904,0.04656,NORMAL_HEALTHY
2026-03-15 08:00:02.318,-0.18892,0.24448,0.12029,NORMAL_HEALTHY
2026-03-15 08:00:02.319,0.01933,0.44962,0.16409,NORMAL_HEALTHY
2026-03-15 08:00:02.320,0.05583,0.35199,0.21669,NORMAL_HEALTHY
2026-03-15 08:00:02.321,0.05387,0.34457,0.24977,NORMAL_HEALTHY
2026-03-15 08:00:02.322,0.11009,0.31575,0.25255,NORMAL_HEALTHY
2026-03-15 08:00:02.323,0.24269,0.246,0.2675,NORMAL_HEALTHY
2026-03-15 08:00:02.324,0.35126,0.30394,0.32195,NORMAL_HEALTHY
2026-03-15 08:00:02.325,0.30121,0.22401,0.30606,NORMAL_HEALTHY
2026-03-15 08:00:02.326,0.4111,0.07813,0.21263,NORMAL_HEALTHY
2026-03-15 08:00:02.327,0.4198,0.09706,0.21525,NORMAL_HEALTHY
2026-03-15 08:00:02.328,0.30102,0.03224,0.16346,NORMAL_HEALTHY
2026-03-15 08:00:02.329,0.46647,0.00314,0.1795,NORMAL_HEALTHY
2026-03-15 08:00:02.330,0.3794,-0.00373,0.18036,NORMAL_HEALTHY
2026-03-15 08:00:02.331,0.38315,-0.11579,0.10084,NORMAL_HEALTHY
2026-03-15 08:00:02.332,0.34046,-0.15045,0.07475,NORMAL_HEALTHY
2026-03-15 08:00:02.333,0.28932,-0.12792,-0.02281,NORMAL_HEALTHY
2026-03-15 08:00:02.334,0.26896,-0.19859,0.03034,NORMAL_HEALTHY
2026-03-15 08:00:02.335,0.23383,-0.14203,0.02138,NORMAL_HEALTHY
2026-03-15 08:00:02.336,0.22312,-0.16554,-0.04481,NORMAL_HEALTHY
2026-03-15 08:00:02.337,0.11803,-0.20175,-0.05584,NORMAL_HEALTHY
2026-03-15 08:00:02.338,0.06184,-0.22963,-0.10671,NORMAL_HEALTHY
2026-03-15 08:00:02.339,-0.00417,-0.19655,-0.12539,NORMAL_HEALTHY
2026-03-15 08:00:02.340,0.10244,-0.32196,-0.16674,NORMAL_HEALTHY
2026-03-15 08:00:02.341,-0.0369,-0.20306,-0.15148,NORMAL_HEALTHY
2026-03-15 08:00:02.342,-0.06177,-0.29475,-0.22249,NORMAL_HEALTHY
2026-03-15 08:00:02.343,-0.1003,-0.29682,-0.21533,NORMAL_HEALTHY
2026-03-15 08:00:02.344,-0.13075,-0.26864,-0.15305,NORMAL_HEALTHY
2026-03-15 08:00:02.345,-0.13379,-0.27715,-0.25165,NORMAL_HEALTHY
2026-03-15 08:00:02.346,-0.34751,-0.22192,-0.19848,NORMAL_HEALTHY
2026-03-15 08:00:02.347,-0.29007,-0.14171,-0.28054,NORMAL_HEALTHY
2026-03-15 08:00:02.348,-0.26211,-0.15163,-0.22362,NORMAL_HEALTHY
2026-03-15 08:00:02.349,-0.33411,-0.14302,-0.25525,NORMAL_HEALTHY
2026-03-15 08:00:02.350,-0.30161,-0.02767,-0.16248,NORMAL_HEALTHY
2026-03-15 08:00:02.351,-0.34568,0.01018,-0.23716,NORMAL_HEALTHY
2026-03-15 08:00:02.352,-0.37725,0.05467,-0.07917,NORMAL_HEALTHY
2026-03-15 08:00:02.353,-0.31998,0.17411,-0.09109,NORMAL_HEALTHY
2026-03-15 08:00:02.354,-0.36865,0.16605,-0.0628,NORMAL_HEALTHY
2026-03-15 08:00:02.355,-0.34695,0.19403,-0.03319,NORMAL_HEALTHY
2026-03-15 08:00:02.356,-0.17537,0.16604,0.06385,NORMAL_HEALTHY
2026-03-15 08:00:02.357,-0.24821,0.23299,0.11126,NORMAL_HEALTHY
2026-03-15 08:00:02.358,-0.10242,0.37236,0.145,NORMAL_HEALTHY
2026-03-15 08:00:02.359,0.03202,0.36002,0.15521,NORMAL_HEALTHY
2026-03-15 08:00:02.360,0.01715,0.39497,0.17195,NORMAL_HEALTHY
2026-03-15 08:00:02.361,0.03838,0.32315,0.15729,NORMAL_HEALTHY
2026-03-15 08:00:02.362,0.14592,0.23888,0.25645,NORMAL_HEALTHY
2026-03-15 08:00:02.363,0.24463,0.27104,0.32801,NORMAL_HEALTHY
2026-03-15 08:00:02.364,0.18263,0.3051,0.29836,NORMAL_HEALTHY
2026-03-15 08:00:02.365,0.21419,0.32557,0.26876,NORMAL_HEALTHY
2026-03-15 08:00:02.366,0.28921,0.10128,0.25097,NORMAL_HEALTHY
2026-03-15 08:00:02.367,0.34796,0.11319,0.22833,NORMAL_HEALTHY
2026-03-15 08:00:02.368,0.39539,0.03936,0.14482,NORMAL_HEALTHY
2026-03-15 08:00:02.369,0.35445,-0.09652,0.19391,NORMAL_HEALTHY
2026-03-15 08:00:02.370,0.30103,-0.03768,0.19325,NORMAL_HEALTHY
2026-03-15 08:00:02.371,0.28203,-0.04388,0.09609,NORMAL_HEALTHY
2026-03-15 08:00:02.372,0.38967,-0.14355,0.04551,NORMAL_HEALTHY
2026-03-15 08:00:02.373,0.30374,-0.17981,0.00996,NORMAL_HEALTHY
2026-03-15 08:00:02.374,0.20933,-0.19055,0.05256,NORMAL_HEALTHY
2026-03-15 08:00:02.375,0.09828,-0.20938,-0.00411,NORMAL_HEALTHY
2026-03-15 08:00:02.376,0.16547,-0.17122,-0.05761,NORMAL_HEALTHY
2026-03-15 08:00:02.377,0.1072,-0.21367,-0.07798,NORMAL_HEALTHY
2026-03-15 08:00:02.378,0.05778,-0.2249,-0.12832,NORMAL_HEALTHY
2026-03-15 08:00:02.379,0.00797,-0.27384,-0.07997,NORMAL_HEALTHY
2026-03-15 08:00:02.380,-0.16105,-0.23606,-0.14606,NORMAL_HEALTHY
2026-03-15 08:00:02.381,-0.12257,-0.23823,-0.14881,NORMAL_HEALTHY
2026-03-15 08:00:02.382,-0.04782,-0.35954,-0.13418,NORMAL_HEALTHY
2026-03-15 08:00:02.383,-0.15331,-0.20967,-0.17077,NORMAL_HEALTHY
2026-03-15 08:00:02.384,-0.19963,-0.19882,-0.22273,NORMAL_HEALTHY
2026-03-15 08:00:02.385,-0.29856,-0.16074,-0.24614,NORMAL_HEALTHY
2026-03-15 08:00:02.386,-0.27595,-0.20579,-0.21577,NORMAL_HEALTHY
2026-03-15 08:00:02.387,-0.27224,-0.138,-0.27414,NORMAL_HEALTHY
2026-03-15 08:00:02.388,-0.33913,-0.13296,-0.15762,NORMAL_HEALTHY
2026-03-15 08:00:02.389,-0.33516,-0.04286,-0.21354,NORMAL_HEALTHY
2026-03-15 08:00:02.390,-0.37418,-0.05511,-0.20512,NORMAL_HEALTHY
2026-03-15 08:00:02.391,-0.33173,0.06252,-0.16416,NORMAL_HEALTHY
2026-03-15 08:00:02.392,-0.30437,0.01483,-0.16204,NORMAL_HEALTHY
2026-03-15 08:00:02.393,-0.39054,0.1222,-0.12457,NORMAL_HEALTHY
2026-03-15 08:00:02.394,-0.2966,0.12151,-0.06956,NORMAL_HEALTHY
2026-03-15 08:00:02.395,-0.26564,0.12259,0.04827,NORMAL_HEALTHY
2026-03-15 08:00:02.396,-0.26981,0.16841,0.02718,NORMAL_HEALTHY
2026-03-15 08:00:02.397,-0.1997,0.28782,0.10465,NORMAL_HEALTHY
2026-03-15 08:00:02.398,-0.10164,0.3317,0.13273,NORMAL_HEALTHY
2026-03-15 08:00:02.399,-0.07619,0.41174,0.10892,NORMAL_HEALTHY
2026-03-15 08:00:02.400,0.00978,0.34599,0.23908,INCIPIENT_WARNING
2026-03-15 08:00:02.401,0.09755,0.28717,0.31362,INCIPIENT_WARNING
2026-03-15 08:00:02.402,0.10943,0.37638,0.14925,INCIPIENT_WARNING
2026-03-15 08:00:02.403,0.29023,0.43744,0.25782,INCIPIENT_WARNING
2026-03-15 08:00:02.404,0.17275,0.23511,0.28205,INCIPIENT_WARNING
2026-03-15 08:00:02.405,0.33369,0.17146,0.3422,INCIPIENT_WARNING
2026-03-15 08:00:02.406,0.25714,0.05879,0.31482,INCIPIENT_WARNING
2026-03-15 08:00:02.407,0.19583,0.09711,0.39248,INCIPIENT_WARNING
2026-03-15 08:00:02.408,0.15622,-0.143,0.02873,INCIPIENT_WARNING
2026-03-15 08:00:02.409,0.44542,0.06876,0.28997,INCIPIENT_WARNING
2026-03-15 08:00:02.410,0.27783,0.0559,0.15959,INCIPIENT_WARNING
2026-03-15 08:00:02.411,0.36045,-0.13987,0.15653,INCIPIENT_WARNING
2026-03-15 08:00:02.412,0.29667,-0.10417,0.03974,INCIPIENT_WARNING
2026-03-15 08:00:02.413,0.19822,-0.12188,0.01606,INCIPIENT_WARNING
2026-03-15 08:00:02.414,0.17218,-0.22871,0.03839,INCIPIENT_WARNING
2026-03-15 08:00:02.415,0.1529,-0.21709,-0.02403,INCIPIENT_WARNING
2026-03-15 08:00:02.416,-0.10757,-0.39783,-0.15173,INCIPIENT_WARNING
2026-03-15 08:00:02.417,0.03176,-0.1978,-0.06333,INCIPIENT_WARNING
2026-03-15 08:00:02.418,0.17832,-0.10706,-0.06601,INCIPIENT_WARNING
2026-03-15 08:00:02.419,0.06334,-0.30062,-0.0255,INCIPIENT_WARNING
2026-03-15 08:00:02.420,0.13942,-0.2532,-0.12884,INCIPIENT_WARNING
2026-03-15 08:00:02.421,0.06189,-0.25806,-0.19409,INCIPIENT_WARNING
2026-03-15 08:00:02.422,-0.01909,-0.2451,-0.17634,INCIPIENT_WARNING
2026-03-15 08:00:02.423,-0.17518,-0.34235,-0.18561,INCIPIENT_WARNING
2026-03-15 08:00:02.424,0.03745,-0.15841,-0.02548,INCIPIENT_WARNING
2026-03-15 08:00:02.425,-0.35419,-0.3438,-0.31854,INCIPIENT_WARNING
2026-03-15 08:00:02.426,-0.20897,-0.12364,-0.23728,INCIPIENT_WARNING
2026-03-15 08:00:02.427,-0.1665,-0.03936,-0.22338,INCIPIENT_WARNING
2026-03-15 08:00:02.428,-0.22792,-0.19974,-0.18298,INCIPIENT_WARNING
2026-03-15 08:00:02.429,-0.2526,-0.0346,-0.21249,INCIPIENT_WARNING
2026-03-15 08:00:02.430,-0.56021,-0.08331,-0.2313,INCIPIENT_WARNING
2026-03-15 08:00:02.431,-0.43433,0.01067,-0.19959,INCIPIENT_WARNING
2026-03-15 08:00:02.432,-0.21147,0.1284,0.00236,INCIPIENT_WARNING
2026-03-15 08:00:02.433,-0.31155,0.04837,-0.1678,INCIPIENT_WARNING
2026-03-15 08:00:02.434,-0.39916,0.16237,-0.07668,INCIPIENT_WARNING
2026-03-15 08:00:02.435,-0.49045,0.28987,0.06775,INCIPIENT_WARNING
2026-03-15 08:00:02.436,-0.33917,0.19323,-0.00706,INCIPIENT_WARNING
2026-03-15 08:00:02.437,-0.25816,0.30568,-0.02732,INCIPIENT_WARNING
2026-03-15 08:00:02.438,-0.21601,0.41569,0.07463,INCIPIENT_WARNING
2026-03-15 08:00:02.439,0.01496,0.35948,0.07154,INCIPIENT_WARNING
2026-03-15 08:00:02.440,0.04484,0.33786,0.17835,INCIPIENT_WARNING
2026-03-15 08:00:02.441,0.1783,0.42459,0.34611,INCIPIENT_WARNING
2026-03-15 08:00:02.442,0.17186,0.31342,0.14371,INCIPIENT_WARNING
2026-03-15 08:00:02.443,0.1779,0.47574,0.31466,INCIPIENT_WARNING
2026-03-15 08:00:02.444,0.43294,0.34541,0.29584,INCIPIENT_WARNING
2026-03-15 08:00:02.445,0.31766,0.20603,0.18196,INCIPIENT_WARNING
2026-03-15 08:00:02.446,0.33933,0.23647,0.23305,INCIPIENT_WARNING
2026-03-15 08:00:02.447,0.38731,0.16133,0.19646,INCIPIENT_WARNING
2026-03-15 08:00:02.448,0.11901,-0.14273,-0.01539,INCIPIENT_WARNING
2026-03-15 08:00:02.449,0.3647,0.00753,0.33252,INCIPIENT_WARNING
2026-03-15 08:00:02.450,0.28883,-0.03748,0.12387,INCIPIENT_WARNING
2026-03-15 08:00:02.451,0.39461,-0.02489,0.13625,INCIPIENT_WARNING
2026-03-15 08:00:02.452,0.33935,-0.13533,0.02762,INCIPIENT_WARNING
2026-03-15 08:00:02.453,0.40782,-0.20999,0.07097,INCIPIENT_WARNING
2026-03-15 08:00:02.454,0.30893,-0.22532,0.05545,INCIPIENT_WARNING
2026-03-15 08:00:02.455,0.25282,-0.10777,-0.04818,INCIPIENT_WARNING
2026-03-15 08:00:02.456,-0.06833,-0.34588,-0.16329,INCIPIENT_WARNING
2026-03-15 08:00:02.457,0.08715,-0.28745,-0.20745,INCIPIENT_WARNING
2026-03-15 08:00:02.458,0.16394,-0.09761,-0.03786,INCIPIENT_WARNING
2026-03-15 08:00:02.459,0.0603,-0.23388,-0.12828,INCIPIENT_WARNING
2026-03-15 08:00:02.460,0.06602,-0.23216,-0.16457,INCIPIENT_WARNING
2026-03-15 08:00:02.461,-0.09018,-0.26618,-0.14735,INCIPIENT_WARNING
2026-03-15 08:00:02.462,-0.1037,-0.23295,-0.16516,INCIPIENT_WARNING
2026-03-15 08:00:02.463,-0.05837,-0.1643,-0.19495,INCIPIENT_WARNING
2026-03-15 08:00:02.464,-0.11458,-0.16396,-0.09079,INCIPIENT_WARNING
2026-03-15 08:00:02.465,-0.44116,-0.20171,-0.31406,INCIPIENT_WARNING
2026-03-15 08:00:02.466,-0.17665,-0.08803,-0.23105,INCIPIENT_WARNING
2026-03-15 08:00:02.467,-0.22392,-0.16476,-0.23215,INCIPIENT_WARNING
2026-03-15 08:00:02.468,-0.3737,-0.03742,-0.25691,INCIPIENT_WARNING
2026-03-15 08:00:02.469,-0.27917,-0.19999,-0.15466,INCIPIENT_WARNING
2026-03-15 08:00:02.470,-0.28029,-0.03938,-0.21335,INCIPIENT_WARNING
2026-03-15 08:00:02.471,-0.34002,0.1415,-0.26808,INCIPIENT_WARNING
2026-03-15 08:00:02.472,-0.09166,0.14305,0.04345,INCIPIENT_WARNING
2026-03-15 08:00:02.473,-0.41254,0.06207,-0.14511,INCIPIENT_WARNING
2026-03-15 08:00:02.474,-0.45164,0.20468,-0.1902,INCIPIENT_WARNING
2026-03-15 08:00:02.475,-0.23876,0.21136,-0.06062,INCIPIENT_WARNING
2026-03-15 08:00:02.476,-0.25314,0.1593,0.01704,INCIPIENT_WARNING
2026-03-15 08:00:02.477,-0.30774,0.32246,0.02327,INCIPIENT_WARNING
2026-03-15 08:00:02.478,-0.17023,0.34385,0.08307,INCIPIENT_WARNING
2026-03-15 08:00:02.479,-0.07752,0.24936,0.19357,INCIPIENT_WARNING
2026-03-15 08:00:02.480,0.12556,0.51656,0.20702,INCIPIENT_WARNING
2026-03-15 08:00:02.481,0.22148,0.29358,0.39121,INCIPIENT_WARNING
2026-03-15 08:00:02.482,0.14287,0.26086,0.27349,INCIPIENT_WARNING
2026-03-15 08:00:02.483,0.19522,0.27398,0.30504,INCIPIENT_WARNING
2026-03-15 08:00:02.484,0.1923,0.32575,0.23378,INCIPIENT_WARNING
2026-03-15 08:00:02.485,0.22377,0.15471,0.30773,INCIPIENT_WARNING
2026-03-15 08:00:02.486,0.29691,0.08351,0.23468,INCIPIENT_WARNING
2026-03-15 08:00:02.487,0.35883,0.03956,0.18599,INCIPIENT_WARNING
2026-03-15 08:00:02.488,0.29519,-0.13906,0.00293,INCIPIENT_WARNING
2026-03-15 08:00:02.489,0.43632,0.03858,0.29808,INCIPIENT_WARNING
2026-03-15 08:00:02.490,0.42402,-0.06398,0.08826,INCIPIENT_WARNING
2026-03-15 08:00:02.491,0.40388,-0.1108,0.17994,INCIPIENT_WARNING
2026-03-15 08:00:02.492,0.16054,-0.1103,0.18349,INCIPIENT_WARNING
2026-03-15 08:00:02.493,0.24722,-0.17934,0.0531,INCIPIENT_WARNING
2026-03-15 08:00:02.494,0.1959,-0.21243,-0.01287,INCIPIENT_WARNING
2026-03-15 08:00:02.495,0.15561,-0.13888,-0.00205,INCIPIENT_WARNING
2026-03-15 08:00:02.496,0.03623,-0.27186,-0.19224,INCIPIENT_WARNING
2026-03-15 08:00:02.497,0.02726,-0.30321,-0.11465,INCIPIENT_WARNING
2026-03-15 08:00:02.498,0.05781,-0.24733,-0.08562,INCIPIENT_WARNING
2026-03-15 08:00:02.499,0.16827,-0.43936,-0.15879,INCIPIENT_WARNING
2026-03-15 08:00:02.500,0.12326,-0.25064,-0.11259,INCIPIENT_WARNING
2026-03-15 08:00:02.501,-0.02673,-0.29362,-0.27621,INCIPIENT_WARNING
2026-03-15 08:00:02.502,-0.06737,-0.30109,-0.22857,INCIPIENT_WARNING
2026-03-15 08:00:02.503,-0.15403,-0.13754,-0.08009,INCIPIENT_WARNING
2026-03-15 08:00:02.504,-0.00194,-0.16966,-0.14866,INCIPIENT_WARNING
2026-03-15 08:00:02.505,-0.28374,-0.18179,-0.3394,INCIPIENT_WARNING
2026-03-15 08:00:02.506,-0.37439,-0.13033,-0.15109,INCIPIENT_WARNING
2026-03-15 08:00:02.507,-0.37993,-0.1485,-0.20196,INCIPIENT_WARNING
2026-03-15 08:00:02.508,-0.32711,-0.18737,-0.18967,INCIPIENT_WARNING
2026-03-15 08:00:02.509,-0.36015,-0.17778,-0.31751,INCIPIENT_WARNING
2026-03-15 08:00:02.510,-0.26762,-0.00811,-0.19929,INCIPIENT_WARNING
2026-03-15 08:00:02.511,-0.40295,-0.02884,-0.23582,INCIPIENT_WARNING
2026-03-15 08:00:02.512,-0.17194,0.07534,0.01433,INCIPIENT_WARNING
2026-03-15 08:00:02.513,-0.42154,0.12502,-0.14877,INCIPIENT_WARNING
2026-03-15 08:00:02.514,-0.31818,0.22511,-0.04966,INCIPIENT_WARNING
2026-03-15 08:00:02.515,-0.24474,0.23424,-0.05078,INCIPIENT_WARNING
2026-03-15 08:00:02.516,-0.21692,0.35756,0.03211,INCIPIENT_WARNING
2026-03-15 08:00:02.517,-0.07089,0.20397,0.01187,INCIPIENT_WARNING
2026-03-15 08:00:02.518,-0.07786,0.34487,0.18852,INCIPIENT_WARNING
2026-03-15 08:00:02.519,-0.07514,0.2907,0.15271,INCIPIENT_WARNING
2026-03-15 08:00:02.520,-0.10992,0.28171,0.25292,INCIPIENT_WARNING
2026-03-15 08:00:02.521,0.23238,0.42858,0.23516,INCIPIENT_WARNING
2026-03-15 08:00:02.522,0.06086,0.21664,0.2711,INCIPIENT_WARNING
2026-03-15 08:00:02.523,0.17344,0.23807,0.28535,INCIPIENT_WARNING
2026-03-15 08:00:02.524,0.22448,0.35672,0.25202,INCIPIENT_WARNING
2026-03-15 08:00:02.525,0.20028,0.07996,0.2703,INCIPIENT_WARNING
2026-03-15 08:00:02.526,0.3033,0.07928,0.32683,INCIPIENT_WARNING
2026-03-15 08:00:02.527,0.41194,0.11026,0.31398,INCIPIENT_WARNING
2026-03-15 08:00:02.528,0.18617,-0.14254,-0.03947,INCIPIENT_WARNING
2026-03-15 08:00:02.529,0.52802,0.09076,0.28042,INCIPIENT_WARNING
2026-03-15 08:00:02.530,0.29846,-0.00868,0.11316,INCIPIENT_WARNING
2026-03-15 08:00:02.531,0.30746,-0.01794,0.06044,INCIPIENT_WARNING
2026-03-15 08:00:02.532,0.2106,-0.18717,0.13882,INCIPIENT_WARNING
2026-03-15 08:00:02.533,0.29285,-0.17492,0.01297,INCIPIENT_WARNING
2026-03-15 08:00:02.534,0.2725,-0.247,0.01937,INCIPIENT_WARNING
2026-03-15 08:00:02.535,0.14944,-0.26998,-0.05734,INCIPIENT_WARNING
2026-03-15 08:00:02.536,-0.01304,-0.32934,-0.17256,INCIPIENT_WARNING
2026-03-15 08:00:02.537,-0.18338,-0.31892,-0.1364,INCIPIENT_WARNING
2026-03-15 08:00:02.538,0.24458,-0.28366,-0.05057,INCIPIENT_WARNING
2026-03-15 08:00:02.539,0.12357,-0.35395,-0.13179,INCIPIENT_WARNING
2026-03-15 08:00:02.540,-0.05776,-0.29098,-0.19194,INCIPIENT_WARNING
2026-03-15 08:00:02.541,-0.08666,-0.08839,-0.12268,INCIPIENT_WARNING
2026-03-15 08:00:02.542,-0.00345,-0.22596,-0.27113,INCIPIENT_WARNING
2026-03-15 08:00:02.543,-0.09085,-0.17978,-0.24503,INCIPIENT_WARNING
2026-03-15 08:00:02.544,0.05646,-0.09653,0.00689,INCIPIENT_WARNING
2026-03-15 08:00:02.545,-0.35364,-0.3621,-0.35117,INCIPIENT_WARNING
2026-03-15 08:00:02.546,-0.10133,-0.28377,-0.30544,INCIPIENT_WARNING
2026-03-15 08:00:02.547,-0.26191,-0.18745,-0.22572,INCIPIENT_WARNING
2026-03-15 08:00:02.548,-0.2567,-0.17453,-0.33738,INCIPIENT_WARNING
2026-03-15 08:00:02.549,-0.18629,-0.14917,-0.26989,INCIPIENT_WARNING
2026-03-15 08:00:02.550,-0.28109,-0.06957,-0.20853,INCIPIENT_WARNING
2026-03-15 08:00:02.551,-0.33961,0.06981,-0.20024,INCIPIENT_WARNING
2026-03-15 08:00:02.552,-0.02519,0.07962,0.09639,INCIPIENT_WARNING
2026-03-15 08:00:02.553,-0.46422,0.17206,-0.14178,INCIPIENT_WARNING
2026-03-15 08:00:02.554,-0.42777,0.1841,-0.05934,INCIPIENT_WARNING
2026-03-15 08:00:02.555,-0.23342,0.17275,-0.02528,INCIPIENT_WARNING
2026-03-15 08:00:02.556,-0.27264,0.25459,0.05275,INCIPIENT_WARNING
2026-03-15 08:00:02.557,-0.35559,0.31976,0.05561,INCIPIENT_WARNING
2026-03-15 08:00:02.558,-0.20076,0.28585,0.11281,INCIPIENT_WARNING
2026-03-15 08:00:02.559,-0.33492,0.30323,0.12039,INCIPIENT_WARNING
2026-03-15 08:00:02.560,0.03851,0.3038,0.19485,INCIPIENT_WARNING
2026-03-15 08:00:02.561,0.28566,0.47273,0.37245,INCIPIENT_WARNING
2026-03-15 08:00:02.562,0.04937,0.32593,0.20034,INCIPIENT_WARNING
2026-03-15 08:00:02.563,0.20313,0.33208,0.25613,INCIPIENT_WARNING
2026-03-15 08:00:02.564,0.38084,0.25864,0.32278,INCIPIENT_WARNING
2026-03-15 08:00:02.565,0.40823,0.27632,0.20246,INCIPIENT_WARNING
2026-03-15 08:00:02.566,0.37864,0.22019,0.31442,INCIPIENT_WARNING
2026-03-15 08:00:02.567,0.28635,0.07246,0.29776,INCIPIENT_WARNING
2026-03-15 08:00:02.568,0.07727,-0.11611,0.0864,INCIPIENT_WARNING
2026-03-15 08:00:02.569,0.47255,0.02428,0.23221,INCIPIENT_WARNING
2026-03-15 08:00:02.570,0.38624,-0.12825,0.13982,INCIPIENT_WARNING
2026-03-15 08:00:02.571,0.34071,-0.02764,0.12765,INCIPIENT_WARNING
2026-03-15 08:00:02.572,0.27493,-0.05099,0.07467,INCIPIENT_WARNING
2026-03-15 08:00:02.573,0.1871,-0.17901,0.1118,INCIPIENT_WARNING
2026-03-15 08:00:02.574,0.2514,-0.19591,0.08703,INCIPIENT_WARNING
2026-03-15 08:00:02.575,0.09992,-0.29599,-0.1074,INCIPIENT_WARNING
2026-03-15 08:00:02.576,0.03662,-0.32155,-0.11149,INCIPIENT_WARNING
2026-03-15 08:00:02.577,0.09919,-0.29732,-0.11852,INCIPIENT_WARNING
2026-03-15 08:00:02.578,0.14761,-0.32129,0.07992,INCIPIENT_WARNING
2026-03-15 08:00:02.579,0.05308,-0.2633,-0.12224,INCIPIENT_WARNING
2026-03-15 08:00:02.580,0.05148,-0.27083,-0.18473,INCIPIENT_WARNING
2026-03-15 08:00:02.581,0.00946,-0.23312,-0.20756,INCIPIENT_WARNING
2026-03-15 08:00:02.582,0.01945,-0.24007,-0.15464,INCIPIENT_WARNING
2026-03-15 08:00:02.583,-0.01916,-0.24607,-0.18747,INCIPIENT_WARNING
2026-03-15 08:00:02.584,0.0501,-0.18268,-0.08054,INCIPIENT_WARNING
2026-03-15 08:00:02.585,-0.32071,-0.35861,-0.22097,INCIPIENT_WARNING
2026-03-15 08:00:02.586,-0.30761,-0.25258,-0.13488,INCIPIENT_WARNING
2026-03-15 08:00:02.587,-0.21837,-0.22479,-0.19676,INCIPIENT_WARNING
2026-03-15 08:00:02.588,-0.22117,-0.14391,-0.11289,INCIPIENT_WARNING
2026-03-15 08:00:02.589,-0.46157,-0.04575,-0.15862,INCIPIENT_WARNING
2026-03-15 08:00:02.590,-0.29876,-0.05899,-0.22174,INCIPIENT_WARNING
2026-03-15 08:00:02.591,-0.34515,0.05378,-0.15422,INCIPIENT_WARNING
2026-03-15 08:00:02.592,-0.05307,0.15392,0.05319,INCIPIENT_WARNING
2026-03-15 08:00:02.593,-0.47636,0.06394,-0.09944,INCIPIENT_WARNING
2026-03-15 08:00:02.594,-0.3754,0.30512,-0.09639,INCIPIENT_WARNING
2026-03-15 08:00:02.595,-0.27675,0.24496,-0.03254,INCIPIENT_WARNING
2026-03-15 08:00:02.596,-0.27897,0.32878,0.02055,INCIPIENT_WARNING
2026-03-15 08:00:02.597,-0.26953,0.2443,0.04782,INCIPIENT_WARNING
2026-03-15 08:00:02.598,-0.1358,0.40802,0.05638,INCIPIENT_WARNING
2026-03-15 08:00:02.599,-0.09859,0.35795,0.07246,INCIPIENT_WARNING
2026-03-15 08:00:02.600,-0.06073,0.31398,0.16676,INCIPIENT_WARNING
2026-03-15 08:00:02.601,0.19252,0.40684,0.30367,INCIPIENT_WARNING
2026-03-15 08:00:02.602,0.11566,0.40051,0.29598,INCIPIENT_WARNING
2026-03-15 08:00:02.603,0.07914,0.34525,0.27978,INCIPIENT_WARNING
2026-03-15 08:00:02.604,0.28656,0.24608,0.29999,INCIPIENT_WARNING
2026-03-15 08:00:02.605,0.31612,0.17852,0.23004,INCIPIENT_WARNING
2026-03-15 08:00:02.606,0.31651,0.18374,0.30201,INCIPIENT_WARNING
2026-03-15 08:00:02.607,0.43211,0.08314,0.26382,INCIPIENT_WARNING
2026-03-15 08:00:02.608,0.1965,-0.03073,-0.00273,INCIPIENT_WARNING
2026-03-15 08:00:02.609,0.46664,0.08333,0.22276,INCIPIENT_WARNING
2026-03-15 08:00:02.610,0.35087,-0.00034,0.18637,INCIPIENT_WARNING
2026-03-15 08:00:02.611,0.29861,-0.09543,0.05176,INCIPIENT_WARNING
2026-03-15 08:00:02.612,0.38103,-0.12911,0.07682,INCIPIENT_WARNING
2026-03-15 08:00:02.613,0.25235,-0.17369,0.01619,INCIPIENT_WARNING
2026-03-15 08:00:02.614,0.28933,-0.22282,0.0854,INCIPIENT_WARNING
2026-03-15 08:00:02.615,0.31241,-0.27382,-0.02198,INCIPIENT_WARNING
2026-03-15 08:00:02.616,-0.04232,-0.35755,-0.09274,INCIPIENT_WARNING
2026-03-15 08:00:02.617,0.05854,-0.25289,-0.09285,INCIPIENT_WARNING
2026-03-15 08:00:02.618,0.06873,-0.27197,-0.11838,INCIPIENT_WARNING
2026-03-15 08:00:02.619,-0.05003,-0.45604,-0.12744,INCIPIENT_WARNING
2026-03-15 08:00:02.620,0.15025,-0.25504,-0.22638,INCIPIENT_WARNING
2026-03-15 08:00:02.621,-0.08117,-0.28737,-0.21968,INCIPIENT_WARNING
2026-03-15 08:00:02.622,-0.02138,-0.20987,-0.25251,INCIPIENT_WARNING
2026-03-15 08:00:02.623,-0.06809,-0.15438,-0.1077,INCIPIENT_WARNING
2026-03-15 08:00:02.624,0.20538,-0.1923,0.06465,INCIPIENT_WARNING
2026-03-15 08:00:02.625,-0.36205,-0.34116,-0.32796,INCIPIENT_WARNING
2026-03-15 08:00:02.626,-0.24854,-0.14825,-0.27005,INCIPIENT_WARNING
2026-03-15 08:00:02.627,-0.28954,-0.08248,-0.23213,INCIPIENT_WARNING
2026-03-15 08:00:02.628,-0.32048,-0.11383,-0.18738,INCIPIENT_WARNING
2026-03-15 08:00:02.629,-0.45998,-0.0528,-0.2333,INCIPIENT_WARNING
2026-03-15 08:00:02.630,-0.35422,0.01931,-0.26984,INCIPIENT_WARNING
2026-03-15 08:00:02.631,-0.45468,-0.11724,-0.21456,INCIPIENT_WARNING
2026-03-15 08:00:02.632,-0.02503,0.21568,0.0028,INCIPIENT_WARNING
2026-03-15 08:00:02.633,-0.44792,-0.00495,-0.21108,INCIPIENT_WARNING
2026-03-15 08:00:02.634,-0.35881,0.07115,-0.05089,INCIPIENT_WARNING
2026-03-15 08:00:02.635,-0.28763,0.24616,-0.01356,INCIPIENT_WARNING
2026-03-15 08:00:02.636,-0.22047,0.3097,0.03184,INCIPIENT_WARNING
2026-03-15 08:00:02.637,-0.17203,0.29065,0.09912,INCIPIENT_WARNING
2026-03-15 08:00:02.638,-0.16699,0.33696,0.11168,INCIPIENT_WARNING
2026-03-15 08:00:02.639,-0.10949,0.30873,0.19126,INCIPIENT_WARNING
2026-03-15 08:00:02.640,0.09624,0.43198,0.1444,INCIPIENT_WARNING
2026-03-15 08:00:02.641,0.2776,0.4021,0.36809,INCIPIENT_WARNING
2026-03-15 08:00:02.642,0.01684,0.30384,0.22864,INCIPIENT_WARNING
2026-03-15 08:00:02.643,0.11223,0.35008,0.36059,INCIPIENT_WARNING
2026-03-15 08:00:02.644,0.26482,0.35801,0.28676,INCIPIENT_WARNING
2026-03-15 08:00:02.645,0.36971,0.07735,0.40222,INCIPIENT_WARNING
2026-03-15 08:00:02.646,0.46197,0.1528,0.17212,INCIPIENT_WARNING
2026-03-15 08:00:02.647,0.39394,0.02444,0.27419,INCIPIENT_WARNING
2026-03-15 08:00:02.648,0.15037,-0.16724,0.05173,INCIPIENT_WARNING
2026-03-15 08:00:02.649,0.54878,0.13494,0.28677,INCIPIENT_WARNING
2026-03-15 08:00:02.650,0.26372,0.01425,0.14084,INCIPIENT_WARNING
2026-03-15 08:00:02.651,0.21786,-0.02569,0.20216,INCIPIENT_WARNING
2026-03-15 08:00:02.652,0.32961,0.01008,0.0967,INCIPIENT_WARNING
2026-03-15 08:00:02.653,0.25288,-0.2106,0.1237,INCIPIENT_WARNING
2026-03-15 08:00:02.654,0.18563,-0.15385,-0.02491,INCIPIENT_WARNING
2026-03-15 08:00:02.655,0.1731,-0.15563,-0.0453,INCIPIENT_WARNING
2026-03-15 08:00:02.656,-0.02896,-0.27178,-0.11821,INCIPIENT_WARNING
2026-03-15 08:00:02.657,0.12802,-0.31915,-0.14882,INCIPIENT_WARNING
2026-03-15 08:00:02.658,0.1506,-0.19935,-0.10656,INCIPIENT_WARNING
2026-03-15 08:00:02.659,0.06745,-0.27616,-0.24567,INCIPIENT_WARNING
2026-03-15 08:00:02.660,-0.06848,-0.29788,-0.15883,INCIPIENT_WARNING
2026-03-15 08:00:02.661,0.10505,-0.24582,-0.21212,INCIPIENT_WARNING
2026-03-15 08:00:02.662,-0.06881,-0.28443,-0.17816,INCIPIENT_WARNING
2026-03-15 08:00:02.663,-0.07927,-0.17548,-0.20801,INCIPIENT_WARNING
2026-03-15 08:00:02.664,0.12092,-0.0775,-0.11337,INCIPIENT_WARNING
2026-03-15 08:00:02.665,-0.17935,-0.28849,-0.39376,INCIPIENT_WARNING
2026-03-15 08:00:02.666,-0.08448,-0.04343,-0.20474,INCIPIENT_WARNING
2026-03-15 08:00:02.667,-0.31108,-0.17442,-0.19383,INCIPIENT_WARNING
2026-03-15 08:00:02.668,-0.2395,-0.109,-0.24444,INCIPIENT_WARNING
2026-03-15 08:00:02.669,-0.23056,-0.10943,-0.16782,INCIPIENT_WARNING
2026-03-15 08:00:02.670,-0.39056,-0.02002,-0.21608,INCIPIENT_WARNING
2026-03-15 08:00:02.671,-0.38759,-0.02035,-0.11833,INCIPIENT_WARNING
2026-03-15 08:00:02.672,-0.17056,0.18298,0.18806,INCIPIENT_WARNING
2026-03-15 08:00:02.673,-0.34439,-0.06207,-0.18475,INCIPIENT_WARNING
2026-03-15 08:00:02.674,-0.52533,0.08505,-0.27216,INCIPIENT_WARNING
2026-03-15 08:00:02.675,-0.29387,0.1715,0.0046,INCIPIENT_WARNING
2026-03-15 08:00:02.676,-0.39975,0.26794,-0.00695,INCIPIENT_WARNING
2026-03-15 08:00:02.677,-0.10413,0.39493,0.11242,INCIPIENT_WARNING
2026-03-15 08:00:02.678,-0.16736,0.46433,0.04644,INCIPIENT_WARNING
2026-03-15 08:00:02.679,-0.1804,0.34917,0.28523,INCIPIENT_WARNING
2026-03-15 08:00:02.680,-0.01497,0.35015,0.13592,INCIPIENT_WARNING
2026-03-15 08:00:02.681,0.25731,0.48709,0.3833,INCIPIENT_WARNING
2026-03-15 08:00:02.682,0.03578,0.25172,0.14566,INCIPIENT_WARNING
2026-03-15 08:00:02.683,0.2295,0.24669,0.23284,INCIPIENT_WARNING
2026-03-15 08:00:02.684,0.24869,0.24455,0.27116,INCIPIENT_WARNING
2026-03-15 08:00:02.685,0.34399,0.22248,0.26481,INCIPIENT_WARNING
2026-03-15 08:00:02.686,0.36839,0.10951,0.28124,INCIPIENT_WARNING
2026-03-15 08:00:02.687,0.38683,0.02092,0.30491,INCIPIENT_WARNING
2026-03-15 08:00:02.688,0.04861,-0.10807,0.04818,INCIPIENT_WARNING
2026-03-15 08:00:02.689,0.5649,0.07855,0.27231,INCIPIENT_WARNING
2026-03-15 08:00:02.690,0.44097,-0.00475,0.12388,INCIPIENT_WARNING
2026-03-15 08:00:02.691,0.26296,-0.24219,0.10213,INCIPIENT_WARNING
2026-03-15 08:00:02.692,0.3295,-0.05407,0.11171,INCIPIENT_WARNING
2026-03-15 08:00:02.693,0.38198,-0.2165,0.0987,INCIPIENT_WARNING
2026-03-15 08:00:02.694,0.20566,-0.15241,-0.07188,INCIPIENT_WARNING
2026-03-15 08:00:02.695,0.22611,-0.347,-0.03974,INCIPIENT_WARNING
2026-03-15 08:00:02.696,0.02917,-0.38103,-0.26054,INCIPIENT_WARNING
2026-03-15 08:00:02.697,0.14284,-0.28756,-0.14986,INCIPIENT_WARNING
2026-03-15 08:00:02.698,0.15064,-0.05365,0.00541,INCIPIENT_WARNING
2026-03-15 08:00:02.699,0.09991,-0.25665,-0.15034,INCIPIENT_WARNING
2026-03-15 08:00:02.700,-0.17799,-0.31123,-0.18126,INCIPIENT_WARNING
2026-03-15 08:00:02.701,-0.17364,-0.33576,-0.27292,INCIPIENT_WARNING
2026-03-15 08:00:02.702,-0.08869,-0.21274,-0.13895,INCIPIENT_WARNING
2026-03-15 08:00:02.703,-0.09219,-0.3141,-0.30887,INCIPIENT_WARNING
2026-03-15 08:00:02.704,-0.12622,-0.21288,-0.11986,INCIPIENT_WARNING
2026-03-15 08:00:02.705,-0.36058,-0.37781,-0.33888,INCIPIENT_WARNING
2026-03-15 08:00:02.706,-0.22429,-0.17378,-0.14433,INCIPIENT_WARNING
2026-03-15 08:00:02.707,-0.36355,-0.13823,-0.23304,INCIPIENT_WARNING
2026-03-15 08:00:02.708,-0.36164,-0.09019,-0.20621,INCIPIENT_WARNING
2026-03-15 08:00:02.709,-0.41408,-0.10191,-0.20802,INCIPIENT_WARNING
2026-03-15 08:00:02.710,-0.39246,-0.01044,-0.19718,INCIPIENT_WARNING
2026-03-15 08:00:02.711,-0.25005,-0.09348,-0.19574,INCIPIENT_WARNING
2026-03-15 08:00:02.712,-0.17789,0.27398,0.00086,INCIPIENT_WARNING
2026-03-15 08:00:02.713,-0.39521,0.04783,-0.19597,INCIPIENT_WARNING
2026-03-15 08:00:02.714,-0.50322,0.11579,-0.05499,INCIPIENT_WARNING
2026-03-15 08:00:02.715,-0.28694,0.28544,0.08909,INCIPIENT_WARNING
2026-03-15 08:00:02.716,-0.26234,0.22921,0.03879,INCIPIENT_WARNING
2026-03-15 08:00:02.717,-0.2575,0.27658,-0.00703,INCIPIENT_WARNING
2026-03-15 08:00:02.718,-0.07516,0.31773,0.13742,INCIPIENT_WARNING
2026-03-15 08:00:02.719,-0.15443,0.38478,0.12999,INCIPIENT_WARNING
2026-03-15 08:00:02.720,-0.01057,0.42011,0.25352,INCIPIENT_WARNING
2026-03-15 08:00:02.721,0.19004,0.3202,0.50389,INCIPIENT_WARNING
2026-03-15 08:00:02.722,0.21155,0.34322,0.1735,INCIPIENT_WARNING
2026-03-15 08:00:02.723,0.21681,0.28283,0.36238,INCIPIENT_WARNING
2026-03-15 08:00:02.724,0.30207,0.22788,0.27698,INCIPIENT_WARNING
2026-03-15 08:00:02.725,0.39531,0.32057,0.36158,INCIPIENT_WARNING
2026-03-15 08:00:02.726,0.41415,0.15728,0.10856,INCIPIENT_WARNING
2026-03-15 08:00:02.727,0.40077,0.11637,0.26254,INCIPIENT_WARNING
2026-03-15 08:00:02.728,0.11181,-0.20332,0.01066,INCIPIENT_WARNING
2026-03-15 08:00:02.729,0.55026,0.12217,0.34543,INCIPIENT_WARNING
2026-03-15 08:00:02.730,0.4187,-0.07367,0.15347,INCIPIENT_WARNING
2026-03-15 08:00:02.731,0.33049,-0.10603,0.14646,INCIPIENT_WARNING
2026-03-15 08:00:02.732,0.38673,0.00556,0.20958,INCIPIENT_WARNING
2026-03-15 08:00:02.733,0.29107,-0.41769,0.10456,INCIPIENT_WARNING
2026-03-15 08:00:02.734,0.20632,-0.25398,-0.01699,INCIPIENT_WARNING
2026-03-15 08:00:02.735,0.17691,-0.18455,-0.10765,INCIPIENT_WARNING
2026-03-15 08:00:02.736,-0.0885,-0.33179,-0.17873,INCIPIENT_WARNING
2026-03-15 08:00:02.737,0.12752,-0.33395,-0.17759,INCIPIENT_WARNING
2026-03-15 08:00:02.738,0.11244,-0.20544,0.02431,INCIPIENT_WARNING
2026-03-15 08:00:02.739,-0.14027,-0.30082,-0.23065,INCIPIENT_WARNING
2026-03-15 08:00:02.740,-0.12368,-0.2089,-0.12893,INCIPIENT_WARNING
2026-03-15 08:00:02.741,-0.00079,-0.20596,-0.19619,INCIPIENT_WARNING
2026-03-15 08:00:02.742,-0.11899,-0.12742,-0.21104,INCIPIENT_WARNING
2026-03-15 08:00:02.743,-0.06889,-0.25476,-0.30684,INCIPIENT_WARNING
2026-03-15 08:00:02.744,-0.14441,-0.16782,-0.01499,INCIPIENT_WARNING
2026-03-15 08:00:02.745,-0.29593,-0.26021,-0.4142,INCIPIENT_WARNING
2026-03-15 08:00:02.746,-0.08647,-0.23659,-0.19319,INCIPIENT_WARNING
2026-03-15 08:00:02.747,-0.27838,-0.17688,-0.16362,INCIPIENT_WARNING
2026-03-15 08:00:02.748,-0.39268,-0.23356,-0.25322,INCIPIENT_WARNING
2026-03-15 08:00:02.749,-0.3761,0.1243,-0.18872,INCIPIENT_WARNING
2026-03-15 08:00:02.750,-0.4057,-0.11514,-0.31217,INCIPIENT_WARNING
2026-03-15 08:00:02.751,-0.46638,0.01068,-0.1159,INCIPIENT_WARNING
2026-03-15 08:00:02.752,-0.01993,0.25663,0.07496,INCIPIENT_WARNING
2026-03-15 08:00:02.753,-0.40517,0.05459,-0.06962,INCIPIENT_WARNING
2026-03-15 08:00:02.754,-0.41374,0.14018,-0.22972,INCIPIENT_WARNING
2026-03-15 08:00:02.755,-0.30106,0.30151,-0.05306,INCIPIENT_WARNING
2026-03-15 08:00:02.756,-0.34077,0.31707,-0.0633,INCIPIENT_WARNING
2026-03-15 08:00:02.757,-0.13922,0.27689,0.05234,INCIPIENT_WARNING
2026-03-15 08:00:02.758,-0.22964,0.36901,0.25832,INCIPIENT_WARNING
2026-03-15 08:00:02.759,-0.01911,0.30467,0.23075,INCIPIENT_WARNING
2026-03-15 08:00:02.760,-0.0238,0.45505,0.2563,INCIPIENT_WARNING
2026-03-15 08:00:02.761,-0.02513,0.37332,0.40253,INCIPIENT_WARNING
2026-03-15 08:00:02.762,0.09165,0.23319,0.17966,INCIPIENT_WARNING
2026-03-15 08:00:02.763,0.08396,0.31424,0.41522,INCIPIENT_WARNING
2026-03-15 08:00:02.764,0.34542,0.41992,0.35055,INCIPIENT_WARNING
2026-03-15 08:00:02.765,0.39108,0.3468,0.30357,INCIPIENT_WARNING
2026-03-15 08:00:02.766,0.34634,0.24071,0.3567,INCIPIENT_WARNING
2026-03-15 08:00:02.767,0.34538,0.07124,0.26451,INCIPIENT_WARNING
2026-03-15 08:00:02.768,0.1642,-0.07343,-0.09976,INCIPIENT_WARNING
2026-03-15 08:00:02.769,0.65368,0.04028,0.28677,INCIPIENT_WARNING
2026-03-15 08:00:02.770,0.30847,0.12468,0.17113,INCIPIENT_WARNING
2026-03-15 08:00:02.771,0.26138,-0.05888,0.13489,INCIPIENT_WARNING
2026-03-15 08:00:02.772,0.32748,-0.07331,0.0517,INCIPIENT_WARNING
2026-03-15 08:00:02.773,0.2501,-0.30397,-0.02972,INCIPIENT_WARNING
2026-03-15 08:00:02.774,0.38475,-0.09951,0.00731,INCIPIENT_WARNING
2026-03-15 08:00:02.775,0.33729,-0.2354,-0.03901,INCIPIENT_WARNING
2026-03-15 08:00:02.776,-0.00799,-0.36706,-0.22809,INCIPIENT_WARNING
2026-03-15 08:00:02.777,0.16521,-0.27716,-0.0907,INCIPIENT_WARNING
2026-03-15 08:00:02.778,0.23093,-0.19643,-0.10366,INCIPIENT_WARNING
2026-03-15 08:00:02.779,-0.08965,-0.27988,-0.1717,INCIPIENT_WARNING
2026-03-15 08:00:02.780,0.00659,-0.27352,-0.02226,INCIPIENT_WARNING
2026-03-15 08:00:02.781,-0.13489,-0.39409,-0.15466,INCIPIENT_WARNING
2026-03-15 08:00:02.782,-0.11575,-0.24838,-0.16887,INCIPIENT_WARNING
2026-03-15 08:00:02.783,-0.02797,-0.35379,-0.24094,INCIPIENT_WARNING
2026-03-15 08:00:02.784,0.04549,-0.07977,0.04876,INCIPIENT_WARNING
2026-03-15 08:00:02.785,-0.28913,-0.32678,-0.41538,INCIPIENT_WARNING
2026-03-15 08:00:02.786,-0.25073,-0.21385,-0.17037,INCIPIENT_WARNING
2026-03-15 08:00:02.787,-0.26005,-0.25187,-0.25846,INCIPIENT_WARNING
2026-03-15 08:00:02.788,-0.27652,-0.12636,-0.22649,INCIPIENT_WARNING
2026-03-15 08:00:02.789,-0.31965,0.0129,-0.21331,INCIPIENT_WARNING
2026-03-15 08:00:02.790,-0.40703,-0.107,-0.20188,INCIPIENT_WARNING
2026-03-15 08:00:02.791,-0.57696,-0.00849,-0.20322,INCIPIENT_WARNING
2026-03-15 08:00:02.792,-0.20108,0.18865,0.14156,INCIPIENT_WARNING
2026-03-15 08:00:02.793,-0.41224,0.09418,-0.14585,INCIPIENT_WARNING
2026-03-15 08:00:02.794,-0.39661,0.22604,-0.10853,INCIPIENT_WARNING
2026-03-15 08:00:02.795,-0.39801,0.35538,0.02343,INCIPIENT_WARNING
2026-03-15 08:00:02.796,-0.3314,0.18774,0.03517,INCIPIENT_WARNING
2026-03-15 08:00:02.797,-0.22926,0.41443,0.05494,INCIPIENT_WARNING
2026-03-15 08:00:02.798,-0.20961,0.40518,0.17907,INCIPIENT_WARNING
2026-03-15 08:00:02.799,-0.06569,0.4061,0.17029,INCIPIENT_WARNING
2026-03-15 08:00:02.800,0.01771,0.44503,0.24863,INCIPIENT_WARNING
2026-03-15 08:00:02.801,0.18763,0.52968,0.2327,INCIPIENT_WARNING
2026-03-15 08:00:02.802,0.23463,0.18998,0.17991,INCIPIENT_WARNING
2026-03-15 08:00:02.803,0.22617,0.31306,0.35475,INCIPIENT_WARNING
2026-03-15 08:00:02.804,0.20714,0.29898,0.27596,INCIPIENT_WARNING
2026-03-15 08:00:02.805,0.33834,0.21797,0.29061,INCIPIENT_WARNING
2026-03-15 08:00:02.806,0.32154,0.14318,0.29756,INCIPIENT_WARNING
2026-03-15 08:00:02.807,0.45596,0.07973,0.21306,INCIPIENT_WARNING
2026-03-15 08:00:02.808,0.14198,-0.13195,0.01309,INCIPIENT_WARNING
2026-03-15 08:00:02.809,0.44785,-0.03095,0.27725,INCIPIENT_WARNING
2026-03-15 08:00:02.810,0.32115,-0.05344,0.12576,INCIPIENT_WARNING
2026-03-15 08:00:02.811,0.38346,-0.13406,0.10246,INCIPIENT_WARNING
2026-03-15 08:00:02.812,0.35657,-0.11526,0.095,INCIPIENT_WARNING
2026-03-15 08:00:02.813,0.3281,-0.22796,0.11469,INCIPIENT_WARNING
2026-03-15 08:00:02.814,0.23242,-0.29085,0.01382,INCIPIENT_WARNING
2026-03-15 08:00:02.815,0.149,-0.18388,0.09111,INCIPIENT_WARNING
2026-03-15 08:00:02.816,-0.07636,-0.34305,-0.31544,INCIPIENT_WARNING
2026-03-15 08:00:02.817,0.11299,-0.34684,-0.16345,INCIPIENT_WARNING
2026-03-15 08:00:02.818,0.07232,-0.17465,0.00218,INCIPIENT_WARNING
2026-03-15 08:00:02.819,0.01355,-0.34788,-0.07995,INCIPIENT_WARNING
2026-03-15 08:00:02.820,-0.05703,-0.41422,-0.13549,INCIPIENT_WARNING
2026-03-15 08:00:02.821,-0.11861,-0.20452,-0.19365,INCIPIENT_WARNING
2026-03-15 08:00:02.822,-0.04221,-0.18017,-0.26564,INCIPIENT_WARNING
2026-03-15 08:00:02.823,-0.16885,-0.26393,-0.13127,INCIPIENT_WARNING
2026-03-15 08:00:02.824,-0.03258,-0.16589,-0.03846,INCIPIENT_WARNING
2026-03-15 08:00:02.825,-0.41148,-0.31799,-0.45684,INCIPIENT_WARNING
2026-03-15 08:00:02.826,-0.04019,-0.26364,-0.2228,INCIPIENT_WARNING
2026-03-15 08:00:02.827,-0.28378,-0.04426,-0.30754,INCIPIENT_WARNING
2026-03-15 08:00:02.828,-0.19481,-0.10133,-0.23663,INCIPIENT_WARNING
2026-03-15 08:00:02.829,-0.42602,-0.05519,-0.26591,INCIPIENT_WARNING
2026-03-15 08:00:02.830,-0.28427,-0.11139,-0.22274,INCIPIENT_WARNING
2026-03-15 08:00:02.831,-0.43778,-0.06058,-0.1543,INCIPIENT_WARNING
2026-03-15 08:00:02.832,-0.05098,0.33285,0.0106,INCIPIENT_WARNING
2026-03-15 08:00:02.833,-0.35296,0.24984,-0.18834,INCIPIENT_WARNING
2026-03-15 08:00:02.834,-0.26328,0.12955,-0.19003,INCIPIENT_WARNING
2026-03-15 08:00:02.835,-0.31232,0.32091,-0.04012,INCIPIENT_WARNING
2026-03-15 08:00:02.836,-0.33499,0.30867,0.01426,INCIPIENT_WARNING
2026-03-15 08:00:02.837,-0.17754,0.33092,0.09936,INCIPIENT_WARNING
2026-03-15 08:00:02.838,-0.1802,0.36526,0.08161,INCIPIENT_WARNING
2026-03-15 08:00:02.839,0.01918,0.32417,0.23382,INCIPIENT_WARNING
2026-03-15 08:00:02.840,-0.01782,0.38594,0.19069,INCIPIENT_WARNING
2026-03-15 08:00:02.841,0.12731,0.33465,0.30691,INCIPIENT_WARNING
2026-03-15 08:00:02.842,0.05343,0.31477,0.2673,INCIPIENT_WARNING
2026-03-15 08:00:02.843,0.19724,0.26787,0.22679,INCIPIENT_WARNING
2026-03-15 08:00:02.844,0.32636,0.37423,0.37682,INCIPIENT_WARNING
2026-03-15 08:00:02.845,0.37236,0.26513,0.37839,INCIPIENT_WARNING
2026-03-15 08:00:02.846,0.39138,0.21935,0.26735,INCIPIENT_WARNING
2026-03-15 08:00:02.847,0.28328,0.07479,0.26064,INCIPIENT_WARNING
2026-03-15 08:00:02.848,0.09394,-0.01012,-0.0329,INCIPIENT_WARNING
2026-03-15 08:00:02.849,0.61338,0.05796,0.29368,INCIPIENT_WARNING
2026-03-15 08:00:02.850,0.28057,-0.09695,0.18897,INCIPIENT_WARNING
2026-03-15 08:00:02.851,0.3296,-0.05552,0.10427,INCIPIENT_WARNING
2026-03-15 08:00:02.852,0.32065,0.01107,0.09232,INCIPIENT_WARNING
2026-03-15 08:00:02.853,0.3804,-0.20408,0.07857,INCIPIENT_WARNING
2026-03-15 08:00:02.854,0.32319,-0.19426,-0.12226,INCIPIENT_WARNING
2026-03-15 08:00:02.855,0.21668,-0.14849,0.00176,INCIPIENT_WARNING
2026-03-15 08:00:02.856,0.01312,-0.48196,-0.2661,INCIPIENT_WARNING
2026-03-15 08:00:02.857,0.10949,-0.26583,-0.06709,INCIPIENT_WARNING
2026-03-15 08:00:02.858,0.14772,-0.19615,-0.04946,INCIPIENT_WARNING
2026-03-15 08:00:02.859,-0.06438,-0.44147,-0.14324,INCIPIENT_WARNING
2026-03-15 08:00:02.860,0.01332,-0.31685,-0.24787,INCIPIENT_WARNING
2026-03-15 08:00:02.861,0.01351,-0.28762,-0.14468,INCIPIENT_WARNING
2026-03-15 08:00:02.862,0.05392,-0.41227,-0.24042,INCIPIENT_WARNING
2026-03-15 08:00:02.863,-0.14278,-0.16624,-0.30246,INCIPIENT_WARNING
2026-03-15 08:00:02.864,0.17021,-0.11686,-0.06584,INCIPIENT_WARNING
2026-03-15 08:00:02.865,-0.38904,-0.36099,-0.32389,INCIPIENT_WARNING
2026-03-15 08:00:02.866,-0.29113,-0.15465,-0.22693,INCIPIENT_WARNING
2026-03-15 08:00:02.867,-0.34159,-0.00055,-0.21602,INCIPIENT_WARNING
2026-03-15 08:00:02.868,-0.30176,-0.07753,-0.33743,INCIPIENT_WARNING
2026-03-15 08:00:02.869,-0.21913,-0.2563,-0.2702,INCIPIENT_WARNING
2026-03-15 08:00:02.870,-0.41879,-0.01097,-0.20659,INCIPIENT_WARNING
2026-03-15 08:00:02.871,-0.4113,0.00257,-0.24784,INCIPIENT_WARNING
2026-03-15 08:00:02.872,-0.2005,0.30824,0.14955,INCIPIENT_WARNING
2026-03-15 08:00:02.873,-0.31676,0.03602,-0.12921,INCIPIENT_WARNING
2026-03-15 08:00:02.874,-0.43354,0.22473,-0.06367,INCIPIENT_WARNING
2026-03-15 08:00:02.875,-0.27413,0.23328,0.05702,INCIPIENT_WARNING
2026-03-15 08:00:02.876,-0.24196,0.22741,-0.05739,INCIPIENT_WARNING
2026-03-15 08:00:02.877,-0.24601,0.41678,0.1359,INCIPIENT_WARNING
2026-03-15 08:00:02.878,-0.23371,0.27666,0.20073,INCIPIENT_WARNING
2026-03-15 08:00:02.879,-0.16698,0.40127,0.14168,INCIPIENT_WARNING
2026-03-15 08:00:02.880,0.12428,0.32531,0.28026,INCIPIENT_WARNING
2026-03-15 08:00:02.881,0.22342,0.46945,0.26246,INCIPIENT_WARNING
2026-03-15 08:00:02.882,-0.09228,0.28782,0.22678,INCIPIENT_WARNING
2026-03-15 08:00:02.883,0.14672,0.25653,0.33661,INCIPIENT_WARNING
2026-03-15 08:00:02.884,0.33541,0.27775,0.35368,INCIPIENT_WARNING
2026-03-15 08:00:02.885,0.23,0.20195,0.37837,INCIPIENT_WARNING
2026-03-15 08:00:02.886,0.37407,0.18703,0.41088,INCIPIENT_WARNING
2026-03-15 08:00:02.887,0.28255,0.17219,0.35273,INCIPIENT_WARNING
2026-03-15 08:00:02.888,0.05813,-0.08434,-0.09641,INCIPIENT_WARNING
2026-03-15 08:00:02.889,0.47719,0.11387,0.3582,INCIPIENT_WARNING
2026-03-15 08:00:02.890,0.47131,0.05364,0.15835,INCIPIENT_WARNING
2026-03-15 08:00:02.891,0.42272,-0.1405,0.14332,INCIPIENT_WARNING
2026-03-15 08:00:02.892,0.36657,-0.10008,0.12126,INCIPIENT_WARNING
2026-03-15 08:00:02.893,0.16995,-0.25299,0.04637,INCIPIENT_WARNING
2026-03-15 08:00:02.894,0.12401,-0.15496,0.05079,INCIPIENT_WARNING
2026-03-15 08:00:02.895,0.24216,-0.30362,0.04782,INCIPIENT_WARNING
2026-03-15 08:00:02.896,0.13167,-0.36577,-0.20535,INCIPIENT_WARNING
2026-03-15 08:00:02.897,0.09307,-0.26065,-0.14055,INCIPIENT_WARNING
2026-03-15 08:00:02.898,0.15896,-0.16381,0.07733,INCIPIENT_WARNING
2026-03-15 08:00:02.899,-0.0974,-0.30412,-0.23191,INCIPIENT_WARNING
2026-03-15 08:00:02.900,0.12281,-0.31722,-0.24021,INCIPIENT_WARNING
2026-03-15 08:00:02.901,0.01442,-0.15783,-0.13985,INCIPIENT_WARNING
2026-03-15 08:00:02.902,-0.07382,-0.2481,-0.12807,INCIPIENT_WARNING
2026-03-15 08:00:02.903,-0.19515,-0.27025,-0.24075,INCIPIENT_WARNING
2026-03-15 08:00:02.904,-0.06392,-0.14551,0.0024,INCIPIENT_WARNING
2026-03-15 08:00:02.905,-0.33641,-0.29499,-0.37811,INCIPIENT_WARNING
2026-03-15 08:00:02.906,-0.16936,-0.23039,-0.22371,INCIPIENT_WARNING
2026-03-15 08:00:02.907,-0.27018,-0.15196,-0.22275,INCIPIENT_WARNING
2026-03-15 08:00:02.908,-0.36247,-0.17786,-0.09265,INCIPIENT_WARNING
2026-03-15 08:00:02.909,-0.28593,-0.06618,-0.2431,INCIPIENT_WARNING
2026-03-15 08:00:02.910,-0.4213,-0.05786,-0.20412,INCIPIENT_WARNING
2026-03-15 08:00:02.911,-0.54686,-0.09977,-0.23126,INCIPIENT_WARNING
2026-03-15 08:00:02.912,-0.06343,0.2514,0.19906,INCIPIENT_WARNING
2026-03-15 08:00:02.913,-0.55735,0.03814,-0.08634,INCIPIENT_WARNING
2026-03-15 08:00:02.914,-0.40569,0.20567,-0.0093,INCIPIENT_WARNING
2026-03-15 08:00:02.915,-0.34535,0.25134,-0.00861,INCIPIENT_WARNING
2026-03-15 08:00:02.916,-0.44528,0.25354,0.0616,INCIPIENT_WARNING
2026-03-15 08:00:02.917,-0.18374,0.36088,0.05442,INCIPIENT_WARNING
2026-03-15 08:00:02.918,-0.20004,0.43911,0.1063,INCIPIENT_WARNING
2026-03-15 08:00:02.919,-0.05758,0.38146,0.2553,INCIPIENT_WARNING
2026-03-15 08:00:02.920,0.07522,0.29319,0.156,INCIPIENT_WARNING
2026-03-15 08:00:02.921,0.25842,0.4539,0.34902,INCIPIENT_WARNING
2026-03-15 08:00:02.922,0.15471,0.31578,0.2165,INCIPIENT_WARNING
2026-03-15 08:00:02.923,0.29566,0.30559,0.39395,INCIPIENT_WARNING
2026-03-15 08:00:02.924,0.23347,0.33231,0.39197,INCIPIENT_WARNING
2026-03-15 08:00:02.925,0.21577,0.20416,0.35357,INCIPIENT_WARNING
2026-03-15 08:00:02.926,0.46131,0.16883,0.24899,INCIPIENT_WARNING
2026-03-15 08:00:02.927,0.46726,0.19899,0.20185,INCIPIENT_WARNING
2026-03-15 08:00:02.928,-0.01638,-0.1311,-0.01559,INCIPIENT_WARNING
2026-03-15 08:00:02.929,0.51362,0.13591,0.28142,INCIPIENT_WARNING
2026-03-15 08:00:02.930,0.22382,-0.0774,0.16662,INCIPIENT_WARNING
2026-03-15 08:00:02.931,0.31117,-0.19581,-0.00381,INCIPIENT_WARNING
2026-03-15 08:00:02.932,0.31368,-0.07076,0.16773,INCIPIENT_WARNING
2026-03-15 08:00:02.933,0.38788,-0.23457,-0.0216,INCIPIENT_WARNING
2026-03-15 08:00:02.934,0.29441,-0.16908,0.0255,INCIPIENT_WARNING
2026-03-15 08:00:02.935,0.06222,-0.28906,-0.02841,INCIPIENT_WARNING
2026-03-15 08:00:02.936,0.0081,-0.3302,-0.23044,INCIPIENT_WARNING
2026-03-15 08:00:02.937,0.1027,-0.29268,-0.09876,INCIPIENT_WARNING
2026-03-15 08:00:02.938,0.18875,-0.21945,-0.06283,INCIPIENT_WARNING
2026-03-15 08:00:02.939,0.0163,-0.26794,-0.15546,INCIPIENT_WARNING
2026-03-15 08:00:02.940,0.0296,-0.19205,-0.14906,INCIPIENT_WARNING
2026-03-15 08:00:02.941,-0.08536,-0.21576,-0.25118,INCIPIENT_WARNING
2026-03-15 08:00:02.942,-0.17445,-0.25483,-0.17799,INCIPIENT_WARNING
2026-03-15 08:00:02.943,-0.22542,-0.29015,-0.25087,INCIPIENT_WARNING
2026-03-15 08:00:02.944,-0.00724,-0.05984,-0.01577,INCIPIENT_WARNING
2026-03-15 08:00:02.945,-0.38794,-0.37809,-0.46541,INCIPIENT_WARNING
2026-03-15 08:00:02.946,-0.09984,-0.13936,-0.24611,INCIPIENT_WARNING
2026-03-15 08:00:02.947,-0.23087,-0.17592,-0.25725,INCIPIENT_WARNING
2026-03-15 08:00:02.948,-0.3209,-0.20351,-0.28444,INCIPIENT_WARNING
2026-03-15 08:00:02.949,-0.34902,-0.12695,-0.19559,INCIPIENT_WARNING
2026-03-15 08:00:02.950,-0.24377,-0.09955,-0.31234,INCIPIENT_WARNING
2026-03-15 08:00:02.951,-0.56039,-0.00661,-0.23444,INCIPIENT_WARNING
2026-03-15 08:00:02.952,-0.05709,0.28218,0.03844,INCIPIENT_WARNING
2026-03-15 08:00:02.953,-0.58845,0.10708,-0.16342,INCIPIENT_WARNING
2026-03-15 08:00:02.954,-0.45308,0.0382,-0.09641,INCIPIENT_WARNING
2026-03-15 08:00:02.955,-0.19388,0.27872,-0.03931,INCIPIENT_WARNING
2026-03-15 08:00:02.956,-0.29299,0.18532,0.0715,INCIPIENT_WARNING
2026-03-15 08:00:02.957,-0.22092,0.20532,0.05885,INCIPIENT_WARNING
2026-03-15 08:00:02.958,-0.11414,0.33622,0.11925,INCIPIENT_WARNING
2026-03-15 08:00:02.959,-0.17647,0.41098,0.14195,INCIPIENT_WARNING
2026-03-15 08:00:02.960,-0.1682,0.35661,0.27557,INCIPIENT_WARNING
2026-03-15 08:00:02.961,0.18779,0.57856,0.40233,INCIPIENT_WARNING
2026-03-15 08:00:02.962,0.10142,0.29614,0.21009,INCIPIENT_WARNING
2026-03-15 08:00:02.963,0.21668,0.31284,0.34039,INCIPIENT_WARNING
2026-03-15 08:00:02.964,0.22389,0.21994,0.25536,INCIPIENT_WARNING
2026-03-15 08:00:02.965,0.4844,0.26351,0.31022,INCIPIENT_WARNING
2026-03-15 08:00:02.966,0.29183,0.22287,0.28467,INCIPIENT_WARNING
2026-03-15 08:00:02.967,0.41279,0.05706,0.27579,INCIPIENT_WARNING
2026-03-15 08:00:02.968,0.03771,-0.20214,-0.01586,INCIPIENT_WARNING
2026-03-15 08:00:02.969,0.42343,0.1311,0.36222,INCIPIENT_WARNING
2026-03-15 08:00:02.970,0.32198,-0.1043,0.15219,INCIPIENT_WARNING
2026-03-15 08:00:02.971,0.3564,-0.13087,0.11863,INCIPIENT_WARNING
2026-03-15 08:00:02.972,0.49438,-0.16441,0.00671,INCIPIENT_WARNING
2026-03-15 08:00:02.973,0.36238,-0.07024,0.06283,INCIPIENT_WARNING
2026-03-15 08:00:02.974,0.17262,-0.22082,-0.0575,INCIPIENT_WARNING
2026-03-15 08:00:02.975,0.27053,-0.32337,-0.04338,INCIPIENT_WARNING
2026-03-15 08:00:02.976,-0.11268,-0.37787,-0.26373,INCIPIENT_WARNING
2026-03-15 08:00:02.977,0.09034,-0.29967,-0.19201,INCIPIENT_WARNING
2026-03-15 08:00:02.978,0.21632,-0.22766,-0.10133,INCIPIENT_WARNING
2026-03-15 08:00:02.979,0.18479,-0.27088,-0.18024,INCIPIENT_WARNING
2026-03-15 08:00:02.980,0.11079,-0.16025,-0.17265,INCIPIENT_WARNING
2026-03-15 08:00:02.981,-0.00781,-0.34181,-0.18608,INCIPIENT_WARNING
2026-03-15 08:00:02.982,-0.10672,-0.26682,-0.18945,INCIPIENT_WARNING
2026-03-15 08:00:02.983,-0.08568,-0.25097,-0.28585,INCIPIENT_WARNING
2026-03-15 08:00:02.984,-0.03854,-0.15686,-0.06648,INCIPIENT_WARNING
2026-03-15 08:00:02.985,-0.3104,-0.42416,-0.41743,INCIPIENT_WARNING
2026-03-15 08:00:02.986,-0.13619,-0.19917,-0.18303,INCIPIENT_WARNING
2026-03-15 08:00:02.987,-0.29965,-0.15526,-0.2557,INCIPIENT_WARNING
2026-03-15 08:00:02.988,-0.30546,-0.2588,-0.28794,INCIPIENT_WARNING
2026-03-15 08:00:02.989,-0.33769,-0.05892,-0.15166,INCIPIENT_WARNING
2026-03-15 08:00:02.990,-0.42281,0.04863,-0.2594,INCIPIENT_WARNING
2026-03-15 08:00:02.991,-0.30329,0.05785,-0.24994,INCIPIENT_WARNING
2026-03-15 08:00:02.992,-0.04303,0.27626,0.16699,INCIPIENT_WARNING
2026-03-15 08:00:02.993,-0.46893,0.06695,-0.09779,INCIPIENT_WARNING
2026-03-15 08:00:02.994,-0.43172,0.20354,-0.13626,INCIPIENT_WARNING
2026-03-15 08:00:02.995,-0.16349,0.21748,-0.02606,INCIPIENT_WARNING
2026-03-15 08:00:02.996,-0.17918,0.248,0.10166,INCIPIENT_WARNING
2026-03-15 08:00:02.997,-0.15899,0.31448,-0.02392,INCIPIENT_WARNING
2026-03-15 08:00:02.998,-0.15279,0.36776,0.19954,INCIPIENT_WARNING
2026-03-15 08:00:02.999,0.04317,0.3304,0.22268,INCIPIENT_WARNING
2026-03-15 08:00:03.000,0.06014,0.45571,0.25105,INCIPIENT_WARNING
2026-03-15 08:00:03.001,0.0697,0.4581,0.32054,INCIPIENT_WARNING
2026-03-15 08:00:03.002,0.05801,0.37133,0.23077,INCIPIENT_WARNING
2026-03-15 08:00:03.003,0.32948,0.35833,0.24244,INCIPIENT_WARNING
2026-03-15 08:00:03.004,0.10114,0.30355,0.30748,INCIPIENT_WARNING
2026-03-15 08:00:03.005,0.25004,0.11618,0.25511,INCIPIENT_WARNING
2026-03-15 08:00:03.006,0.36191,0.22738,0.3036,INCIPIENT_WARNING
2026-03-15 08:00:03.007,0.52548,0.05354,0.31751,INCIPIENT_WARNING
2026-03-15 08:00:03.008,0.06838,-0.11021,-0.0863,INCIPIENT_WARNING
2026-03-15 08:00:03.009,0.63467,0.1158,0.29216,INCIPIENT_WARNING
2026-03-15 08:00:03.010,0.39262,-0.06621,0.19254,INCIPIENT_WARNING
2026-03-15 08:00:03.011,0.24325,-0.12398,0.11681,INCIPIENT_WARNING
2026-03-15 08:00:03.012,0.36215,-0.04124,0.1443,INCIPIENT_WARNING
2026-03-15 08:00:03.013,0.29933,-0.16898,0.05788,INCIPIENT_WARNING
2026-03-15 08:00:03.014,0.29128,-0.33641,-0.01292,INCIPIENT_WARNING
2026-03-15 08:00:03.015,0.10496,-0.1496,-0.03046,INCIPIENT_WARNING
2026-03-15 08:00:03.016,-0.05372,-0.33168,-0.22576,INCIPIENT_WARNING
2026-03-15 08:00:03.017,-0.01295,-0.30878,-0.1584,INCIPIENT_WARNING
2026-03-15 08:00:03.018,0.03256,-0.27128,-0.05625,INCIPIENT_WARNING
2026-03-15 08:00:03.019,-0.00027,-0.40455,-0.11012,INCIPIENT_WARNING
2026-03-15 08:00:03.020,-0.00805,-0.28235,-0.14377,INCIPIENT_WARNING
2026-03-15 08:00:03.021,-0.09727,-0.24737,-0.19944,INCIPIENT_WARNING
2026-03-15 08:00:03.022,-0.16262,-0.24277,-0.12692,INCIPIENT_WARNING
2026-03-15 08:00:03.023,-0.07328,-0.20683,-0.24981,INCIPIENT_WARNING
2026-03-15 08:00:03.024,-0.08672,-0.01878,0.06572,INCIPIENT_WARNING
2026-03-15 08:00:03.025,-0.27726,-0.37395,-0.46752,INCIPIENT_WARNING
2026-03-15 08:00:03.026,-0.29556,-0.29285,-0.21488,INCIPIENT_WARNING
2026-03-15 08:00:03.027,-0.16378,-0.18297,-0.22801,INCIPIENT_WARNING
2026-03-15 08:00:03.028,-0.25212,-0.18434,-0.15776,INCIPIENT_WARNING
2026-03-15 08:00:03.029,-0.20607,-0.10388,-0.26711,INCIPIENT_WARNING
2026-03-15 08:00:03.030,-0.33992,-0.0737,-0.2888,INCIPIENT_WARNING
2026-03-15 08:00:03.031,-0.30929,0.08505,-0.19266,INCIPIENT_WARNING
2026-03-15 08:00:03.032,-0.16076,0.20336,0.14535,INCIPIENT_WARNING
2026-03-15 08:00:03.033,-0.49527,0.06449,-0.11863,INCIPIENT_WARNING
2026-03-15 08:00:03.034,-0.37008,0.24147,-0.18047,INCIPIENT_WARNING
2026-03-15 08:00:03.035,-0.32278,0.31619,0.03327,INCIPIENT_WARNING
2026-03-15 08:00:03.036,-0.18009,0.30784,0.11587,INCIPIENT_WARNING
2026-03-15 08:00:03.037,-0.18804,0.39855,0.05834,INCIPIENT_WARNING
2026-03-15 08:00:03.038,-0.15115,0.42492,0.22576,INCIPIENT_WARNING
2026-03-15 08:00:03.039,-0.02454,0.37325,0.25618,INCIPIENT_WARNING
2026-03-15 08:00:03.040,-0.17348,0.29113,0.26301,INCIPIENT_WARNING
2026-03-15 08:00:03.041,0.22785,0.51439,0.3929,INCIPIENT_WARNING
2026-03-15 08:00:03.042,0.11808,0.25226,0.24576,INCIPIENT_WARNING
2026-03-15 08:00:03.043,0.31996,0.42024,0.428,INCIPIENT_WARNING
2026-03-15 08:00:03.044,0.3211,0.31433,0.23734,INCIPIENT_WARNING
2026-03-15 08:00:03.045,0.28695,0.21841,0.35577,INCIPIENT_WARNING
2026-03-15 08:00:03.046,0.33159,0.23785,0.29531,INCIPIENT_WARNING
2026-03-15 08:00:03.047,0.38784,0.14046,0.24926,INCIPIENT_WARNING
2026-03-15 08:00:03.048,0.02449,-0.27689,-0.08227,INCIPIENT_WARNING
2026-03-15 08:00:03.049,0.51904,0.06374,0.35753,INCIPIENT_WARNING
2026-03-15 08:00:03.050,0.44865,-0.0349,0.22203,INCIPIENT_WARNING
2026-03-15 08:00:03.051,0.38355,-0.14321,0.06944,INCIPIENT_WARNING
2026-03-15 08:00:03.052,0.38735,-0.09342,0.18031,INCIPIENT_WARNING
2026-03-15 08:00:03.053,0.39653,-0.22136,0.03617,INCIPIENT_WARNING
2026-03-15 08:00:03.054,0.31458,-0.14373,0.05584,INCIPIENT_WARNING
2026-03-15 08:00:03.055,0.2185,-0.32147,-0.08275,INCIPIENT_WARNING
2026-03-15 08:00:03.056,-0.02121,-0.37411,-0.31548,INCIPIENT_WARNING
2026-03-15 08:00:03.057,0.07904,-0.26431,-0.20582,INCIPIENT_WARNING
2026-03-15 08:00:03.058,0.26064,-0.25113,0.02483,INCIPIENT_WARNING
2026-03-15 08:00:03.059,-0.03417,-0.37715,-0.20099,INCIPIENT_WARNING
2026-03-15 08:00:03.060,-0.00756,-0.31316,-0.1791,INCIPIENT_WARNING
2026-03-15 08:00:03.061,-0.00867,-0.29144,-0.18401,INCIPIENT_WARNING
2026-03-15 08:00:03.062,-0.22846,-0.25686,-0.21584,INCIPIENT_WARNING
2026-03-15 08:00:03.063,-0.00342,-0.33413,-0.32324,INCIPIENT_WARNING
2026-03-15 08:00:03.064,0.09285,-0.09357,-0.10065,INCIPIENT_WARNING
2026-03-15 08:00:03.065,-0.52694,-0.25224,-0.33093,INCIPIENT_WARNING
2026-03-15 08:00:03.066,-0.40977,-0.21152,-0.11697,INCIPIENT_WARNING
2026-03-15 08:00:03.067,-0.33027,-0.20772,-0.26201,INCIPIENT_WARNING
2026-03-15 08:00:03.068,-0.4529,-0.27386,-0.21397,INCIPIENT_WARNING
2026-03-15 08:00:03.069,-0.5125,-0.07895,-0.18736,INCIPIENT_WARNING
2026-03-15 08:00:03.070,-0.51333,-0.11324,-0.15889,INCIPIENT_WARNING
2026-03-15 08:00:03.071,-0.37112,-0.03841,-0.13578,INCIPIENT_WARNING
2026-03-15 08:00:03.072,0.04124,0.31044,0.09605,INCIPIENT_WARNING
2026-03-15 08:00:03.073,-0.49302,0.10675,-0.18787,INCIPIENT_WARNING
2026-03-15 08:00:03.074,-0.35735,0.04577,-0.2107,INCIPIENT_WARNING
2026-03-15 08:00:03.075,-0.28256,0.23434,-0.02572,INCIPIENT_WARNING
2026-03-15 08:00:03.076,-0.44453,0.28276,0.01051,INCIPIENT_WARNING
2026-03-15 08:00:03.077,-0.18042,0.33412,0.06935,INCIPIENT_WARNING
2026-03-15 08:00:03.078,-0.0595,0.27745,0.16742,INCIPIENT_WARNING
2026-03-15 08:00:03.079,-0.21607,0.32476,0.1135,INCIPIENT_WARNING
2026-03-15 08:00:03.080,0.06233,0.38517,0.22612,INCIPIENT_WARNING
2026-03-15 08:00:03.081,0.14288,0.45851,0.35193,INCIPIENT_WARNING
2026-03-15 08:00:03.082,0.1024,0.2411,0.28854,INCIPIENT_WARNING
2026-03-15 08:00:03.083,0.10957,0.28601,0.41253,INCIPIENT_WARNING
2026-03-15 08:00:03.084,0.26946,0.20902,0.33654,INCIPIENT_WARNING
2026-03-15 08:00:03.085,0.2933,0.17627,0.23831,INCIPIENT_WARNING
2026-03-15 08:00:03.086,0.60371,0.16853,0.19001,INCIPIENT_WARNING
2026-03-15 08:00:03.087,0.52402,0.16605,0.2301,INCIPIENT_WARNING
2026-03-15 08:00:03.088,-0.02216,-0.12171,-0.08857,INCIPIENT_WARNING
2026-03-15 08:00:03.089,0.41007,0.22225,0.31495,INCIPIENT_WARNING
2026-03-15 08:00:03.090,0.51872,0.03587,0.11203,INCIPIENT_WARNING
2026-03-15 08:00:03.091,0.42221,-0.16886,-0.00913,INCIPIENT_WARNING
2026-03-15 08:00:03.092,0.33161,-0.10581,0.0779,INCIPIENT_WARNING
2026-03-15 08:00:03.093,0.27962,-0.10856,0.04804,INCIPIENT_WARNING
2026-03-15 08:00:03.094,0.19577,-0.16966,0.01472,INCIPIENT_WARNING
2026-03-15 08:00:03.095,0.02367,-0.20946,-0.00549,INCIPIENT_WARNING
2026-03-15 08:00:03.096,-0.04561,-0.34206,-0.29745,INCIPIENT_WARNING
2026-03-15 08:00:03.097,0.10191,-0.41628,-0.12099,INCIPIENT_WARNING
2026-03-15 08:00:03.098,0.33191,-0.2939,-0.08655,INCIPIENT_WARNING
2026-03-15 08:00:03.099,-0.04919,-0.30164,-0.23688,INCIPIENT_WARNING
2026-03-15 08:00:03.100,0.0337,-0.23141,-0.13837,INCIPIENT_WARNING
2026-03-15 08:00:03.101,-0.1768,-0.21411,-0.12899,INCIPIENT_WARNING
2026-03-15 08:00:03.102,-0.02697,-0.26005,-0.20014,INCIPIENT_WARNING
2026-03-15 08:00:03.103,-0.04969,-0.14173,-0.27763,INCIPIENT_WARNING
2026-03-15 08:00:03.104,0.13441,-0.12111,-0.04858,INCIPIENT_WARNING
2026-03-15 08:00:03.105,-0.53465,-0.38023,-0.47142,INCIPIENT_WARNING
2026-03-15 08:00:03.106,-0.24968,-0.25598,-0.23542,INCIPIENT_WARNING
2026-03-15 08:00:03.107,-0.32679,-0.16906,-0.33835,INCIPIENT_WARNING
2026-03-15 08:00:03.108,-0.48253,-0.13533,-0.31958,INCIPIENT_WARNING
2026-03-15 08:00:03.109,-0.28226,-0.08091,-0.20427,INCIPIENT_WARNING
2026-03-15 08:00:03.110,-0.28766,-0.07219,-0.26032,INCIPIENT_WARNING
2026-03-15 08:00:03.111,-0.34666,0.03806,-0.21475,INCIPIENT_WARNING
2026-03-15 08:00:03.112,0.06292,0.28404,0.15483,INCIPIENT_WARNING
2026-03-15 08:00:03.113,-0.46274,0.02364,-0.17519,INCIPIENT_WARNING
2026-03-15 08:00:03.114,-0.32417,0.1801,-0.12743,INCIPIENT_WARNING
2026-03-15 08:00:03.115,-0.31126,0.29261,0.05211,INCIPIENT_WARNING
2026-03-15 08:00:03.116,-0.25723,0.26068,0.03159,INCIPIENT_WARNING
2026-03-15 08:00:03.117,-0.1957,0.26308,0.0867,INCIPIENT_WARNING
2026-03-15 08:00:03.118,-0.32776,0.40195,0.17566,INCIPIENT_WARNING
2026-03-15 08:00:03.119,-0.0235,0.35732,0.19978,INCIPIENT_WARNING
2026-03-15 08:00:03.120,0.11432,0.48888,0.22686,INCIPIENT_WARNING
2026-03-15 08:00:03.121,0.24668,0.55981,0.3154,INCIPIENT_WARNING
2026-03-15 08:00:03.122,0.04483,0.40066,0.2693,INCIPIENT_WARNING
2026-03-15 08:00:03.123,0.27487,0.24047,0.31859,INCIPIENT_WARNING
2026-03-15 08:00:03.124,0.25919,0.32307,0.28132,INCIPIENT_WARNING
2026-03-15 08:00:03.125,0.25098,0.09346,0.37021,INCIPIENT_WARNING
2026-03-15 08:00:03.126,0.35346,0.19769,0.29963,INCIPIENT_WARNING
2026-03-15 08:00:03.127,0.3219,0.03947,0.21832,INCIPIENT_WARNING
2026-03-15 08:00:03.128,-0.01197,-0.14771,-0.1258,INCIPIENT_WARNING
2026-03-15 08:00:03.129,0.71104,0.17363,0.38952,INCIPIENT_WARNING
2026-03-15 08:00:03.130,0.39252,0.05225,0.15692,INCIPIENT_WARNING
2026-03-15 08:00:03.131,0.33895,-0.11432,0.13487,INCIPIENT_WARNING
2026-03-15 08:00:03.132,0.41977,-0.16602,0.07483,INCIPIENT_WARNING
2026-03-15 08:00:03.133,0.35776,-0.13867,0.02017,INCIPIENT_WARNING
2026-03-15 08:00:03.134,0.13724,-0.23312,0.03877,INCIPIENT_WARNING
2026-03-15 08:00:03.135,0.37222,-0.3222,-0.05161,INCIPIENT_WARNING
2026-03-15 08:00:03.136,-0.08295,-0.31531,-0.26718,INCIPIENT_WARNING
2026-03-15 08:00:03.137,0.00143,-0.27442,-0.16852,INCIPIENT_WARNING
2026-03-15 08:00:03.138,0.07992,-0.28801,0.0548,INCIPIENT_WARNING
2026-03-15 08:00:03.139,0.03796,-0.30573,-0.19329,INCIPIENT_WARNING
2026-03-15 08:00:03.140,0.02354,-0.27187,-0.15302,INCIPIENT_WARNING
2026-03-15 08:00:03.141,-0.02614,-0.22419,-0.18135,INCIPIENT_WARNING
2026-03-15 08:00:03.142,-0.17298,-0.32946,-0.32573,INCIPIENT_WARNING
2026-03-15 08:00:03.143,0.03013,-0.21542,-0.27266,INCIPIENT_WARNING
2026-03-15 08:00:03.144,0.02974,-0.15714,0.04898,INCIPIENT_WARNING
2026-03-15 08:00:03.145,-0.53241,-0.35771,-0.42755,INCIPIENT_WARNING
2026-03-15 08:00:03.146,-0.1464,-0.18903,-0.31018,INCIPIENT_WARNING
2026-03-15 08:00:03.147,-0.31637,-0.24341,-0.24487,INCIPIENT_WARNING
2026-03-15 08:00:03.148,-0.254,-0.28065,-0.32235,INCIPIENT_WARNING
2026-03-15 08:00:03.149,-0.41543,-0.12302,-0.19805,INCIPIENT_WARNING
2026-03-15 08:00:03.150,-0.41758,-0.02293,-0.26508,INCIPIENT_WARNING
2026-03-15 08:00:03.151,-0.40098,0.05672,-0.24711,INCIPIENT_WARNING
2026-03-15 08:00:03.152,0.02061,0.30838,0.21886,INCIPIENT_WARNING
2026-03-15 08:00:03.153,-0.48506,0.11347,-0.18403,INCIPIENT_WARNING
2026-03-15 08:00:03.154,-0.44803,0.16799,-0.10058,INCIPIENT_WARNING
2026-03-15 08:00:03.155,-0.40056,0.37093,-0.09438,INCIPIENT_WARNING
2026-03-15 08:00:03.156,-0.36385,0.27871,0.03656,INCIPIENT_WARNING
2026-03-15 08:00:03.157,-0.10856,0.20646,0.04902,INCIPIENT_WARNING
2026-03-15 08:00:03.158,-0.32722,0.37389,0.155,INCIPIENT_WARNING
2026-03-15 08:00:03.159,0.04446,0.39527,0.24276,INCIPIENT_WARNING
2026-03-15 08:00:03.160,0.04721,0.36528,0.15038,INCIPIENT_WARNING
2026-03-15 08:00:03.161,0.26212,0.38658,0.47829,INCIPIENT_WARNING
2026-03-15 08:00:03.162,0.05661,0.39287,0.18745,INCIPIENT_WARNING
2026-03-15 08:00:03.163,0.26895,0.36028,0.32135,INCIPIENT_WARNING
2026-03-15 08:00:03.164,0.27399,0.32974,0.2769,INCIPIENT_WARNING
2026-03-15 08:00:03.165,0.23771,0.32154,0.34466,INCIPIENT_WARNING
2026-03-15 08:00:03.166,0.39372,0.30288,0.28676,INCIPIENT_WARNING
2026-03-15 08:00:03.167,0.5177,0.13848,0.21879,INCIPIENT_WARNING
2026-03-15 08:00:03.168,0.18965,-0.10995,-0.09413,INCIPIENT_WARNING
2026-03-15 08:00:03.169,0.63624,0.07808,0.39583,INCIPIENT_WARNING
2026-03-15 08:00:03.170,0.21132,-0.12185,0.22592,INCIPIENT_WARNING
2026-03-15 08:00:03.171,0.32302,-0.11295,0.01909,INCIPIENT_WARNING
2026-03-15 08:00:03.172,0.52124,-0.05224,0.09453,INCIPIENT_WARNING
2026-03-15 08:00:03.173,0.27559,-0.11803,0.15504,INCIPIENT_WARNING
2026-03-15 08:00:03.174,0.34412,-0.07089,-0.04871,INCIPIENT_WARNING
2026-03-15 08:00:03.175,0.16211,-0.32384,-0.00266,INCIPIENT_WARNING
2026-03-15 08:00:03.176,-0.04172,-0.42402,-0.22467,INCIPIENT_WARNING
2026-03-15 08:00:03.177,0.17394,-0.4207,-0.18154,INCIPIENT_WARNING
2026-03-15 08:00:03.178,0.24788,-0.25976,-0.08723,INCIPIENT_WARNING
2026-03-15 08:00:03.179,0.08904,-0.40467,-0.19816,INCIPIENT_WARNING
2026-03-15 08:00:03.180,0.02667,-0.33271,-0.12621,INCIPIENT_WARNING
2026-03-15 08:00:03.181,-0.08166,-0.18844,-0.19095,INCIPIENT_WARNING
2026-03-15 08:00:03.182,-0.04043,-0.23813,-0.25133,INCIPIENT_WARNING
2026-03-15 08:00:03.183,-0.3009,-0.25158,-0.2233,INCIPIENT_WARNING
2026-03-15 08:00:03.184,0.10197,-0.12739,-0.05932,INCIPIENT_WARNING
2026-03-15 08:00:03.185,-0.26108,-0.47191,-0.3856,INCIPIENT_WARNING
2026-03-15 08:00:03.186,-0.26031,-0.20576,-0.2296,INCIPIENT_WARNING
2026-03-15 08:00:03.187,-0.36324,-0.13839,-0.17183,INCIPIENT_WARNING
2026-03-15 08:00:03.188,-0.33452,-0.15559,-0.33555,INCIPIENT_WARNING
2026-03-15 08:00:03.189,-0.3313,0.05153,-0.26309,INCIPIENT_WARNING
2026-03-15 08:00:03.190,-0.43699,-0.09059,-0.2592,INCIPIENT_WARNING
2026-03-15 08:00:03.191,-0.64574,0.03134,-0.25534,INCIPIENT_WARNING
2026-03-15 08:00:03.192,-0.16725,0.36312,0.10497,INCIPIENT_WARNING
2026-03-15 08:00:03.193,-0.50068,0.18863,-0.26414,INCIPIENT_WARNING
2026-03-15 08:00:03.194,-0.569,0.16929,-0.06725,INCIPIENT_WARNING
2026-03-15 08:00:03.195,-0.42902,0.30311,0.04465,INCIPIENT_WARNING
2026-03-15 08:00:03.196,-0.47848,0.34228,0.06307,INCIPIENT_WARNING
2026-03-15 08:00:03.197,-0.26304,0.42306,0.14299,INCIPIENT_WARNING
2026-03-15 08:00:03.198,-0.14793,0.34317,0.08526,INCIPIENT_WARNING
2026-03-15 08:00:03.199,-0.08783,0.42912,0.16647,INCIPIENT_WARNING
2026-03-15 08:00:03.200,-0.17894,0.4858,0.2426,INCIPIENT_WARNING
2026-03-15 08:00:03.201,0.21334,0.55366,0.4971,INCIPIENT_WARNING
2026-03-15 08:00:03.202,-0.15957,0.34198,0.13345,INCIPIENT_WARNING
2026-03-15 08:00:03.203,0.28985,0.35735,0.36266,INCIPIENT_WARNING
2026-03-15 08:00:03.204,0.27073,0.17528,0.3062,INCIPIENT_WARNING
2026-03-15 08:00:03.205,0.37092,0.30793,0.23859,INCIPIENT_WARNING
2026-03-15 08:00:03.206,0.47491,0.14479,0.3248,INCIPIENT_WARNING
2026-03-15 08:00:03.207,0.37196,0.13992,0.32973,INCIPIENT_WARNING
2026-03-15 08:00:03.208,-0.0662,-0.23062,-0.08297,INCIPIENT_WARNING
2026-03-15 08:00:03.209,0.77998,0.04849,0.4701,INCIPIENT_WARNING
2026-03-15 08:00:03.210,0.57136,-0.05875,0.15457,INCIPIENT_WARNING
2026-03-15 08:00:03.211,0.28856,-0.13328,0.01524,INCIPIENT_WARNING
2026-03-15 08:00:03.212,0.36828,-0.03112,0.07208,INCIPIENT_WARNING
2026-03-15 08:00:03.213,0.29086,-0.30834,0.0642,INCIPIENT_WARNING
2026-03-15 08:00:03.214,0.29023,-0.2177,-0.00879,INCIPIENT_WARNING
2026-03-15 08:00:03.215,0.20629,-0.20876,-0.02953,INCIPIENT_WARNING
2026-03-15 08:00:03.216,-0.03461,-0.40408,-0.21177,INCIPIENT_WARNING
2026-03-15 08:00:03.217,0.12879,-0.30502,-0.06278,INCIPIENT_WARNING
2026-03-15 08:00:03.218,0.21851,-0.13753,-0.00615,INCIPIENT_WARNING
2026-03-15 08:00:03.219,-0.14467,-0.22776,-0.17514,INCIPIENT_WARNING
2026-03-15 08:00:03.220,-0.00425,-0.27565,-0.19163,INCIPIENT_WARNING
2026-03-15 08:00:03.221,-0.01703,-0.32865,-0.11207,INCIPIENT_WARNING
2026-03-15 08:00:03.222,-0.10496,-0.31828,-0.27019,INCIPIENT_WARNING
2026-03-15 08:00:03.223,-0.11314,-0.26541,-0.20677,INCIPIENT_WARNING
2026-03-15 08:00:03.224,-0.02279,-0.2213,0.00419,INCIPIENT_WARNING
2026-03-15 08:00:03.225,-0.30906,-0.44633,-0.34223,INCIPIENT_WARNING
2026-03-15 08:00:03.226,-0.19097,-0.18375,-0.23498,INCIPIENT_WARNING
2026-03-15 08:00:03.227,-0.41309,-0.11025,-0.29689,INCIPIENT_WARNING
2026-03-15 08:00:03.228,-0.43951,-0.09512,-0.38958,INCIPIENT_WARNING
2026-03-15 08:00:03.229,-0.50046,-0.09928,-0.22619,INCIPIENT_WARNING
2026-03-15 08:00:03.230,-0.36961,-0.07318,-0.08798,INCIPIENT_WARNING
2026-03-15 08:00:03.231,-0.44421,-0.01271,-0.25438,INCIPIENT_WARNING
2026-03-15 08:00:03.232,-0.02001,0.36014,0.24233,INCIPIENT_WARNING
2026-03-15 08:00:03.233,-0.59945,0.0701,-0.16049,INCIPIENT_WARNING
2026-03-15 08:00:03.234,-0.40031,0.15158,-0.10336,INCIPIENT_WARNING
2026-03-15 08:00:03.235,-0.36853,0.38585,0.06926,INCIPIENT_WARNING
2026-03-15 08:00:03.236,-0.42355,0.21404,-0.04702,INCIPIENT_WARNING
2026-03-15 08:00:03.237,-0.18382,0.24926,0.05975,INCIPIENT_WARNING
2026-03-15 08:00:03.238,-0.12006,0.37248,0.15661,INCIPIENT_WARNING
2026-03-15 08:00:03.239,-0.17278,0.43386,0.15102,INCIPIENT_WARNING
2026-03-15 08:00:03.240,-0.02662,0.41734,0.2393,INCIPIENT_WARNING
2026-03-15 08:00:03.241,0.25061,0.44716,0.39819,INCIPIENT_WARNING
2026-03-15 08:00:03.242,0.06779,0.21724,0.18841,INCIPIENT_WARNING
2026-03-15 08:00:03.243,0.28299,0.262,0.39533,INCIPIENT_WARNING
2026-03-15 08:00:03.244,0.418,0.22046,0.41239,INCIPIENT_WARNING
2026-03-15 08:00:03.245,0.32816,0.26833,0.27888,INCIPIENT_WARNING
2026-03-15 08:00:03.246,0.46975,0.21938,0.25951,INCIPIENT_WARNING
2026-03-15 08:00:03.247,0.32078,0.02629,0.29159,INCIPIENT_WARNING
2026-03-15 08:00:03.248,0.0747,-0.14343,-0.10656,INCIPIENT_WARNING
2026-03-15 08:00:03.249,0.49584,0.06317,0.42469,INCIPIENT_WARNING
2026-03-15 08:00:03.250,0.37091,-0.04235,0.11095,INCIPIENT_WARNING
2026-03-15 08:00:03.251,0.37445,-0.16182,0.15588,INCIPIENT_WARNING
2026-03-15 08:00:03.252,0.44106,-0.17028,0.10077,INCIPIENT_WARNING
2026-03-15 08:00:03.253,0.26732,-0.29086,-0.00625,INCIPIENT_WARNING
2026-03-15 08:00:03.254,0.28676,-0.20098,0.01212,INCIPIENT_WARNING
2026-03-15 08:00:03.255,0.20704,-0.18006,-0.02438,INCIPIENT_WARNING
2026-03-15 08:00:03.256,-0.00688,-0.54843,-0.50715,INCIPIENT_WARNING
2026-03-15 08:00:03.257,0.09633,-0.42088,-0.16375,INCIPIENT_WARNING
2026-03-15 08:00:03.258,0.16215,-0.11776,-0.01677,INCIPIENT_WARNING
2026-03-15 08:00:03.259,0.01886,-0.26248,-0.16348,INCIPIENT_WARNING
2026-03-15 08:00:03.260,-0.03766,-0.22232,-0.23702,INCIPIENT_WARNING
2026-03-15 08:00:03.261,-0.00908,-0.3977,-0.17438,INCIPIENT_WARNING
2026-03-15 08:00:03.262,-0.08054,-0.17649,-0.30903,INCIPIENT_WARNING
2026-03-15 08:00:03.263,-0.18552,-0.22278,-0.21126,INCIPIENT_WARNING
2026-03-15 08:00:03.264,0.08043,-0.17518,-0.06245,INCIPIENT_WARNING
2026-03-15 08:00:03.265,-0.33424,-0.3833,-0.41749,INCIPIENT_WARNING
2026-03-15 08:00:03.266,-0.22423,-0.26677,-0.15903,INCIPIENT_WARNING
2026-03-15 08:00:03.267,-0.26021,-0.01857,-0.31259,INCIPIENT_WARNING
2026-03-15 08:00:03.268,-0.31091,-0.25735,-0.27494,INCIPIENT_WARNING
2026-03-15 08:00:03.269,-0.29776,-0.24376,-0.25638,INCIPIENT_WARNING
2026-03-15 08:00:03.270,-0.45857,-0.10173,-0.21237,INCIPIENT_WARNING
2026-03-15 08:00:03.271,-0.33617,-0.00599,-0.19834,INCIPIENT_WARNING
2026-03-15 08:00:03.272,-0.01457,0.32374,0.11725,INCIPIENT_WARNING
2026-03-15 08:00:03.273,-0.39041,0.10788,-0.16549,INCIPIENT_WARNING
2026-03-15 08:00:03.274,-0.519,0.11938,-0.14639,INCIPIENT_WARNING
2026-03-15 08:00:03.275,-0.43014,0.16142,-0.02159,INCIPIENT_WARNING
2026-03-15 08:00:03.276,-0.27263,0.24498,-0.04593,INCIPIENT_WARNING
2026-03-15 08:00:03.277,-0.30835,0.30914,0.0588,INCIPIENT_WARNING
2026-03-15 08:00:03.278,0.02041,0.45376,0.20204,INCIPIENT_WARNING
2026-03-15 08:00:03.279,0.01044,0.32503,0.11684,INCIPIENT_WARNING
2026-03-15 08:00:03.280,-0.0914,0.49723,0.20338,INCIPIENT_WARNING
2026-03-15 08:00:03.281,0.14968,0.4744,0.40681,INCIPIENT_WARNING
2026-03-15 08:00:03.282,0.08873,0.33195,0.16724,INCIPIENT_WARNING
2026-03-15 08:00:03.283,0.30982,0.3088,0.32237,INCIPIENT_WARNING
2026-03-15 08:00:03.284,0.37298,0.26452,0.30401,INCIPIENT_WARNING
2026-03-15 08:00:03.285,0.39102,0.18043,0.28713,INCIPIENT_WARNING
2026-03-15 08:00:03.286,0.44272,0.33673,0.3435,INCIPIENT_WARNING
2026-03-15 08:00:03.287,0.45843,0.1664,0.22065,INCIPIENT_WARNING
2026-03-15 08:00:03.288,0.03109,-0.19632,-0.08742,INCIPIENT_WARNING
2026-03-15 08:00:03.289,0.60726,0.13994,0.34522,INCIPIENT_WARNING
2026-03-15 08:00:03.290,0.41842,-0.13906,0.15548,INCIPIENT_WARNING
2026-03-15 08:00:03.291,0.46364,-0.10875,0.09459,INCIPIENT_WARNING
2026-03-15 08:00:03.292,0.53737,-0.23208,0.04487,INCIPIENT_WARNING
2026-03-15 08:00:03.293,0.45647,-0.18984,0.02927,INCIPIENT_WARNING
2026-03-15 08:00:03.294,0.17303,-0.1938,0.0351,INCIPIENT_WARNING
2026-03-15 08:00:03.295,0.1429,-0.25681,-0.04764,INCIPIENT_WARNING
2026-03-15 08:00:03.296,-0.04788,-0.50867,-0.2142,INCIPIENT_WARNING
2026-03-15 08:00:03.297,0.14834,-0.34972,-0.166,INCIPIENT_WARNING
2026-03-15 08:00:03.298,0.17852,-0.28417,-0.06446,INCIPIENT_WARNING
2026-03-15 08:00:03.299,-0.01777,-0.21007,-0.13165,INCIPIENT_WARNING
2026-03-15 08:00:03.300,0.07744,-0.27327,-0.23911,INCIPIENT_WARNING
2026-03-15 08:00:03.301,-0.03922,-0.22299,-0.26028,INCIPIENT_WARNING
2026-03-15 08:00:03.302,-0.04443,-0.13225,-0.15885,INCIPIENT_WARNING
2026-03-15 08:00:03.303,-0.01975,-0.2669,-0.176,INCIPIENT_WARNING
2026-03-15 08:00:03.304,0.01043,-0.05043,0.01282,INCIPIENT_WARNING
2026-03-15 08:00:03.305,-0.41903,-0.29165,-0.4763,INCIPIENT_WARNING
2026-03-15 08:00:03.306,-0.23081,-0.17788,-0.27331,INCIPIENT_WARNING
2026-03-15 08:00:03.307,-0.28469,-0.30233,-0.19477,INCIPIENT_WARNING
2026-03-15 08:00:03.308,-0.37781,-0.20361,-0.33476,INCIPIENT_WARNING
2026-03-15 08:00:03.309,-0.40018,-0.05064,-0.2143,INCIPIENT_WARNING
2026-03-15 08:00:03.310,-0.47356,-0.1126,-0.19806,INCIPIENT_WARNING
2026-03-15 08:00:03.311,-0.49154,0.00758,-0.2045,INCIPIENT_WARNING
2026-03-15 08:00:03.312,0.00808,0.39046,0.11351,INCIPIENT_WARNING
2026-03-15 08:00:03.313,-0.64488,0.04709,-0.08575,INCIPIENT_WARNING
2026-03-15 08:00:03.314,-0.28859,0.2813,-0.14921,INCIPIENT_WARNING
2026-03-15 08:00:03.315,-0.45294,0.11678,-0.02183,INCIPIENT_WARNING
2026-03-15 08:00:03.316,-0.33462,0.38452,0.06329,INCIPIENT_WARNING
2026-03-15 08:00:03.317,-0.22395,0.28055,0.02385,INCIPIENT_WARNING
2026-03-15 08:00:03.318,-0.13823,0.4317,0.16669,INCIPIENT_WARNING
2026-03-15 08:00:03.319,-0.17267,0.44381,0.21353,INCIPIENT_WARNING
2026-03-15 08:00:03.320,-0.08902,0.35093,0.2767,INCIPIENT_WARNING
2026-03-15 08:00:03.321,0.2379,0.62216,0.45499,INCIPIENT_WARNING
2026-03-15 08:00:03.322,0.02503,0.31482,0.21898,INCIPIENT_WARNING
2026-03-15 08:00:03.323,0.19457,0.29176,0.37476,INCIPIENT_WARNING
2026-03-15 08:00:03.324,0.38897,0.35458,0.42772,INCIPIENT_WARNING
2026-03-15 08:00:03.325,0.29922,0.36065,0.25889,INCIPIENT_WARNING
2026-03-15 08:00:03.326,0.31529,0.06927,0.28468,INCIPIENT_WARNING
2026-03-15 08:00:03.327,0.38034,0.16722,0.29894,INCIPIENT_WARNING
2026-03-15 08:00:03.328,-0.08396,-0.22738,-0.13394,INCIPIENT_WARNING
2026-03-15 08:00:03.329,0.45649,0.04627,0.32313,INCIPIENT_WARNING
2026-03-15 08:00:03.330,0.53583,-0.03954,0.21381,INCIPIENT_WARNING
2026-03-15 08:00:03.331,0.22552,-0.04792,0.17178,INCIPIENT_WARNING
2026-03-15 08:00:03.332,0.21698,-0.18703,0.13911,INCIPIENT_WARNING
2026-03-15 08:00:03.333,0.37054,-0.2425,0.02575,INCIPIENT_WARNING
2026-03-15 08:00:03.334,0.22433,-0.21906,0.07337,INCIPIENT_WARNING
2026-03-15 08:00:03.335,0.17089,-0.1777,-0.07396,INCIPIENT_WARNING
2026-03-15 08:00:03.336,-0.14412,-0.37734,-0.23834,INCIPIENT_WARNING
2026-03-15 08:00:03.337,0.14299,-0.4203,-0.18259,INCIPIENT_WARNING
2026-03-15 08:00:03.338,0.26127,-0.22705,-0.10038,INCIPIENT_WARNING
2026-03-15 08:00:03.339,0.04225,-0.37696,-0.08359,INCIPIENT_WARNING
2026-03-15 08:00:03.340,0.12888,-0.25855,-0.09602,INCIPIENT_WARNING
2026-03-15 08:00:03.341,-0.03047,-0.23898,-0.10213,INCIPIENT_WARNING
2026-03-15 08:00:03.342,-0.07746,-0.31608,-0.32163,INCIPIENT_WARNING
2026-03-15 08:00:03.343,-0.14485,-0.2258,-0.17851,INCIPIENT_WARNING
2026-03-15 08:00:03.344,0.11643,-0.14318,-0.13746,INCIPIENT_WARNING
2026-03-15 08:00:03.345,-0.49071,-0.41073,-0.46922,INCIPIENT_WARNING
2026-03-15 08:00:03.346,-0.16419,-0.04434,-0.20697,INCIPIENT_WARNING
2026-03-15 08:00:03.347,-0.32347,-0.20062,-0.24985,INCIPIENT_WARNING
2026-03-15 08:00:03.348,-0.45386,-0.15971,-0.26223,INCIPIENT_WARNING
2026-03-15 08:00:03.349,-0.36566,-0.06728,-0.22231,INCIPIENT_WARNING
2026-03-15 08:00:03.350,-0.56594,-0.00804,-0.27711,INCIPIENT_WARNING
2026-03-15 08:00:03.351,-0.52617,-0.07512,-0.18781,INCIPIENT_WARNING
2026-03-15 08:00:03.352,-0.03028,0.21664,0.22167,INCIPIENT_WARNING
2026-03-15 08:00:03.353,-0.61089,0.09705,-0.1787,INCIPIENT_WARNING
2026-03-15 08:00:03.354,-0.38656,0.27913,-0.21964,INCIPIENT_WARNING
2026-03-15 08:00:03.355,-0.31061,0.26501,0.04005,INCIPIENT_WARNING
2026-03-15 08:00:03.356,-0.30253,0.26947,-0.01311,INCIPIENT_WARNING
2026-03-15 08:00:03.357,-0.33799,0.41599,0.10713,INCIPIENT_WARNING
2026-03-15 08:00:03.358,-0.08355,0.36306,0.10648,INCIPIENT_WARNING
2026-03-15 08:00:03.359,-0.17755,0.42608,0.12909,INCIPIENT_WARNING
2026-03-15 08:00:03.360,0.15476,0.31611,0.2543,INCIPIENT_WARNING
2026-03-15 08:00:03.361,0.39298,0.55763,0.44132,INCIPIENT_WARNING
2026-03-15 08:00:03.362,-0.01665,0.21839,0.2606,INCIPIENT_WARNING
2026-03-15 08:00:03.363,0.38331,0.32764,0.26963,INCIPIENT_WARNING
2026-03-15 08:00:03.364,0.11513,0.24433,0.33533,INCIPIENT_WARNING
2026-03-15 08:00:03.365,0.48047,0.29171,0.33124,INCIPIENT_WARNING
2026-03-15 08:00:03.366,0.36885,0.1536,0.39529,INCIPIENT_WARNING
2026-03-15 08:00:03.367,0.44201,-0.01889,0.24718,INCIPIENT_WARNING
2026-03-15 08:00:03.368,-0.06274,-0.24388,-0.08551,INCIPIENT_WARNING
2026-03-15 08:00:03.369,0.60213,0.11268,0.44995,INCIPIENT_WARNING
2026-03-15 08:00:03.370,0.36088,0.07942,0.137,INCIPIENT_WARNING
2026-03-15 08:00:03.371,0.35962,-0.15383,0.10326,INCIPIENT_WARNING
2026-03-15 08:00:03.372,0.42376,-0.10685,0.06704,INCIPIENT_WARNING
2026-03-15 08:00:03.373,0.22475,-0.0173,0.0154,INCIPIENT_WARNING
2026-03-15 08:00:03.374,0.33462,-0.34314,-0.01292,INCIPIENT_WARNING
2026-03-15 08:00:03.375,0.22614,-0.21656,-0.18845,INCIPIENT_WARNING
2026-03-15 08:00:03.376,-0.06387,-0.52283,-0.27847,INCIPIENT_WARNING
2026-03-15 08:00:03.377,-0.01552,-0.39096,-0.17341,INCIPIENT_WARNING
2026-03-15 08:00:03.378,0.10709,-0.26456,-0.10679,INCIPIENT_WARNING
2026-03-15 08:00:03.379,-0.15054,-0.25624,-0.26641,INCIPIENT_WARNING
2026-03-15 08:00:03.380,-0.01501,-0.24969,-0.21286,INCIPIENT_WARNING
2026-03-15 08:00:03.381,-0.1053,-0.27902,-0.12386,INCIPIENT_WARNING
2026-03-15 08:00:03.382,-0.19696,-0.3108,-0.32555,INCIPIENT_WARNING
2026-03-15 08:00:03.383,-0.17188,-0.28372,-0.28563,INCIPIENT_WARNING
2026-03-15 08:00:03.384,0.04028,-0.20364,-0.01417,INCIPIENT_WARNING
2026-03-15 08:00:03.385,-0.3669,-0.47224,-0.49347,INCIPIENT_WARNING
2026-03-15 08:00:03.386,-0.17414,-0.09934,-0.30273,INCIPIENT_WARNING
2026-03-15 08:00:03.387,-0.32142,-0.16307,-0.26468,INCIPIENT_WARNING
2026-03-15 08:00:03.388,-0.59599,-0.1338,-0.20142,INCIPIENT_WARNING
2026-03-15 08:00:03.389,-0.37584,-0.1741,-0.27946,INCIPIENT_WARNING
2026-03-15 08:00:03.390,-0.27179,0.01144,-0.20178,INCIPIENT_WARNING
2026-03-15 08:00:03.391,-0.40759,-0.04394,-0.22648,INCIPIENT_WARNING
2026-03-15 08:00:03.392,-0.01207,0.38176,0.28939,INCIPIENT_WARNING
2026-03-15 08:00:03.393,-0.40071,-0.01449,-0.18164,INCIPIENT_WARNING
2026-03-15 08:00:03.394,-0.40265,0.19722,-0.1786,INCIPIENT_WARNING
2026-03-15 08:00:03.395,-0.06214,0.19568,-0.04843,INCIPIENT_WARNING
2026-03-15 08:00:03.396,-0.30331,0.44796,-0.0367,INCIPIENT_WARNING
2026-03-15 08:00:03.397,-0.26869,0.4252,0.07968,INCIPIENT_WARNING
2026-03-15 08:00:03.398,-0.18956,0.42833,0.16209,INCIPIENT_WARNING
2026-03-15 08:00:03.399,-0.00109,0.49576,0.20939,INCIPIENT_WARNING
2026-03-15 08:00:03.400,0.02459,0.42729,0.26874,INCIPIENT_WARNING
2026-03-15 08:00:03.401,0.27082,0.52012,0.50685,INCIPIENT_WARNING
2026-03-15 08:00:03.402,0.19123,0.20991,0.21621,INCIPIENT_WARNING
2026-03-15 08:00:03.403,0.20107,0.3392,0.36268,INCIPIENT_WARNING
2026-03-15 08:00:03.404,0.37993,0.30841,0.23155,INCIPIENT_WARNING
2026-03-15 08:00:03.405,0.26725,0.3096,0.1535,INCIPIENT_WARNING
2026-03-15 08:00:03.406,0.50536,0.23389,0.39275,INCIPIENT_WARNING
2026-03-15 08:00:03.407,0.41134,-0.01605,0.31408,INCIPIENT_WARNING
2026-03-15 08:00:03.408,0.11063,-0.14398,-0.16395,INCIPIENT_WARNING
2026-03-15 08:00:03.409,0.62522,0.08239,0.32927,INCIPIENT_WARNING
2026-03-15 08:00:03.410,0.5028,-0.13976,0.12478,INCIPIENT_WARNING
2026-03-15 08:00:03.411,0.26069,-0.24205,0.10478,INCIPIENT_WARNING
2026-03-15 08:00:03.412,0.48755,-0.15177,0.02332,INCIPIENT_WARNING
2026-03-15 08:00:03.413,0.39203,-0.07615,0.00586,INCIPIENT_WARNING
2026-03-15 08:00:03.414,0.23734,-0.19303,0.0994,INCIPIENT_WARNING
2026-03-15 08:00:03.415,0.19455,-0.34767,0.00869,INCIPIENT_WARNING
2026-03-15 08:00:03.416,-0.01466,-0.44581,-0.33594,INCIPIENT_WARNING
2026-03-15 08:00:03.417,0.15504,-0.29485,-0.20473,INCIPIENT_WARNING
2026-03-15 08:00:03.418,0.20242,-0.32837,0.005,INCIPIENT_WARNING
2026-03-15 08:00:03.419,-0.01935,-0.36286,-0.194,INCIPIENT_WARNING
2026-03-15 08:00:03.420,0.00341,-0.24118,-0.14292,INCIPIENT_WARNING
2026-03-15 08:00:03.421,-0.0493,-0.24219,-0.16704,INCIPIENT_WARNING
2026-03-15 08:00:03.422,-0.13555,-0.31114,-0.23402,INCIPIENT_WARNING
2026-03-15 08:00:03.423,-0.09702,-0.31449,-0.26006,INCIPIENT_WARNING
2026-03-15 08:00:03.424,0.24968,-0.03368,-0.06054,INCIPIENT_WARNING
2026-03-15 08:00:03.425,-0.41362,-0.39004,-0.43953,INCIPIENT_WARNING
2026-03-15 08:00:03.426,-0.20532,-0.10104,-0.19502,INCIPIENT_WARNING
2026-03-15 08:00:03.427,-0.31433,-0.1094,-0.24639,INCIPIENT_WARNING
2026-03-15 08:00:03.428,-0.38036,-0.1484,-0.29871,INCIPIENT_WARNING
2026-03-15 08:00:03.429,-0.38734,-0.14319,-0.29534,INCIPIENT_WARNING
2026-03-15 08:00:03.430,-0.50816,-0.15424,-0.29327,INCIPIENT_WARNING
2026-03-15 08:00:03.431,-0.45536,0.01078,-0.23224,INCIPIENT_WARNING
2026-03-15 08:00:03.432,-0.19898,0.46214,0.27172,INCIPIENT_WARNING
2026-03-15 08:00:03.433,-0.46142,0.22446,-0.25501,INCIPIENT_WARNING
2026-03-15 08:00:03.434,-0.30874,0.08384,-0.12911,INCIPIENT_WARNING
2026-03-15 08:00:03.435,-0.41687,0.29059,0.03912,INCIPIENT_WARNING
2026-03-15 08:00:03.436,-0.33851,0.34973,0.01837,INCIPIENT_WARNING
2026-03-15 08:00:03.437,-0.29233,0.30952,0.12938,INCIPIENT_WARNING
2026-03-15 08:00:03.438,-0.21783,0.45651,0.21969,INCIPIENT_WARNING
2026-03-15 08:00:03.439,-0.23014,0.48767,0.31491,INCIPIENT_WARNING
2026-03-15 08:00:03.440,0.02138,0.45795,0.30311,INCIPIENT_WARNING
2026-03-15 08:00:03.441,0.24717,0.53849,0.36338,INCIPIENT_WARNING
2026-03-15 08:00:03.442,0.07411,0.35511,0.24645,INCIPIENT_WARNING
2026-03-15 08:00:03.443,0.35159,0.30817,0.30977,INCIPIENT_WARNING
2026-03-15 08:00:03.444,0.48683,0.30788,0.35893,INCIPIENT_WARNING
2026-03-15 08:00:03.445,0.34515,0.18754,0.41381,INCIPIENT_WARNING
2026-03-15 08:00:03.446,0.36314,0.11648,0.29039,INCIPIENT_WARNING
2026-03-15 08:00:03.447,0.26095,0.08568,0.23305,INCIPIENT_WARNING
2026-03-15 08:00:03.448,0.04935,-0.26432,-0.07824,INCIPIENT_WARNING
2026-03-15 08:00:03.449,0.7435,0.17951,0.36967,INCIPIENT_WARNING
2026-03-15 08:00:03.450,0.43699,-0.16437,0.17085,INCIPIENT_WARNING
2026-03-15 08:00:03.451,0.28254,-0.08622,0.24935,INCIPIENT_WARNING
2026-03-15 08:00:03.452,0.43494,-0.28312,0.09191,INCIPIENT_WARNING
2026-03-15 08:00:03.453,0.33361,-0.19223,0.00081,INCIPIENT_WARNING
2026-03-15 08:00:03.454,0.30046,-0.32149,-0.0528,INCIPIENT_WARNING
2026-03-15 08:00:03.455,0.29507,-0.32708,0.00324,INCIPIENT_WARNING
2026-03-15 08:00:03.456,-0.20308,-0.32406,-0.35442,INCIPIENT_WARNING
2026-03-15 08:00:03.457,0.05145,-0.31175,-0.19488,INCIPIENT_WARNING
2026-03-15 08:00:03.458,0.2133,-0.19023,0.0227,INCIPIENT_WARNING
2026-03-15 08:00:03.459,0.06961,-0.34661,-0.20262,INCIPIENT_WARNING
2026-03-15 08:00:03.460,0.20001,-0.23883,-0.23405,INCIPIENT_WARNING
2026-03-15 08:00:03.461,-0.02765,-0.32327,-0.19999,INCIPIENT_WARNING
2026-03-15 08:00:03.462,-0.20493,-0.33409,-0.11883,INCIPIENT_WARNING
2026-03-15 08:00:03.463,-0.09137,-0.47041,-0.16597,INCIPIENT_WARNING
2026-03-15 08:00:03.464,0.18027,-0.12556,0.03053,INCIPIENT_WARNING
2026-03-15 08:00:03.465,-0.54147,-0.43733,-0.37924,INCIPIENT_WARNING
2026-03-15 08:00:03.466,-0.24066,-0.32278,-0.21993,INCIPIENT_WARNING
2026-03-15 08:00:03.467,-0.31762,-0.09867,-0.26092,INCIPIENT_WARNING
2026-03-15 08:00:03.468,-0.42958,-0.09665,-0.28824,INCIPIENT_WARNING
2026-03-15 08:00:03.469,-0.45455,-0.01782,-0.24081,INCIPIENT_WARNING
2026-03-15 08:00:03.470,-0.42618,-0.04147,-0.30665,INCIPIENT_WARNING
2026-03-15 08:00:03.471,-0.48861,0.00361,-0.22926,INCIPIENT_WARNING
2026-03-15 08:00:03.472,0.11537,0.37076,0.26511,INCIPIENT_WARNING
2026-03-15 08:00:03.473,-0.50275,0.16361,-0.17547,INCIPIENT_WARNING
2026-03-15 08:00:03.474,-0.47168,0.15287,-0.20206,INCIPIENT_WARNING
2026-03-15 08:00:03.475,-0.26692,0.28905,-0.01302,INCIPIENT_WARNING
2026-03-15 08:00:03.476,-0.23334,0.20942,-0.01286,INCIPIENT_WARNING
2026-03-15 08:00:03.477,-0.162,0.3756,0.07887,INCIPIENT_WARNING
2026-03-15 08:00:03.478,-0.14195,0.40622,0.05748,INCIPIENT_WARNING
2026-03-15 08:00:03.479,-0.11903,0.52604,0.15439,INCIPIENT_WARNING
2026-03-15 08:00:03.480,-0.02719,0.3782,0.23794,INCIPIENT_WARNING
2026-03-15 08:00:03.481,0.22511,0.56585,0.45847,INCIPIENT_WARNING
2026-03-15 08:00:03.482,0.1274,0.24404,0.19559,INCIPIENT_WARNING
2026-03-15 08:00:03.483,0.24384,0.39979,0.29647,INCIPIENT_WARNING
2026-03-15 08:00:03.484,0.40656,0.40722,0.2904,INCIPIENT_WARNING
2026-03-15 08:00:03.485,0.31105,0.20975,0.47682,INCIPIENT_WARNING
2026-03-15 08:00:03.486,0.374,0.32118,0.24355,INCIPIENT_WARNING
2026-03-15 08:00:03.487,0.34928,0.08369,0.24196,INCIPIENT_WARNING
2026-03-15 08:00:03.488,-0.03219,-0.27259,-0.18637,INCIPIENT_WARNING
2026-03-15 08:00:03.489,0.73052,0.21453,0.44415,INCIPIENT_WARNING
2026-03-15 08:00:03.490,0.4727,-0.04781,0.15024,INCIPIENT_WARNING
2026-03-15 08:00:03.491,0.27589,-0.1113,0.02604,INCIPIENT_WARNING
2026-03-15 08:00:03.492,0.31035,-0.05604,0.22837,INCIPIENT_WARNING
2026-03-15 08:00:03.493,0.35898,-0.1194,0.02983,INCIPIENT_WARNING
2026-03-15 08:00:03.494,0.16688,-0.18869,0.03756,INCIPIENT_WARNING
2026-03-15 08:00:03.495,0.24793,-0.27296,0.02871,INCIPIENT_WARNING
2026-03-15 08:00:03.496,-0.17537,-0.51348,-0.37414,INCIPIENT_WARNING
2026-03-15 08:00:03.497,0.07726,-0.41776,-0.20417,INCIPIENT_WARNING
2026-03-15 08:00:03.498,0.14344,-0.25146,-0.1227,INCIPIENT_WARNING
2026-03-15 08:00:03.499,0.00911,-0.24595,-0.1876,INCIPIENT_WARNING
2026-03-15 08:00:03.500,0.13211,-0.21245,-0.13365,INCIPIENT_WARNING
2026-03-15 08:00:03.501,-0.02986,-0.29928,-0.14725,INCIPIENT_WARNING
2026-03-15 08:00:03.502,-0.13455,-0.44356,-0.1989,INCIPIENT_WARNING
2026-03-15 08:00:03.503,-0.23863,-0.3621,-0.2401,INCIPIENT_WARNING
2026-03-15 08:00:03.504,0.08365,-0.20074,0.00092,INCIPIENT_WARNING
2026-03-15 08:00:03.505,-0.39165,-0.49025,-0.39811,INCIPIENT_WARNING
2026-03-15 08:00:03.506,-0.35191,-0.03359,-0.24151,INCIPIENT_WARNING
2026-03-15 08:00:03.507,-0.30028,-0.32461,-0.26705,INCIPIENT_WARNING
2026-03-15 08:00:03.508,-0.37702,-0.18005,-0.33157,INCIPIENT_WARNING
2026-03-15 08:00:03.509,-0.47432,-0.01964,-0.25208,INCIPIENT_WARNING
2026-03-15 08:00:03.510,-0.297,-0.09316,-0.27049,INCIPIENT_WARNING
2026-03-15 08:00:03.511,-0.37657,-0.11511,-0.29207,INCIPIENT_WARNING
2026-03-15 08:00:03.512,0.10723,0.27572,0.11147,INCIPIENT_WARNING
2026-03-15 08:00:03.513,-0.34739,-0.01481,-0.19033,INCIPIENT_WARNING
2026-03-15 08:00:03.514,-0.47096,-0.05096,-0.16288,INCIPIENT_WARNING
2026-03-15 08:00:03.515,-0.27298,0.32028,0.07209,INCIPIENT_WARNING
2026-03-15 08:00:03.516,-0.36352,0.35407,-0.02919,INCIPIENT_WARNING
2026-03-15 08:00:03.517,-0.37272,0.26021,-0.00575,INCIPIENT_WARNING
2026-03-15 08:00:03.518,-0.0776,0.2852,0.16571,INCIPIENT_WARNING
2026-03-15 08:00:03.519,-0.11269,0.40389,0.27715,INCIPIENT_WARNING
2026-03-15 08:00:03.520,-0.0377,0.46503,0.24703,INCIPIENT_WARNING
2026-03-15 08:00:03.521,0.26624,0.70383,0.36509,INCIPIENT_WARNING
2026-03-15 08:00:03.522,0.17114,0.36958,0.18723,INCIPIENT_WARNING
2026-03-15 08:00:03.523,0.40531,0.23412,0.315,INCIPIENT_WARNING
2026-03-15 08:00:03.524,0.2267,0.35344,0.28504,INCIPIENT_WARNING
2026-03-15 08:00:03.525,0.39247,0.23631,0.29237,INCIPIENT_WARNING
2026-03-15 08:00:03.526,0.44702,0.18094,0.25595,INCIPIENT_WARNING
2026-03-15 08:00:03.527,0.67803,0.09886,0.1609,INCIPIENT_WARNING
2026-03-15 08:00:03.528,-0.08795,-0.31918,-0.09376,INCIPIENT_WARNING
2026-03-15 08:00:03.529,0.66587,0.15718,0.36979,INCIPIENT_WARNING
2026-03-15 08:00:03.530,0.40665,-0.08208,0.17632,INCIPIENT_WARNING
2026-03-15 08:00:03.531,0.43122,-0.1144,0.12662,INCIPIENT_WARNING
2026-03-15 08:00:03.532,0.44147,-0.07585,0.13293,INCIPIENT_WARNING
2026-03-15 08:00:03.533,0.35835,-0.1142,0.00469,INCIPIENT_WARNING
2026-03-15 08:00:03.534,0.20949,-0.32173,0.01446,INCIPIENT_WARNING
2026-03-15 08:00:03.535,0.08363,-0.22313,-0.03572,INCIPIENT_WARNING
2026-03-15 08:00:03.536,0.00254,-0.51184,-0.33135,INCIPIENT_WARNING
2026-03-15 08:00:03.537,0.16626,-0.24002,-0.20613,INCIPIENT_WARNING
2026-03-15 08:00:03.538,0.22241,-0.21151,-0.00987,INCIPIENT_WARNING
2026-03-15 08:00:03.539,-0.02161,-0.24548,-0.31168,INCIPIENT_WARNING
2026-03-15 08:00:03.540,-0.03634,-0.27885,-0.1539,INCIPIENT_WARNING
2026-03-15 08:00:03.541,0.08038,-0.21494,-0.21149,INCIPIENT_WARNING
2026-03-15 08:00:03.542,0.01047,-0.36084,-0.17379,INCIPIENT_WARNING
2026-03-15 08:00:03.543,0.01374,-0.20476,-0.23531,INCIPIENT_WARNING
2026-03-15 08:00:03.544,0.06753,-0.20823,0.01298,INCIPIENT_WARNING
2026-03-15 08:00:03.545,-0.57712,-0.47091,-0.55241,INCIPIENT_WARNING
2026-03-15 08:00:03.546,-0.25837,-0.19074,-0.20093,INCIPIENT_WARNING
2026-03-15 08:00:03.547,-0.3665,-0.10918,-0.27746,INCIPIENT_WARNING
2026-03-15 08:00:03.548,-0.46767,-0.15853,-0.18127,INCIPIENT_WARNING
2026-03-15 08:00:03.549,-0.36658,-0.12937,-0.34789,INCIPIENT_WARNING
2026-03-15 08:00:03.550,-0.45111,-0.03784,-0.26943,INCIPIENT_WARNING
2026-03-15 08:00:03.551,-0.59357,-0.05915,-0.1326,INCIPIENT_WARNING
2026-03-15 08:00:03.552,0.14311,0.30239,0.26834,INCIPIENT_WARNING
2026-03-15 08:00:03.553,-0.61415,0.19014,-0.18874,INCIPIENT_WARNING
2026-03-15 08:00:03.554,-0.39884,0.02866,-0.10754,INCIPIENT_WARNING
2026-03-15 08:00:03.555,-0.3135,0.35948,0.07391,INCIPIENT_WARNING
2026-03-15 08:00:03.556,-0.32694,0.2597,0.05939,INCIPIENT_WARNING
2026-03-15 08:00:03.557,-0.25841,0.29316,0.02699,INCIPIENT_WARNING
2026-03-15 08:00:03.558,-0.29324,0.36102,0.21708,INCIPIENT_WARNING
2026-03-15 08:00:03.559,-0.07506,0.37512,0.24511,INCIPIENT_WARNING
2026-03-15 08:00:03.560,-0.07207,0.43013,0.23551,INCIPIENT_WARNING
2026-03-15 08:00:03.561,0.35115,0.42476,0.40556,INCIPIENT_WARNING
2026-03-15 08:00:03.562,-0.08268,0.30369,0.28971,INCIPIENT_WARNING
2026-03-15 08:00:03.563,0.22334,0.33429,0.40178,INCIPIENT_WARNING
2026-03-15 08:00:03.564,0.42568,0.31906,0.39614,INCIPIENT_WARNING
2026-03-15 08:00:03.565,0.26407,0.35298,0.45354,INCIPIENT_WARNING
2026-03-15 08:00:03.566,0.46153,0.04843,0.28987,INCIPIENT_WARNING
2026-03-15 08:00:03.567,0.49286,0.10436,0.37371,INCIPIENT_WARNING
2026-03-15 08:00:03.568,0.02939,-0.28383,-0.14785,INCIPIENT_WARNING
2026-03-15 08:00:03.569,0.56742,0.11699,0.36325,INCIPIENT_WARNING
2026-03-15 08:00:03.570,0.53544,0.10068,0.09554,INCIPIENT_WARNING
2026-03-15 08:00:03.571,0.19423,-0.15839,0.00439,INCIPIENT_WARNING
2026-03-15 08:00:03.572,0.40542,-0.08612,0.20734,INCIPIENT_WARNING
2026-03-15 08:00:03.573,0.34701,-0.2169,-0.07508,INCIPIENT_WARNING
2026-03-15 08:00:03.574,0.28735,-0.23117,0.04221,INCIPIENT_WARNING
2026-03-15 08:00:03.575,0.18361,-0.29076,-0.11907,INCIPIENT_WARNING
2026-03-15 08:00:03.576,-0.29856,-0.54983,-0.41988,INCIPIENT_WARNING
2026-03-15 08:00:03.577,0.09821,-0.38252,-0.19972,INCIPIENT_WARNING
2026-03-15 08:00:03.578,0.12407,-0.47229,0.0603,INCIPIENT_WARNING
2026-03-15 08:00:03.579,-0.08643,-0.37252,-0.28784,INCIPIENT_WARNING
2026-03-15 08:00:03.580,0.08442,-0.30318,-0.23296,INCIPIENT_WARNING
2026-03-15 08:00:03.581,-0.07053,-0.18083,-0.19984,INCIPIENT_WARNING
2026-03-15 08:00:03.582,-0.11827,-0.38007,-0.34685,INCIPIENT_WARNING
2026-03-15 08:00:03.583,-0.1574,-0.2718,-0.1764,INCIPIENT_WARNING
2026-03-15 08:00:03.584,-0.09488,-0.17742,-0.03789,INCIPIENT_WARNING
2026-03-15 08:00:03.585,-0.48741,-0.42812,-0.49373,INCIPIENT_WARNING
2026-03-15 08:00:03.586,-0.18367,-0.25612,-0.16127,INCIPIENT_WARNING
2026-03-15 08:00:03.587,-0.27878,-0.21243,-0.16898,INCIPIENT_WARNING
2026-03-15 08:00:03.588,-0.26724,-0.10756,-0.48609,INCIPIENT_WARNING
2026-03-15 08:00:03.589,-0.26066,-0.04454,-0.13489,INCIPIENT_WARNING
2026-03-15 08:00:03.590,-0.32734,0.06126,-0.1941,INCIPIENT_WARNING
2026-03-15 08:00:03.591,-0.33526,0.15084,-0.20892,INCIPIENT_WARNING
2026-03-15 08:00:03.592,-0.11153,0.35108,0.25816,INCIPIENT_WARNING
2026-03-15 08:00:03.593,-0.51006,-0.00534,-0.30515,INCIPIENT_WARNING
2026-03-15 08:00:03.594,-0.54957,0.21497,-0.05403,INCIPIENT_WARNING
2026-03-15 08:00:03.595,-0.23435,0.37753,0.01437,INCIPIENT_WARNING
2026-03-15 08:00:03.596,-0.48675,0.27206,-0.00371,INCIPIENT_WARNING
2026-03-15 08:00:03.597,-0.29823,0.36373,0.11014,INCIPIENT_WARNING
2026-03-15 08:00:03.598,-0.0921,0.38065,0.03525,INCIPIENT_WARNING
2026-03-15 08:00:03.599,-0.13316,0.42005,0.27219,INCIPIENT_WARNING
2026-03-15 08:00:03.600,-0.04948,0.46388,0.26571,INCIPIENT_WARNING
2026-03-15 08:00:03.601,0.2919,0.61495,0.42198,INCIPIENT_WARNING
2026-03-15 08:00:03.602,0.00799,0.32312,0.17738,INCIPIENT_WARNING
2026-03-15 08:00:03.603,0.3134,0.32163,0.36525,INCIPIENT_WARNING
2026-03-15 08:00:03.604,0.32678,0.3438,0.32909,INCIPIENT_WARNING
2026-03-15 08:00:03.605,0.32998,0.26016,0.33753,INCIPIENT_WARNING
2026-03-15 08:00:03.606,0.41879,0.32977,0.26542,INCIPIENT_WARNING
2026-03-15 08:00:03.607,0.43706,0.01962,0.32121,INCIPIENT_WARNING
2026-03-15 08:00:03.608,-0.12507,-0.25779,-0.17879,INCIPIENT_WARNING
2026-03-15 08:00:03.609,0.67619,0.0919,0.36535,INCIPIENT_WARNING
2026-03-15 08:00:03.610,0.56176,-0.03453,0.14934,INCIPIENT_WARNING
2026-03-15 08:00:03.611,0.34091,-0.01953,0.08231,INCIPIENT_WARNING
2026-03-15 08:00:03.612,0.34422,-0.19289,0.08413,INCIPIENT_WARNING
2026-03-15 08:00:03.613,0.27974,-0.29902,-0.02341,INCIPIENT_WARNING
2026-03-15 08:00:03.614,0.21447,-0.19409,-0.01994,INCIPIENT_WARNING
2026-03-15 08:00:03.615,0.22866,-0.16604,0.04975,INCIPIENT_WARNING
2026-03-15 08:00:03.616,-0.12869,-0.52034,-0.38272,INCIPIENT_WARNING
2026-03-15 08:00:03.617,0.12902,-0.36237,-0.19258,INCIPIENT_WARNING
2026-03-15 08:00:03.618,0.14125,-0.29151,-0.01074,INCIPIENT_WARNING
2026-03-15 08:00:03.619,-0.11514,-0.27079,-0.2339,INCIPIENT_WARNING
2026-03-15 08:00:03.620,-0.01308,-0.41519,-0.18468,INCIPIENT_WARNING
2026-03-15 08:00:03.621,-0.06526,-0.31038,-0.10648,INCIPIENT_WARNING
2026-03-15 08:00:03.622,-0.0877,-0.37172,-0.27677,INCIPIENT_WARNING
2026-03-15 08:00:03.623,-0.09236,-0.20122,-0.22762,INCIPIENT_WARNING
2026-03-15 08:00:03.624,0.16517,-0.04721,0.08757,INCIPIENT_WARNING
2026-03-15 08:00:03.625,-0.66399,-0.37249,-0.43197,INCIPIENT_WARNING
2026-03-15 08:00:03.626,-0.33686,-0.25592,-0.2709,INCIPIENT_WARNING
2026-03-15 08:00:03.627,-0.38212,-0.22572,-0.25311,INCIPIENT_WARNING
2026-03-15 08:00:03.628,-0.32981,-0.09744,-0.35595,INCIPIENT_WARNING
2026-03-15 08:00:03.629,-0.47444,-0.00596,-0.21898,INCIPIENT_WARNING
2026-03-15 08:00:03.630,-0.4306,-0.02059,-0.25106,INCIPIENT_WARNING
2026-03-15 08:00:03.631,-0.40968,-0.02167,-0.20712,INCIPIENT_WARNING
2026-03-15 08:00:03.632,-0.10087,0.32889,0.19968,INCIPIENT_WARNING
2026-03-15 08:00:03.633,-0.55373,0.01785,-0.24067,INCIPIENT_WARNING
2026-03-15 08:00:03.634,-0.62182,0.19652,-0.15716,INCIPIENT_WARNING
2026-03-15 08:00:03.635,-0.46493,0.23952,0.04071,INCIPIENT_WARNING
2026-03-15 08:00:03.636,-0.38505,0.2557,0.00738,INCIPIENT_WARNING
2026-03-15 08:00:03.637,-0.22654,0.25497,0.11748,INCIPIENT_WARNING
2026-03-15 08:00:03.638,-0.23759,0.40259,0.15023,INCIPIENT_WARNING
2026-03-15 08:00:03.639,-0.13794,0.34322,0.18134,INCIPIENT_WARNING
2026-03-15 08:00:03.640,0.14256,0.32718,0.35355,INCIPIENT_WARNING
2026-03-15 08:00:03.641,0.26967,0.55382,0.40078,INCIPIENT_WARNING
2026-03-15 08:00:03.642,-0.01059,0.28771,0.15238,INCIPIENT_WARNING
2026-03-15 08:00:03.643,0.25276,0.34673,0.46763,INCIPIENT_WARNING
2026-03-15 08:00:03.644,0.23559,0.33781,0.3749,INCIPIENT_WARNING
2026-03-15 08:00:03.645,0.26778,0.30584,0.3027,INCIPIENT_WARNING
2026-03-15 08:00:03.646,0.20312,0.25394,0.25944,INCIPIENT_WARNING
2026-03-15 08:00:03.647,0.35356,0.18856,0.27912,INCIPIENT_WARNING
2026-03-15 08:00:03.648,0.04669,-0.15217,-0.20197,INCIPIENT_WARNING
2026-03-15 08:00:03.649,0.72811,0.07895,0.54384,INCIPIENT_WARNING
2026-03-15 08:00:03.650,0.3784,0.02062,0.23671,INCIPIENT_WARNING
2026-03-15 08:00:03.651,0.39236,-0.19302,0.08748,INCIPIENT_WARNING
2026-03-15 08:00:03.652,0.21812,-0.126,0.14027,INCIPIENT_WARNING
2026-03-15 08:00:03.653,0.34551,-0.42755,-0.03231,INCIPIENT_WARNING
2026-03-15 08:00:03.654,0.22296,-0.21781,0.02116,INCIPIENT_WARNING
2026-03-15 08:00:03.655,0.23345,-0.21454,-0.09276,INCIPIENT_WARNING
2026-03-15 08:00:03.656,-0.05475,-0.44346,-0.31199,INCIPIENT_WARNING
2026-03-15 08:00:03.657,0.05196,-0.21317,-0.14051,INCIPIENT_WARNING
2026-03-15 08:00:03.658,0.13,-0.21639,0.01707,INCIPIENT_WARNING
2026-03-15 08:00:03.659,-0.0525,-0.26588,-0.17954,INCIPIENT_WARNING
2026-03-15 08:00:03.660,-0.20614,-0.29548,-0.21013,INCIPIENT_WARNING
2026-03-15 08:00:03.661,0.01063,-0.23793,-0.1857,INCIPIENT_WARNING
2026-03-15 08:00:03.662,0.04259,-0.32811,-0.19632,INCIPIENT_WARNING
2026-03-15 08:00:03.663,-0.07448,-0.307,-0.19847,INCIPIENT_WARNING
2026-03-15 08:00:03.664,0.05692,-0.12244,-0.077,INCIPIENT_WARNING
2026-03-15 08:00:03.665,-0.47843,-0.40248,-0.42542,INCIPIENT_WARNING
2026-03-15 08:00:03.666,-0.15057,-0.21204,-0.29208,INCIPIENT_WARNING
2026-03-15 08:00:03.667,-0.28204,-0.1078,-0.22295,INCIPIENT_WARNING
2026-03-15 08:00:03.668,-0.31303,-0.19516,-0.33567,INCIPIENT_WARNING
2026-03-15 08:00:03.669,-0.46789,-0.10866,-0.26503,INCIPIENT_WARNING
2026-03-15 08:00:03.670,-0.4225,-0.06588,-0.25911,INCIPIENT_WARNING
2026-03-15 08:00:03.671,-0.5271,0.07391,-0.22036,INCIPIENT_WARNING
2026-03-15 08:00:03.672,0.02224,0.33036,0.16577,INCIPIENT_WARNING
2026-03-15 08:00:03.673,-0.40993,0.12839,-0.31038,INCIPIENT_WARNING
2026-03-15 08:00:03.674,-0.42588,0.22526,-0.14618,INCIPIENT_WARNING
2026-03-15 08:00:03.675,-0.17583,0.32039,-0.06665,INCIPIENT_WARNING
2026-03-15 08:00:03.676,-0.30764,0.32787,-0.02541,INCIPIENT_WARNING
2026-03-15 08:00:03.677,-0.20778,0.23924,0.14541,INCIPIENT_WARNING
2026-03-15 08:00:03.678,-0.24593,0.33273,0.14644,INCIPIENT_WARNING
2026-03-15 08:00:03.679,-0.05413,0.43454,0.15425,INCIPIENT_WARNING
2026-03-15 08:00:03.680,-0.04468,0.34647,0.23739,INCIPIENT_WARNING
2026-03-15 08:00:03.681,0.39176,0.55603,0.52585,INCIPIENT_WARNING
2026-03-15 08:00:03.682,0.18456,0.28228,0.20523,INCIPIENT_WARNING
2026-03-15 08:00:03.683,0.46487,0.48813,0.25304,INCIPIENT_WARNING
2026-03-15 08:00:03.684,0.37454,0.33248,0.41331,INCIPIENT_WARNING
2026-03-15 08:00:03.685,0.29809,0.19307,0.28734,INCIPIENT_WARNING
2026-03-15 08:00:03.686,0.37421,0.2673,0.2572,INCIPIENT_WARNING
2026-03-15 08:00:03.687,0.39345,0.00371,0.36473,INCIPIENT_WARNING
2026-03-15 08:00:03.688,0.07228,-0.27245,-0.18701,INCIPIENT_WARNING
2026-03-15 08:00:03.689,0.70526,0.24863,0.43663,INCIPIENT_WARNING
2026-03-15 08:00:03.690,0.38046,-0.17805,0.117,INCIPIENT_WARNING
2026-03-15 08:00:03.691,0.37284,-0.19351,0.10898,INCIPIENT_WARNING
2026-03-15 08:00:03.692,0.36147,-0.22304,0.04695,INCIPIENT_WARNING
2026-03-15 08:00:03.693,0.47411,-0.13992,0.15298,INCIPIENT_WARNING
2026-03-15 08:00:03.694,0.33833,-0.27353,0.0853,INCIPIENT_WARNING
2026-03-15 08:00:03.695,0.24714,-0.24708,-0.0324,INCIPIENT_WARNING
2026-03-15 08:00:03.696,-0.37363,-0.36366,-0.3102,INCIPIENT_WARNING
2026-03-15 08:00:03.697,0.09667,-0.35756,-0.16269,INCIPIENT_WARNING
2026-03-15 08:00:03.698,0.16512,-0.18917,-0.10923,INCIPIENT_WARNING
2026-03-15 08:00:03.699,0.01513,-0.3077,-0.21722,INCIPIENT_WARNING
2026-03-15 08:00:03.700,0.03285,-0.3946,-0.2462,INCIPIENT_WARNING
2026-03-15 08:00:03.701,-0.01577,-0.25939,-0.31514,INCIPIENT_WARNING
2026-03-15 08:00:03.702,-0.0585,-0.35774,-0.24837,INCIPIENT_WARNING
2026-03-15 08:00:03.703,-0.26498,-0.3658,-0.18813,INCIPIENT_WARNING
2026-03-15 08:00:03.704,0.11657,-0.1179,-0.0001,INCIPIENT_WARNING
2026-03-15 08:00:03.705,-0.46262,-0.39835,-0.50868,INCIPIENT_WARNING
2026-03-15 08:00:03.706,-0.12391,-0.11826,-0.19444,INCIPIENT_WARNING
2026-03-15 08:00:03.707,-0.31719,-0.14253,-0.25157,INCIPIENT_WARNING
2026-03-15 08:00:03.708,-0.3175,-0.11285,-0.37239,INCIPIENT_WARNING
2026-03-15 08:00:03.709,-0.50175,-0.15793,-0.20114,INCIPIENT_WARNING
2026-03-15 08:00:03.710,-0.58341,-0.02679,-0.22998,INCIPIENT_WARNING
2026-03-15 08:00:03.711,-0.35848,0.01695,-0.31,INCIPIENT_WARNING
2026-03-15 08:00:03.712,-0.04136,0.30349,0.22134,INCIPIENT_WARNING
2026-03-15 08:00:03.713,-0.54585,-0.00115,-0.12095,INCIPIENT_WARNING
2026-03-15 08:00:03.714,-0.6149,0.25813,-0.08198,INCIPIENT_WARNING
2026-03-15 08:00:03.715,-0.23837,0.25422,0.04289,INCIPIENT_WARNING
2026-03-15 08:00:03.716,-0.4557,0.38013,0.00715,INCIPIENT_WARNING
2026-03-15 08:00:03.717,-0.29647,0.27427,-0.06931,INCIPIENT_WARNING
2026-03-15 08:00:03.718,-0.26169,0.49332,0.12949,INCIPIENT_WARNING
2026-03-15 08:00:03.719,-0.10803,0.47445,0.3137,INCIPIENT_WARNING
2026-03-15 08:00:03.720,0.11774,0.36085,0.13207,INCIPIENT_WARNING
2026-03-15 08:00:03.721,0.51092,0.73292,0.48966,INCIPIENT_WARNING
2026-03-15 08:00:03.722,-0.05795,0.40041,0.21021,INCIPIENT_WARNING
2026-03-15 08:00:03.723,0.26504,0.44988,0.37975,INCIPIENT_WARNING
2026-03-15 08:00:03.724,0.23732,0.31018,0.40588,INCIPIENT_WARNING
2026-03-15 08:00:03.725,0.41147,0.27748,0.38923,INCIPIENT_WARNING
2026-03-15 08:00:03.726,0.39537,0.22093,0.12228,INCIPIENT_WARNING
2026-03-15 08:00:03.727,0.4114,0.19678,0.28008,INCIPIENT_WARNING
2026-03-15 08:00:03.728,-0.08772,-0.332,-0.11234,INCIPIENT_WARNING
2026-03-15 08:00:03.729,0.72075,0.20271,0.30862,INCIPIENT_WARNING
2026-03-15 08:00:03.730,0.43072,-0.07793,0.16974,INCIPIENT_WARNING
2026-03-15 08:00:03.731,0.31331,-0.17174,0.14996,INCIPIENT_WARNING
2026-03-15 08:00:03.732,0.24307,-0.00969,0.15105,INCIPIENT_WARNING
2026-03-15 08:00:03.733,0.33424,-0.1395,-0.04443,INCIPIENT_WARNING
2026-03-15 08:00:03.734,0.23319,-0.25195,0.08844,INCIPIENT_WARNING
2026-03-15 08:00:03.735,0.24758,-0.2313,-0.06666,INCIPIENT_WARNING
2026-03-15 08:00:03.736,-0.07379,-0.36284,-0.28393,INCIPIENT_WARNING
2026-03-15 08:00:03.737,0.05972,-0.30463,-0.13873,INCIPIENT_WARNING
2026-03-15 08:00:03.738,0.26597,-0.15197,0.04174,INCIPIENT_WARNING
2026-03-15 08:00:03.739,-0.01328,-0.30398,-0.23064,INCIPIENT_WARNING
2026-03-15 08:00:03.740,-0.08229,-0.34245,-0.19228,INCIPIENT_WARNING
2026-03-15 08:00:03.741,-0.18498,-0.2472,-0.37275,INCIPIENT_WARNING
2026-03-15 08:00:03.742,0.13657,-0.20509,-0.2543,INCIPIENT_WARNING
2026-03-15 08:00:03.743,-0.14637,-0.28063,-0.28643,INCIPIENT_WARNING
2026-03-15 08:00:03.744,0.13521,-0.09824,0.00447,INCIPIENT_WARNING
2026-03-15 08:00:03.745,-0.49609,-0.53586,-0.50745,INCIPIENT_WARNING
2026-03-15 08:00:03.746,-0.20678,-0.1823,-0.23423,INCIPIENT_WARNING
2026-03-15 08:00:03.747,-0.22233,-0.21999,-0.25843,INCIPIENT_WARNING
2026-03-15 08:00:03.748,-0.29877,-0.18807,-0.29807,INCIPIENT_WARNING
2026-03-15 08:00:03.749,-0.4165,-0.01176,-0.27942,INCIPIENT_WARNING
2026-03-15 08:00:03.750,-0.33184,-0.06478,-0.30783,INCIPIENT_WARNING
2026-03-15 08:00:03.751,-0.40398,-0.01977,-0.18927,INCIPIENT_WARNING
2026-03-15 08:00:03.752,-0.19384,0.39932,0.23281,INCIPIENT_WARNING
2026-03-15 08:00:03.753,-0.62894,0.04473,-0.25038,INCIPIENT_WARNING
2026-03-15 08:00:03.754,-0.50562,0.05317,-0.13761,INCIPIENT_WARNING
2026-03-15 08:00:03.755,-0.19737,0.33035,0.07299,INCIPIENT_WARNING
2026-03-15 08:00:03.756,-0.24686,0.40717,0.12863,INCIPIENT_WARNING
2026-03-15 08:00:03.757,-0.30647,0.31439,0.13424,INCIPIENT_WARNING
2026-03-15 08:00:03.758,-0.10713,0.47093,0.27383,INCIPIENT_WARNING
2026-03-15 08:00:03.759,-0.0926,0.46005,0.14131,INCIPIENT_WARNING
2026-03-15 08:00:03.760,0.19096,0.4115,0.23523,INCIPIENT_WARNING
2026-03-15 08:00:03.761,0.27459,0.51766,0.43748,INCIPIENT_WARNING
2026-03-15 08:00:03.762,0.00707,0.22499,0.16792,INCIPIENT_WARNING
2026-03-15 08:00:03.763,0.45145,0.44083,0.41944,INCIPIENT_WARNING
2026-03-15 08:00:03.764,0.45051,0.47651,0.25629,INCIPIENT_WARNING
2026-03-15 08:00:03.765,0.2582,0.19808,0.30367,INCIPIENT_WARNING
2026-03-15 08:00:03.766,0.40344,0.17478,0.34837,INCIPIENT_WARNING
2026-03-15 08:00:03.767,0.45747,0.08491,0.17002,INCIPIENT_WARNING
2026-03-15 08:00:03.768,-0.14131,-0.30041,-0.19657,INCIPIENT_WARNING
2026-03-15 08:00:03.769,0.57753,0.10537,0.35005,INCIPIENT_WARNING
2026-03-15 08:00:03.770,0.43659,-0.1388,0.1352,INCIPIENT_WARNING
2026-03-15 08:00:03.771,0.25268,-0.15854,0.04279,INCIPIENT_WARNING
2026-03-15 08:00:03.772,0.49761,-0.11399,0.11759,INCIPIENT_WARNING
2026-03-15 08:00:03.773,0.26865,-0.18052,0.08964,INCIPIENT_WARNING
2026-03-15 08:00:03.774,0.307,-0.12219,0.03212,INCIPIENT_WARNING
2026-03-15 08:00:03.775,0.33528,-0.25687,0.01234,INCIPIENT_WARNING
2026-03-15 08:00:03.776,-0.19296,-0.53023,-0.32947,INCIPIENT_WARNING
2026-03-15 08:00:03.777,0.09715,-0.31998,-0.10761,INCIPIENT_WARNING
2026-03-15 08:00:03.778,0.09584,-0.3111,-0.0117,INCIPIENT_WARNING
2026-03-15 08:00:03.779,-0.06752,-0.0977,-0.1762,INCIPIENT_WARNING
2026-03-15 08:00:03.780,-0.00703,-0.3634,-0.21888,INCIPIENT_WARNING
2026-03-15 08:00:03.781,-0.03423,-0.30577,-0.22989,INCIPIENT_WARNING
2026-03-15 08:00:03.782,-0.13078,-0.21848,-0.15263,INCIPIENT_WARNING
2026-03-15 08:00:03.783,-0.12552,-0.40786,-0.2174,INCIPIENT_WARNING
2026-03-15 08:00:03.784,0.26193,0.01895,0.05974,INCIPIENT_WARNING
2026-03-15 08:00:03.785,-0.39085,-0.4369,-0.47635,INCIPIENT_WARNING
2026-03-15 08:00:03.786,-0.28305,-0.17044,-0.13783,INCIPIENT_WARNING
2026-03-15 08:00:03.787,-0.37867,-0.26003,-0.26805,INCIPIENT_WARNING
2026-03-15 08:00:03.788,-0.43791,-0.13386,-0.34226,INCIPIENT_WARNING
2026-03-15 08:00:03.789,-0.25598,-0.20473,-0.18603,INCIPIENT_WARNING
2026-03-15 08:00:03.790,-0.51801,-0.19446,-0.24078,INCIPIENT_WARNING
2026-03-15 08:00:03.791,-0.49053,-0.08141,-0.33533,INCIPIENT_WARNING
2026-03-15 08:00:03.792,0.05535,0.47976,0.30513,INCIPIENT_WARNING
2026-03-15 08:00:03.793,-0.53321,0.12329,-0.21841,INCIPIENT_WARNING
2026-03-15 08:00:03.794,-0.63395,0.04887,-0.17194,INCIPIENT_WARNING
2026-03-15 08:00:03.795,-0.33522,0.3765,0.07083,INCIPIENT_WARNING
2026-03-15 08:00:03.796,-0.29267,0.29368,-0.07539,INCIPIENT_WARNING
2026-03-15 08:00:03.797,-0.2265,0.41146,-0.06469,INCIPIENT_WARNING
2026-03-15 08:00:03.798,-0.24652,0.36182,0.16412,INCIPIENT_WARNING
2026-03-15 08:00:03.799,-0.16654,0.42745,0.19068,INCIPIENT_WARNING
2026-03-15 08:00:03.800,-0.01432,0.38507,0.21589,INCIPIENT_WARNING
2026-03-15 08:00:03.801,0.21274,0.60094,0.52435,INCIPIENT_WARNING
2026-03-15 08:00:03.802,-0.01651,0.44642,0.19743,INCIPIENT_WARNING
2026-03-15 08:00:03.803,0.41685,0.33834,0.23621,INCIPIENT_WARNING
2026-03-15 08:00:03.804,0.3838,0.35831,0.37195,INCIPIENT_WARNING
2026-03-15 08:00:03.805,0.3126,0.25812,0.30284,INCIPIENT_WARNING
2026-03-15 08:00:03.806,0.4059,0.2746,0.34842,INCIPIENT_WARNING
2026-03-15 08:00:03.807,0.51218,0.12306,0.28675,INCIPIENT_WARNING
2026-03-15 08:00:03.808,-0.16251,-0.29231,-0.39683,INCIPIENT_WARNING
2026-03-15 08:00:03.809,0.63226,0.13892,0.46132,INCIPIENT_WARNING
2026-03-15 08:00:03.810,0.42649,-0.03083,0.05208,INCIPIENT_WARNING
2026-03-15 08:00:03.811,0.36657,-0.27687,0.02098,INCIPIENT_WARNING
2026-03-15 08:00:03.812,0.40247,-0.04779,0.14647,INCIPIENT_WARNING
2026-03-15 08:00:03.813,0.34388,-0.21238,0.00151,INCIPIENT_WARNING
2026-03-15 08:00:03.814,0.24697,-0.21319,-0.08421,INCIPIENT_WARNING
2026-03-15 08:00:03.815,0.30854,-0.29852,0.02192,INCIPIENT_WARNING
2026-03-15 08:00:03.816,-0.03918,-0.62906,-0.39352,INCIPIENT_WARNING
2026-03-15 08:00:03.817,-0.01124,-0.50059,-0.24385,INCIPIENT_WARNING
2026-03-15 08:00:03.818,0.4468,-0.19067,0.09608,INCIPIENT_WARNING
2026-03-15 08:00:03.819,0.07171,-0.4148,-0.23454,INCIPIENT_WARNING
2026-03-15 08:00:03.820,0.05313,-0.29258,-0.22642,INCIPIENT_WARNING
2026-03-15 08:00:03.821,-0.17338,-0.06387,-0.21128,INCIPIENT_WARNING
2026-03-15 08:00:03.822,-0.13644,-0.31442,-0.25654,INCIPIENT_WARNING
2026-03-15 08:00:03.823,-0.13799,-0.20866,-0.2607,INCIPIENT_WARNING
2026-03-15 08:00:03.824,0.02173,-0.09624,-0.01255,INCIPIENT_WARNING
2026-03-15 08:00:03.825,-0.3962,-0.35574,-0.51492,INCIPIENT_WARNING
2026-03-15 08:00:03.826,-0.33802,-0.2876,-0.2211,INCIPIENT_WARNING
2026-03-15 08:00:03.827,-0.29718,-0.22414,-0.30611,INCIPIENT_WARNING
2026-03-15 08:00:03.828,-0.47413,-0.1866,-0.46682,INCIPIENT_WARNING
2026-03-15 08:00:03.829,-0.51241,-0.15501,-0.19002,INCIPIENT_WARNING
2026-03-15 08:00:03.830,-0.52573,-0.04378,-0.24303,INCIPIENT_WARNING
2026-03-15 08:00:03.831,-0.35327,0.10041,-0.23468,INCIPIENT_WARNING
2026-03-15 08:00:03.832,0.01925,0.36044,0.25985,INCIPIENT_WARNING
2026-03-15 08:00:03.833,-0.58192,0.12924,-0.19226,INCIPIENT_WARNING
2026-03-15 08:00:03.834,-0.45592,0.25477,-0.04292,INCIPIENT_WARNING
2026-03-15 08:00:03.835,-0.31081,0.39846,0.00165,INCIPIENT_WARNING
2026-03-15 08:00:03.836,-0.24224,0.39865,0.07532,INCIPIENT_WARNING
2026-03-15 08:00:03.837,-0.25678,0.3222,-0.00216,INCIPIENT_WARNING
2026-03-15 08:00:03.838,-0.17609,0.53534,0.13809,INCIPIENT_WARNING
2026-03-15 08:00:03.839,-0.02378,0.49805,0.18722,INCIPIENT_WARNING
2026-03-15 08:00:03.840,0.11922,0.21874,0.18025,INCIPIENT_WARNING
2026-03-15 08:00:03.841,0.23142,0.51391,0.5149,INCIPIENT_WARNING
2026-03-15 08:00:03.842,0.07809,0.3616,0.25522,INCIPIENT_WARNING
2026-03-15 08:00:03.843,0.19496,0.29626,0.39159,INCIPIENT_WARNING
2026-03-15 08:00:03.844,0.29287,0.22059,0.43393,INCIPIENT_WARNING
2026-03-15 08:00:03.845,0.49909,0.38229,0.34892,INCIPIENT_WARNING
2026-03-15 08:00:03.846,0.49268,0.31707,0.29828,INCIPIENT_WARNING
2026-03-15 08:00:03.847,0.56084,0.16294,0.36828,INCIPIENT_WARNING
2026-03-15 08:00:03.848,-0.04785,-0.16941,-0.1794,INCIPIENT_WARNING
2026-03-15 08:00:03.849,0.55762,0.25958,0.37041,INCIPIENT_WARNING
2026-03-15 08:00:03.850,0.56724,-0.06479,0.26551,INCIPIENT_WARNING
2026-03-15 08:00:03.851,0.47643,-0.1163,0.12965,INCIPIENT_WARNING
2026-03-15 08:00:03.852,0.46069,-0.30165,0.13163,INCIPIENT_WARNING
2026-03-15 08:00:03.853,0.24306,-0.19904,-0.02581,INCIPIENT_WARNING
2026-03-15 08:00:03.854,0.1903,-0.12372,0.07119,INCIPIENT_WARNING
2026-03-15 08:00:03.855,0.25632,-0.25614,-0.04613,INCIPIENT_WARNING
2026-03-15 08:00:03.856,-0.07852,-0.55837,-0.29901,INCIPIENT_WARNING
2026-03-15 08:00:03.857,0.04248,-0.39683,-0.17918,INCIPIENT_WARNING
2026-03-15 08:00:03.858,0.17559,-0.21268,-0.05817,INCIPIENT_WARNING
2026-03-15 08:00:03.859,0.03883,-0.26661,-0.258,INCIPIENT_WARNING
2026-03-15 08:00:03.860,-0.01186,-0.29259,-0.21885,INCIPIENT_WARNING
2026-03-15 08:00:03.861,0.00507,-0.27524,-0.13462,INCIPIENT_WARNING
2026-03-15 08:00:03.862,-0.16286,-0.39805,-0.26236,INCIPIENT_WARNING
2026-03-15 08:00:03.863,-0.23797,-0.26579,-0.32833,INCIPIENT_WARNING
2026-03-15 08:00:03.864,0.34325,0.01806,0.02085,INCIPIENT_WARNING
2026-03-15 08:00:03.865,-0.45228,-0.5769,-0.36701,INCIPIENT_WARNING
2026-03-15 08:00:03.866,-0.27669,-0.20342,-0.34086,INCIPIENT_WARNING
2026-03-15 08:00:03.867,-0.2852,-0.28199,-0.27081,INCIPIENT_WARNING
2026-03-15 08:00:03.868,-0.47305,-0.26952,-0.36955,INCIPIENT_WARNING
2026-03-15 08:00:03.869,-0.39476,-0.20652,-0.31569,INCIPIENT_WARNING
2026-03-15 08:00:03.870,-0.39464,0.14329,-0.22857,INCIPIENT_WARNING
2026-03-15 08:00:03.871,-0.55715,-0.02505,-0.23052,INCIPIENT_WARNING
2026-03-15 08:00:03.872,0.03661,0.48763,0.29575,INCIPIENT_WARNING
2026-03-15 08:00:03.873,-0.46434,0.06229,-0.13659,INCIPIENT_WARNING
2026-03-15 08:00:03.874,-0.5287,0.0832,-0.02389,INCIPIENT_WARNING
2026-03-15 08:00:03.875,-0.48962,0.25913,-0.01527,INCIPIENT_WARNING
2026-03-15 08:00:03.876,-0.12344,0.45875,0.10657,INCIPIENT_WARNING
2026-03-15 08:00:03.877,-0.29715,0.56382,0.1102,INCIPIENT_WARNING
2026-03-15 08:00:03.878,-0.08443,0.43395,0.15564,INCIPIENT_WARNING
2026-03-15 08:00:03.879,-0.11846,0.41956,0.24529,INCIPIENT_WARNING
2026-03-15 08:00:03.880,0.03347,0.44302,0.35571,INCIPIENT_WARNING
2026-03-15 08:00:03.881,0.0483,0.6217,0.54458,INCIPIENT_WARNING
2026-03-15 08:00:03.882,0.15533,0.32744,0.23085,INCIPIENT_WARNING
2026-03-15 08:00:03.883,0.37295,0.50826,0.34977,INCIPIENT_WARNING
2026-03-15 08:00:03.884,0.37675,0.47398,0.23923,INCIPIENT_WARNING
2026-03-15 08:00:03.885,0.31187,0.37751,0.40879,INCIPIENT_WARNING
2026-03-15 08:00:03.886,0.48639,0.17809,0.28485,INCIPIENT_WARNING
2026-03-15 08:00:03.887,0.4091,0.26268,0.27212,INCIPIENT_WARNING
2026-03-15 08:00:03.888,-0.06163,-0.33316,-0.14601,INCIPIENT_WARNING
2026-03-15 08:00:03.889,0.6498,0.14253,0.32783,INCIPIENT_WARNING
2026-03-15 08:00:03.890,0.30915,-0.0576,0.10735,INCIPIENT_WARNING
2026-03-15 08:00:03.891,0.56745,-0.31076,0.04632,INCIPIENT_WARNING
2026-03-15 08:00:03.892,0.42685,-0.17537,0.05461,INCIPIENT_WARNING
2026-03-15 08:00:03.893,0.25898,-0.29052,0.02872,INCIPIENT_WARNING
2026-03-15 08:00:03.894,0.47798,-0.24309,0.07885,INCIPIENT_WARNING
2026-03-15 08:00:03.895,0.30467,-0.18558,-0.20958,INCIPIENT_WARNING
2026-03-15 08:00:03.896,-0.16246,-0.41012,-0.40412,INCIPIENT_WARNING
2026-03-15 08:00:03.897,0.22603,-0.25203,-0.2125,INCIPIENT_WARNING
2026-03-15 08:00:03.898,0.18611,-0.31742,-0.06323,INCIPIENT_WARNING
2026-03-15 08:00:03.899,-0.11701,-0.32982,-0.30726,INCIPIENT_WARNING
2026-03-15 08:00:03.900,0.0552,-0.28148,-0.29865,INCIPIENT_WARNING
2026-03-15 08:00:03.901,0.1045,-0.28013,-0.15669,INCIPIENT_WARNING
2026-03-15 08:00:03.902,-0.17792,-0.27893,-0.17228,INCIPIENT_WARNING
2026-03-15 08:00:03.903,-0.15995,-0.15569,-0.25318,INCIPIENT_WARNING
2026-03-15 08:00:03.904,0.23988,-0.05756,0.06077,INCIPIENT_WARNING
2026-03-15 08:00:03.905,-0.69037,-0.42625,-0.5806,INCIPIENT_WARNING
2026-03-15 08:00:03.906,-0.30102,-0.05912,-0.23707,INCIPIENT_WARNING
2026-03-15 08:00:03.907,-0.42311,-0.22549,-0.36215,INCIPIENT_WARNING
2026-03-15 08:00:03.908,-0.29526,-0.24169,-0.2867,INCIPIENT_WARNING
2026-03-15 08:00:03.909,-0.29362,-0.14692,-0.23547,INCIPIENT_WARNING
2026-03-15 08:00:03.910,-0.55218,0.13199,-0.2006,INCIPIENT_WARNING
2026-03-15 08:00:03.911,-0.49431,-0.05681,-0.24132,INCIPIENT_WARNING
2026-03-15 08:00:03.912,0.04344,0.57609,0.2101,INCIPIENT_WARNING
2026-03-15 08:00:03.913,-0.53899,0.08516,-0.23078,INCIPIENT_WARNING
2026-03-15 08:00:03.914,-0.52757,0.14978,-0.10844,INCIPIENT_WARNING
2026-03-15 08:00:03.915,-0.26893,0.35139,-0.16915,INCIPIENT_WARNING
2026-03-15 08:00:03.916,-0.32685,0.19174,0.05268,INCIPIENT_WARNING
2026-03-15 08:00:03.917,-0.13358,0.3061,0.07041,INCIPIENT_WARNING
2026-03-15 08:00:03.918,-0.22944,0.519,0.16596,INCIPIENT_WARNING
2026-03-15 08:00:03.919,0.06235,0.47076,0.2233,INCIPIENT_WARNING
2026-03-15 08:00:03.920,0.00626,0.51202,0.14947,INCIPIENT_WARNING
2026-03-15 08:00:03.921,0.33095,0.5819,0.55058,INCIPIENT_WARNING
2026-03-15 08:00:03.922,0.03249,0.25268,0.21822,INCIPIENT_WARNING
2026-03-15 08:00:03.923,0.18568,0.24513,0.41816,INCIPIENT_WARNING
2026-03-15 08:00:03.924,0.40795,0.38257,0.46106,INCIPIENT_WARNING
2026-03-15 08:00:03.925,0.31595,0.15375,0.33651,INCIPIENT_WARNING
2026-03-15 08:00:03.926,0.40963,0.14852,0.33821,INCIPIENT_WARNING
2026-03-15 08:00:03.927,0.4098,0.00024,0.28587,INCIPIENT_WARNING
2026-03-15 08:00:03.928,-0.1814,-0.26198,-0.24827,INCIPIENT_WARNING
2026-03-15 08:00:03.929,0.80782,0.27777,0.48387,INCIPIENT_WARNING
2026-03-15 08:00:03.930,0.31681,0.05896,0.29455,INCIPIENT_WARNING
2026-03-15 08:00:03.931,0.37876,-0.04878,0.06209,INCIPIENT_WARNING
2026-03-15 08:00:03.932,0.25684,-0.20712,0.23748,INCIPIENT_WARNING
2026-03-15 08:00:03.933,0.21155,-0.21503,0.0495,INCIPIENT_WARNING
2026-03-15 08:00:03.934,0.25436,-0.28538,0.00784,INCIPIENT_WARNING
2026-03-15 08:00:03.935,0.20833,-0.38487,-0.01684,INCIPIENT_WARNING
2026-03-15 08:00:03.936,-0.04032,-0.44913,-0.42506,INCIPIENT_WARNING
2026-03-15 08:00:03.937,-0.0506,-0.39238,-0.08351,INCIPIENT_WARNING
2026-03-15 08:00:03.938,0.2943,-0.18426,0.03539,INCIPIENT_WARNING
2026-03-15 08:00:03.939,0.03378,-0.35634,-0.17328,INCIPIENT_WARNING
2026-03-15 08:00:03.940,-0.05025,-0.44296,-0.14697,INCIPIENT_WARNING
2026-03-15 08:00:03.941,0.07657,-0.40942,-0.1529,INCIPIENT_WARNING
2026-03-15 08:00:03.942,0.04538,-0.32958,-0.29868,INCIPIENT_WARNING
2026-03-15 08:00:03.943,-0.14054,-0.35635,-0.29732,INCIPIENT_WARNING
2026-03-15 08:00:03.944,0.17976,-0.20408,-0.06654,INCIPIENT_WARNING
2026-03-15 08:00:03.945,-0.54195,-0.46157,-0.51728,INCIPIENT_WARNING
2026-03-15 08:00:03.946,-0.05144,-0.18728,-0.18547,INCIPIENT_WARNING
2026-03-15 08:00:03.947,-0.42298,-0.13852,-0.31432,INCIPIENT_WARNING
2026-03-15 08:00:03.948,-0.42293,-0.19746,-0.2563,INCIPIENT_WARNING
2026-03-15 08:00:03.949,-0.54094,-0.28738,-0.28489,INCIPIENT_WARNING
2026-03-15 08:00:03.950,-0.41754,-0.04682,-0.18277,INCIPIENT_WARNING
2026-03-15 08:00:03.951,-0.43937,-0.04082,-0.38552,INCIPIENT_WARNING
2026-03-15 08:00:03.952,0.05887,0.51084,0.27017,INCIPIENT_WARNING
2026-03-15 08:00:03.953,-0.55307,0.11957,-0.29095,INCIPIENT_WARNING
2026-03-15 08:00:03.954,-0.46422,0.28757,-0.17736,INCIPIENT_WARNING
2026-03-15 08:00:03.955,-0.43018,0.31597,-0.11733,INCIPIENT_WARNING
2026-03-15 08:00:03.956,-0.32567,0.35805,0.11928,INCIPIENT_WARNING
2026-03-15 08:00:03.957,-0.28837,0.41263,0.03209,INCIPIENT_WARNING
2026-03-15 08:00:03.958,-0.20838,0.3058,0.14835,INCIPIENT_WARNING
2026-03-15 08:00:03.959,-0.12495,0.46469,0.16872,INCIPIENT_WARNING
2026-03-15 08:00:03.960,0.00769,0.4249,0.24124,INCIPIENT_WARNING
2026-03-15 08:00:03.961,0.33493,0.59571,0.55839,INCIPIENT_WARNING
2026-03-15 08:00:03.962,0.03752,0.30743,0.20623,INCIPIENT_WARNING
2026-03-15 08:00:03.963,0.22105,0.36964,0.50523,INCIPIENT_WARNING
2026-03-15 08:00:03.964,0.27294,0.32655,0.35484,INCIPIENT_WARNING
2026-03-15 08:00:03.965,0.35634,0.24094,0.36103,INCIPIENT_WARNING
2026-03-15 08:00:03.966,0.28635,0.29704,0.38643,INCIPIENT_WARNING
2026-03-15 08:00:03.967,0.35405,-0.03376,0.253,INCIPIENT_WARNING
2026-03-15 08:00:03.968,-0.10563,-0.08277,-0.17721,INCIPIENT_WARNING
2026-03-15 08:00:03.969,0.54544,0.10085,0.44155,INCIPIENT_WARNING
2026-03-15 08:00:03.970,0.48559,-0.16222,0.1857,INCIPIENT_WARNING
2026-03-15 08:00:03.971,0.31247,-0.24012,0.11448,INCIPIENT_WARNING
2026-03-15 08:00:03.972,0.50286,-0.08236,0.1645,INCIPIENT_WARNING
2026-03-15 08:00:03.973,0.30471,-0.16019,0.06756,INCIPIENT_WARNING
2026-03-15 08:00:03.974,0.31573,-0.30041,-0.029,INCIPIENT_WARNING
2026-03-15 08:00:03.975,0.2685,-0.08359,-0.01133,INCIPIENT_WARNING
2026-03-15 08:00:03.976,-0.19993,-0.588,-0.41018,INCIPIENT_WARNING
2026-03-15 08:00:03.977,0.26542,-0.40445,-0.12763,INCIPIENT_WARNING
2026-03-15 08:00:03.978,0.20295,-0.21937,0.03045,INCIPIENT_WARNING
2026-03-15 08:00:03.979,-0.05846,-0.41885,-0.11029,INCIPIENT_WARNING
2026-03-15 08:00:03.980,0.09115,-0.2722,-0.14372,INCIPIENT_WARNING
2026-03-15 08:00:03.981,0.00513,-0.16508,-0.20416,INCIPIENT_WARNING
2026-03-15 08:00:03.982,-0.0566,-0.4457,-0.30106,INCIPIENT_WARNING
2026-03-15 08:00:03.983,-0.26401,-0.21492,-0.42466,INCIPIENT_WARNING
2026-03-15 08:00:03.984,0.10699,-0.31256,-0.02417,INCIPIENT_WARNING
2026-03-15 08:00:03.985,-0.59551,-0.35548,-0.5196,INCIPIENT_WARNING
2026-03-15 08:00:03.986,-0.30187,-0.11219,-0.22353,INCIPIENT_WARNING
2026-03-15 08:00:03.987,-0.3315,-0.29447,-0.34615,INCIPIENT_WARNING
2026-03-15 08:00:03.988,-0.50898,-0.18666,-0.32014,INCIPIENT_WARNING
2026-03-15 08:00:03.989,-0.27958,-0.07883,-0.44838,INCIPIENT_WARNING
2026-03-15 08:00:03.990,-0.43922,-0.17338,-0.32657,INCIPIENT_WARNING
2026-03-15 08:00:03.991,-0.558,-0.04893,-0.32625,INCIPIENT_WARNING
2026-03-15 08:00:03.992,0.10578,0.32537,0.32541,INCIPIENT_WARNING
2026-03-15 08:00:03.993,-0.35253,-0.0183,-0.24609,INCIPIENT_WARNING
2026-03-15 08:00:03.994,-0.75986,0.13599,-0.12623,INCIPIENT_WARNING
2026-03-15 08:00:03.995,-0.26052,0.32973,0.08478,INCIPIENT_WARNING
2026-03-15 08:00:03.996,-0.12287,0.45953,-0.02295,INCIPIENT_WARNING
2026-03-15 08:00:03.997,-0.40689,0.35088,0.02668,INCIPIENT_WARNING
2026-03-15 08:00:03.998,-0.1346,0.33489,0.15726,INCIPIENT_WARNING
2026-03-15 08:00:03.999,-0.0196,0.43598,0.14877,INCIPIENT_WARNING
2026-03-15 08:00:04.000,0.10909,0.30553,0.24297,INCIPIENT_WARNING
2026-03-15 08:00:04.001,0.32802,0.59896,0.52616,INCIPIENT_WARNING
2026-03-15 08:00:04.002,0.1043,0.3333,0.19415,INCIPIENT_WARNING
2026-03-15 08:00:04.003,0.25116,0.3522,0.42768,INCIPIENT_WARNING
2026-03-15 08:00:04.004,0.29956,0.41758,0.38365,INCIPIENT_WARNING
2026-03-15 08:00:04.005,0.33291,0.31734,0.29764,INCIPIENT_WARNING
2026-03-15 08:00:04.006,0.50644,0.23378,0.30891,INCIPIENT_WARNING
2026-03-15 08:00:04.007,0.52092,0.18851,0.39348,INCIPIENT_WARNING
2026-03-15 08:00:04.008,0.00045,-0.25197,-0.29199,INCIPIENT_WARNING
2026-03-15 08:00:04.009,0.94692,0.04654,0.51159,INCIPIENT_WARNING
2026-03-15 08:00:04.010,0.50511,-0.1521,0.18755,INCIPIENT_WARNING
2026-03-15 08:00:04.011,0.37326,-0.05148,0.05135,INCIPIENT_WARNING
2026-03-15 08:00:04.012,0.40993,-0.33389,0.24136,INCIPIENT_WARNING
2026-03-15 08:00:04.013,0.25321,-0.19187,0.0412,INCIPIENT_WARNING
2026-03-15 08:00:04.014,0.29605,-0.18985,0.11202,INCIPIENT_WARNING
2026-03-15 08:00:04.015,0.28673,-0.22528,-0.00957,INCIPIENT_WARNING
2026-03-15 08:00:04.016,-0.05304,-0.56461,-0.31364,INCIPIENT_WARNING
2026-03-15 08:00:04.017,0.16685,-0.29025,-0.23132,INCIPIENT_WARNING
2026-03-15 08:00:04.018,0.22488,-0.22158,-0.10914,INCIPIENT_WARNING
2026-03-15 08:00:04.019,0.14241,-0.37201,-0.20109,INCIPIENT_WARNING
2026-03-15 08:00:04.020,-0.05374,-0.44153,-0.23532,INCIPIENT_WARNING
2026-03-15 08:00:04.021,-0.01709,-0.27246,-0.19761,INCIPIENT_WARNING
2026-03-15 08:00:04.022,-0.0785,-0.36029,-0.21681,INCIPIENT_WARNING
2026-03-15 08:00:04.023,-0.01555,-0.26133,-0.20796,INCIPIENT_WARNING
2026-03-15 08:00:04.024,0.17603,-0.19419,-0.03519,INCIPIENT_WARNING
2026-03-15 08:00:04.025,-0.51391,-0.47012,-0.52253,INCIPIENT_WARNING
2026-03-15 08:00:04.026,-0.06893,-0.13928,-0.14318,INCIPIENT_WARNING
2026-03-15 08:00:04.027,-0.32801,-0.26481,-0.28726,INCIPIENT_WARNING
2026-03-15 08:00:04.028,-0.51054,-0.06818,-0.27588,INCIPIENT_WARNING
2026-03-15 08:00:04.029,-0.37664,-0.01177,-0.40614,INCIPIENT_WARNING
2026-03-15 08:00:04.030,-0.41156,-0.16339,-0.26597,INCIPIENT_WARNING
2026-03-15 08:00:04.031,-0.51477,0.05583,-0.22358,INCIPIENT_WARNING
2026-03-15 08:00:04.032,0.21858,0.39512,0.35535,INCIPIENT_WARNING
2026-03-15 08:00:04.033,-0.54923,-0.04325,-0.28982,INCIPIENT_WARNING
2026-03-15 08:00:04.034,-0.54382,0.24843,-0.13943,INCIPIENT_WARNING
2026-03-15 08:00:04.035,-0.4377,0.31493,0.15966,INCIPIENT_WARNING
2026-03-15 08:00:04.036,-0.35117,0.30036,0.04303,INCIPIENT_WARNING
2026-03-15 08:00:04.037,-0.20264,0.34904,0.12156,INCIPIENT_WARNING
2026-03-15 08:00:04.038,-0.20823,0.48788,0.17415,INCIPIENT_WARNING
2026-03-15 08:00:04.039,-0.05302,0.38636,0.15783,INCIPIENT_WARNING
2026-03-15 08:00:04.040,0.08834,0.45033,0.28455,INCIPIENT_WARNING
2026-03-15 08:00:04.041,0.30764,0.67425,0.47988,INCIPIENT_WARNING
2026-03-15 08:00:04.042,0.03388,0.39975,0.29498,INCIPIENT_WARNING
2026-03-15 08:00:04.043,0.24206,0.55878,0.39946,INCIPIENT_WARNING
2026-03-15 08:00:04.044,0.26454,0.38232,0.35987,INCIPIENT_WARNING
2026-03-15 08:00:04.045,0.42411,0.26663,0.35179,INCIPIENT_WARNING
2026-03-15 08:00:04.046,0.36467,0.29703,0.2742,INCIPIENT_WARNING
2026-03-15 08:00:04.047,0.37099,0.17543,0.42506,INCIPIENT_WARNING
2026-03-15 08:00:04.048,-0.12851,-0.24042,-0.15458,INCIPIENT_WARNING
2026-03-15 08:00:04.049,0.80222,0.13519,0.38316,INCIPIENT_WARNING
2026-03-15 08:00:04.050,0.26129,-0.08056,0.27401,INCIPIENT_WARNING
2026-03-15 08:00:04.051,0.27716,-0.10031,0.03566,INCIPIENT_WARNING
2026-03-15 08:00:04.052,0.44721,-0.09356,0.08625,INCIPIENT_WARNING
2026-03-15 08:00:04.053,0.37089,-0.25213,0.09426,INCIPIENT_WARNING
2026-03-15 08:00:04.054,0.32902,-0.251,0.10526,INCIPIENT_WARNING
2026-03-15 08:00:04.055,0.327,-0.33373,-0.03678,INCIPIENT_WARNING
2026-03-15 08:00:04.056,-0.15923,-0.52704,-0.22359,INCIPIENT_WARNING
2026-03-15 08:00:04.057,0.0977,-0.5409,-0.22583,INCIPIENT_WARNING
2026-03-15 08:00:04.058,0.06234,-0.26742,-0.14906,INCIPIENT_WARNING
2026-03-15 08:00:04.059,-0.08839,-0.49479,-0.19624,INCIPIENT_WARNING
2026-03-15 08:00:04.060,5e-05,-0.31441,-0.204,INCIPIENT_WARNING
2026-03-15 08:00:04.061,-0.16829,-0.28679,-0.0832,INCIPIENT_WARNING
2026-03-15 08:00:04.062,-0.0732,-0.36963,-0.34448,INCIPIENT_WARNING
2026-03-15 08:00:04.063,-0.23979,-0.28298,-0.19192,INCIPIENT_WARNING
2026-03-15 08:00:04.064,0.17746,-0.0096,0.08264,INCIPIENT_WARNING
2026-03-15 08:00:04.065,-0.5151,-0.52646,-0.54571,INCIPIENT_WARNING
2026-03-15 08:00:04.066,-0.30535,-0.19611,-0.20427,INCIPIENT_WARNING
2026-03-15 08:00:04.067,-0.18119,-0.30637,-0.25341,INCIPIENT_WARNING
2026-03-15 08:00:04.068,-0.2995,-0.13256,-0.27506,INCIPIENT_WARNING
2026-03-15 08:00:04.069,-0.37251,-0.00678,-0.34725,INCIPIENT_WARNING
2026-03-15 08:00:04.070,-0.59936,-0.06034,-0.40912,INCIPIENT_WARNING
2026-03-15 08:00:04.071,-0.37318,0.10075,-0.26845,INCIPIENT_WARNING
2026-03-15 08:00:04.072,0.06442,0.44336,0.31924,INCIPIENT_WARNING
2026-03-15 08:00:04.073,-0.55678,0.13099,-0.24334,INCIPIENT_WARNING
2026-03-15 08:00:04.074,-0.44532,0.19623,-0.2114,INCIPIENT_WARNING
2026-03-15 08:00:04.075,-0.20463,0.22005,0.02251,INCIPIENT_WARNING
2026-03-15 08:00:04.076,-0.27314,0.27047,0.03114,INCIPIENT_WARNING
2026-03-15 08:00:04.077,-0.22461,0.31885,0.08444,INCIPIENT_WARNING
2026-03-15 08:00:04.078,-0.19323,0.38939,0.31553,INCIPIENT_WARNING
2026-03-15 08:00:04.079,-0.17039,0.52964,0.18696,INCIPIENT_WARNING
2026-03-15 08:00:04.080,-0.10214,0.46764,0.31024,INCIPIENT_WARNING
2026-03-15 08:00:04.081,0.42719,0.73288,0.71867,INCIPIENT_WARNING
2026-03-15 08:00:04.082,0.06905,0.28552,0.24821,INCIPIENT_WARNING
2026-03-15 08:00:04.083,0.26797,0.4797,0.29608,INCIPIENT_WARNING
2026-03-15 08:00:04.084,0.58721,0.42371,0.27659,INCIPIENT_WARNING
2026-03-15 08:00:04.085,0.319,0.33684,0.42637,INCIPIENT_WARNING
2026-03-15 08:00:04.086,0.33302,0.27672,0.22381,INCIPIENT_WARNING
2026-03-15 08:00:04.087,0.4692,0.23607,0.28576,INCIPIENT_WARNING
2026-03-15 08:00:04.088,-0.24351,-0.28982,-0.27095,INCIPIENT_WARNING
2026-03-15 08:00:04.089,0.79201,0.09156,0.40851,INCIPIENT_WARNING
2026-03-15 08:00:04.090,0.28045,-0.04642,0.18744,INCIPIENT_WARNING
2026-03-15 08:00:04.091,0.27225,-0.1418,0.16571,INCIPIENT_WARNING
2026-03-15 08:00:04.092,0.41998,-0.12912,0.14855,INCIPIENT_WARNING
2026-03-15 08:00:04.093,0.24361,-0.05582,0.01725,INCIPIENT_WARNING
2026-03-15 08:00:04.094,0.37062,-0.1955,-0.0061,INCIPIENT_WARNING
2026-03-15 08:00:04.095,0.3238,-0.26077,-0.1248,INCIPIENT_WARNING
2026-03-15 08:00:04.096,-0.18781,-0.58795,-0.42494,INCIPIENT_WARNING
2026-03-15 08:00:04.097,-0.06044,-0.29144,-0.08649,INCIPIENT_WARNING
2026-03-15 08:00:04.098,0.33838,-0.13998,-0.04042,INCIPIENT_WARNING
2026-03-15 08:00:04.099,-0.0673,-0.43869,-0.18077,INCIPIENT_WARNING
2026-03-15 08:00:04.100,0.02141,-0.3468,-0.11286,INCIPIENT_WARNING
2026-03-15 08:00:04.101,0.00048,-0.39684,-0.25543,INCIPIENT_WARNING
2026-03-15 08:00:04.102,-0.048,-0.25427,-0.21595,INCIPIENT_WARNING
2026-03-15 08:00:04.103,0.02335,-0.18993,-0.23482,INCIPIENT_WARNING
2026-03-15 08:00:04.104,0.07826,-0.17666,0.01384,INCIPIENT_WARNING
2026-03-15 08:00:04.105,-0.49783,-0.33217,-0.53545,INCIPIENT_WARNING
2026-03-15 08:00:04.106,-0.11603,-0.21785,-0.18551,INCIPIENT_WARNING
2026-03-15 08:00:04.107,-0.26283,-0.36184,-0.3139,INCIPIENT_WARNING
2026-03-15 08:00:04.108,-0.35182,-0.17244,-0.41112,INCIPIENT_WARNING
2026-03-15 08:00:04.109,-0.65957,-0.14029,-0.28211,INCIPIENT_WARNING
2026-03-15 08:00:04.110,-0.55561,-0.04871,-0.23528,INCIPIENT_WARNING
2026-03-15 08:00:04.111,-0.42836,-0.18577,-0.32835,INCIPIENT_WARNING
2026-03-15 08:00:04.112,0.07661,0.50135,0.35495,INCIPIENT_WARNING
2026-03-15 08:00:04.113,-0.52849,0.05561,-0.25584,INCIPIENT_WARNING
2026-03-15 08:00:04.114,-0.60679,0.22278,-0.23414,INCIPIENT_WARNING
2026-03-15 08:00:04.115,-0.25103,0.34763,0.02636,INCIPIENT_WARNING
2026-03-15 08:00:04.116,-0.42845,0.22118,-0.03217,INCIPIENT_WARNING
2026-03-15 08:00:04.117,-0.30858,0.19955,0.07664,INCIPIENT_WARNING
2026-03-15 08:00:04.118,-0.09214,0.48173,0.13235,INCIPIENT_WARNING
2026-03-15 08:00:04.119,-0.09486,0.40736,0.22391,INCIPIENT_WARNING
2026-03-15 08:00:04.120,0.14565,0.54007,0.30364,INCIPIENT_WARNING
2026-03-15 08:00:04.121,0.29841,0.6735,0.41837,INCIPIENT_WARNING
2026-03-15 08:00:04.122,0.02057,0.38666,0.2676,INCIPIENT_WARNING
2026-03-15 08:00:04.123,0.35838,0.432,0.37101,INCIPIENT_WARNING
2026-03-15 08:00:04.124,0.41777,0.28092,0.33404,INCIPIENT_WARNING
2026-03-15 08:00:04.125,0.39373,0.28706,0.22994,INCIPIENT_WARNING
2026-03-15 08:00:04.126,0.4986,0.28324,0.34912,INCIPIENT_WARNING
2026-03-15 08:00:04.127,0.70531,0.09307,0.30013,INCIPIENT_WARNING
2026-03-15 08:00:04.128,-0.14526,-0.31302,-0.25915,INCIPIENT_WARNING
2026-03-15 08:00:04.129,0.60628,0.12086,0.45776,INCIPIENT_WARNING
2026-03-15 08:00:04.130,0.58993,0.11692,0.28779,INCIPIENT_WARNING
2026-03-15 08:00:04.131,0.31247,-0.21465,0.08756,INCIPIENT_WARNING
2026-03-15 08:00:04.132,0.61234,-0.16462,0.04357,INCIPIENT_WARNING
2026-03-15 08:00:04.133,0.31167,-0.16086,0.09431,INCIPIENT_WARNING
2026-03-15 08:00:04.134,0.29167,-0.20362,-0.14772,INCIPIENT_WARNING
2026-03-15 08:00:04.135,0.27813,-0.21279,-0.08672,INCIPIENT_WARNING
2026-03-15 08:00:04.136,-0.24015,-0.69473,-0.29437,INCIPIENT_WARNING
2026-03-15 08:00:04.137,-0.00633,-0.36512,-0.15402,INCIPIENT_WARNING
2026-03-15 08:00:04.138,0.3924,-0.2548,-0.05243,INCIPIENT_WARNING
2026-03-15 08:00:04.139,0.0085,-0.27542,-0.23641,INCIPIENT_WARNING
2026-03-15 08:00:04.140,-0.09058,-0.4669,-0.28064,INCIPIENT_WARNING
2026-03-15 08:00:04.141,0.04421,-0.35738,-0.25199,INCIPIENT_WARNING
2026-03-15 08:00:04.142,-0.18101,-0.33302,-0.26987,INCIPIENT_WARNING
2026-03-15 08:00:04.143,-0.18244,-0.21412,-0.16336,INCIPIENT_WARNING
2026-03-15 08:00:04.144,0.00893,-0.04344,-0.00896,INCIPIENT_WARNING
2026-03-15 08:00:04.145,-0.59875,-0.45843,-0.58306,INCIPIENT_WARNING
2026-03-15 08:00:04.146,-0.205,-0.14454,-0.20773,INCIPIENT_WARNING
2026-03-15 08:00:04.147,-0.40381,-0.2549,-0.38383,INCIPIENT_WARNING
2026-03-15 08:00:04.148,-0.52556,-0.03745,-0.387,INCIPIENT_WARNING
2026-03-15 08:00:04.149,-0.54596,-0.08569,-0.28628,INCIPIENT_WARNING
2026-03-15 08:00:04.150,-0.49358,0.05322,-0.23386,INCIPIENT_WARNING
2026-03-15 08:00:04.151,-0.54507,-0.03093,-0.27638,INCIPIENT_WARNING
2026-03-15 08:00:04.152,0.19467,0.4368,0.21011,INCIPIENT_WARNING
2026-03-15 08:00:04.153,-0.582,-0.03781,-0.09104,INCIPIENT_WARNING
2026-03-15 08:00:04.154,-0.63384,0.14846,-0.15784,INCIPIENT_WARNING
2026-03-15 08:00:04.155,-0.36012,0.30993,0.05819,INCIPIENT_WARNING
2026-03-15 08:00:04.156,-0.22367,0.39398,0.10898,INCIPIENT_WARNING
2026-03-15 08:00:04.157,-0.37865,0.41788,0.10053,INCIPIENT_WARNING
2026-03-15 08:00:04.158,-0.14715,0.55009,0.15155,INCIPIENT_WARNING
2026-03-15 08:00:04.159,-0.13851,0.49795,0.09692,INCIPIENT_WARNING
2026-03-15 08:00:04.160,-0.02253,0.45416,0.20949,INCIPIENT_WARNING
2026-03-15 08:00:04.161,0.45,0.53246,0.52622,INCIPIENT_WARNING
2026-03-15 08:00:04.162,0.07129,0.45043,0.21803,INCIPIENT_WARNING
2026-03-15 08:00:04.163,0.3861,0.46757,0.3947,INCIPIENT_WARNING
2026-03-15 08:00:04.164,0.26555,0.24376,0.39961,INCIPIENT_WARNING
2026-03-15 08:00:04.165,0.33839,0.34907,0.40257,INCIPIENT_WARNING
2026-03-15 08:00:04.166,0.44073,0.12872,0.39047,INCIPIENT_WARNING
2026-03-15 08:00:04.167,0.38648,0.08753,0.26073,INCIPIENT_WARNING
2026-03-15 08:00:04.168,-0.12721,-0.2175,-0.24396,INCIPIENT_WARNING
2026-03-15 08:00:04.169,0.70404,0.04376,0.50586,INCIPIENT_WARNING
2026-03-15 08:00:04.170,0.40207,-0.05123,0.17682,INCIPIENT_WARNING
2026-03-15 08:00:04.171,0.46758,-0.17266,0.09431,INCIPIENT_WARNING
2026-03-15 08:00:04.172,0.49255,0.01869,0.19195,INCIPIENT_WARNING
2026-03-15 08:00:04.173,0.35283,-0.22295,0.01377,INCIPIENT_WARNING
2026-03-15 08:00:04.174,0.2219,-0.30506,-0.04847,INCIPIENT_WARNING
2026-03-15 08:00:04.175,0.33225,-0.37063,0.05738,INCIPIENT_WARNING
2026-03-15 08:00:04.176,-0.09351,-0.54812,-0.40524,INCIPIENT_WARNING
2026-03-15 08:00:04.177,0.0083,-0.36552,-0.12339,INCIPIENT_WARNING
2026-03-15 08:00:04.178,0.18475,-0.36736,0.03139,INCIPIENT_WARNING
2026-03-15 08:00:04.179,0.02244,-0.47242,-0.27593,INCIPIENT_WARNING
2026-03-15 08:00:04.180,-0.08198,-0.40351,-0.22237,INCIPIENT_WARNING
2026-03-15 08:00:04.181,-0.06334,-0.38624,-0.26345,INCIPIENT_WARNING
2026-03-15 08:00:04.182,-0.13567,-0.32837,-0.27669,INCIPIENT_WARNING
2026-03-15 08:00:04.183,-0.04683,-0.28367,-0.37343,INCIPIENT_WARNING
2026-03-15 08:00:04.184,0.21612,-0.01898,0.01682,INCIPIENT_WARNING
2026-03-15 08:00:04.185,-0.72427,-0.48745,-0.57534,INCIPIENT_WARNING
2026-03-15 08:00:04.186,-0.33456,-0.31735,-0.23382,INCIPIENT_WARNING
2026-03-15 08:00:04.187,-0.36651,-0.23909,-0.29526,INCIPIENT_WARNING
2026-03-15 08:00:04.188,-0.55281,-0.23253,-0.30096,INCIPIENT_WARNING
2026-03-15 08:00:04.189,-0.46852,-0.24791,-0.31213,INCIPIENT_WARNING
2026-03-15 08:00:04.190,-0.58013,-0.03923,-0.25068,INCIPIENT_WARNING
2026-03-15 08:00:04.191,-0.65627,0.06502,-0.31885,INCIPIENT_WARNING
2026-03-15 08:00:04.192,0.26677,0.464,0.25277,INCIPIENT_WARNING
2026-03-15 08:00:04.193,-0.69094,0.11462,-0.26473,INCIPIENT_WARNING
2026-03-15 08:00:04.194,-0.55536,0.29308,-0.22359,INCIPIENT_WARNING
2026-03-15 08:00:04.195,-0.32826,0.45123,0.049,INCIPIENT_WARNING
2026-03-15 08:00:04.196,-0.52489,0.37491,-0.06741,INCIPIENT_WARNING
2026-03-15 08:00:04.197,-0.14625,0.32763,0.28956,INCIPIENT_WARNING
2026-03-15 08:00:04.198,-0.04114,0.37672,0.16866,INCIPIENT_WARNING
2026-03-15 08:00:04.199,-0.02844,0.52124,0.24623,INCIPIENT_WARNING
2026-03-15 08:00:04.200,0.11985,0.4578,0.24784,INCIPIENT_WARNING
2026-03-15 08:00:04.201,0.32059,0.69339,0.56495,INCIPIENT_WARNING
2026-03-15 08:00:04.202,0.07022,0.40686,0.08143,INCIPIENT_WARNING
2026-03-15 08:00:04.203,0.32868,0.43128,0.50084,INCIPIENT_WARNING
2026-03-15 08:00:04.204,0.22529,0.48889,0.4001,INCIPIENT_WARNING
2026-03-15 08:00:04.205,0.43908,0.41267,0.39244,INCIPIENT_WARNING
2026-03-15 08:00:04.206,0.49946,0.24352,0.32618,INCIPIENT_WARNING
2026-03-15 08:00:04.207,0.48362,0.09156,0.325,INCIPIENT_WARNING
2026-03-15 08:00:04.208,-0.34402,-0.28267,-0.25804,INCIPIENT_WARNING
2026-03-15 08:00:04.209,0.7208,0.18767,0.37767,INCIPIENT_WARNING
2026-03-15 08:00:04.210,0.66422,-0.06948,0.19186,INCIPIENT_WARNING
2026-03-15 08:00:04.211,0.29693,-0.15928,0.19143,INCIPIENT_WARNING
2026-03-15 08:00:04.212,0.54858,-0.08308,0.17042,INCIPIENT_WARNING
2026-03-15 08:00:04.213,0.32901,-0.34279,0.03555,INCIPIENT_WARNING
2026-03-15 08:00:04.214,0.29167,-0.17635,0.02381,INCIPIENT_WARNING
2026-03-15 08:00:04.215,0.42627,-0.18784,-0.06242,INCIPIENT_WARNING
2026-03-15 08:00:04.216,-0.34184,-0.44224,-0.31935,INCIPIENT_WARNING
2026-03-15 08:00:04.217,-0.07015,-0.2672,-0.17231,INCIPIENT_WARNING
2026-03-15 08:00:04.218,0.27008,-0.11191,0.07582,INCIPIENT_WARNING
2026-03-15 08:00:04.219,0.05341,-0.3456,-0.18737,INCIPIENT_WARNING
2026-03-15 08:00:04.220,-0.03841,-0.3513,-0.26259,INCIPIENT_WARNING
2026-03-15 08:00:04.221,-0.06997,-0.36528,-0.25666,INCIPIENT_WARNING
2026-03-15 08:00:04.222,-0.10146,-0.37052,-0.2234,INCIPIENT_WARNING
2026-03-15 08:00:04.223,-0.31419,-0.33609,-0.25986,INCIPIENT_WARNING
2026-03-15 08:00:04.224,0.14064,-0.08046,-0.05748,INCIPIENT_WARNING
2026-03-15 08:00:04.225,-0.55352,-0.43993,-0.54754,INCIPIENT_WARNING
2026-03-15 08:00:04.226,-0.12817,-0.18375,-0.19642,INCIPIENT_WARNING
2026-03-15 08:00:04.227,-0.33109,-0.15014,-0.39733,INCIPIENT_WARNING
2026-03-15 08:00:04.228,-0.53633,-0.06895,-0.50446,INCIPIENT_WARNING
2026-03-15 08:00:04.229,-0.45102,-0.01691,-0.28835,INCIPIENT_WARNING
2026-03-15 08:00:04.230,-0.51965,-0.05071,-0.2974,INCIPIENT_WARNING
2026-03-15 08:00:04.231,-0.49776,-0.0525,-0.1713,INCIPIENT_WARNING
2026-03-15 08:00:04.232,0.26075,0.46334,0.24962,INCIPIENT_WARNING
2026-03-15 08:00:04.233,-0.63648,0.07125,-0.20669,INCIPIENT_WARNING
2026-03-15 08:00:04.234,-0.64716,0.09955,-0.14416,INCIPIENT_WARNING
2026-03-15 08:00:04.235,-0.24498,0.2874,-0.05813,INCIPIENT_WARNING
2026-03-15 08:00:04.236,-0.05759,0.39976,-0.00763,INCIPIENT_WARNING
2026-03-15 08:00:04.237,-0.19893,0.38669,0.14961,INCIPIENT_WARNING
2026-03-15 08:00:04.238,-0.16721,0.45167,0.16073,INCIPIENT_WARNING
2026-03-15 08:00:04.239,-0.24054,0.6188,0.15441,INCIPIENT_WARNING
2026-03-15 08:00:04.240,-0.13095,0.45318,0.20924,INCIPIENT_WARNING
2026-03-15 08:00:04.241,0.3532,0.68501,0.61279,INCIPIENT_WARNING
2026-03-15 08:00:04.242,0.11975,0.31834,0.2224,INCIPIENT_WARNING
2026-03-15 08:00:04.243,0.34027,0.27216,0.42996,INCIPIENT_WARNING
2026-03-15 08:00:04.244,0.2337,0.5315,0.37029,INCIPIENT_WARNING
2026-03-15 08:00:04.245,0.37661,0.21472,0.31432,INCIPIENT_WARNING
2026-03-15 08:00:04.246,0.68306,0.30219,0.25627,INCIPIENT_WARNING
2026-03-15 08:00:04.247,0.63424,0.24849,0.31098,INCIPIENT_WARNING
2026-03-15 08:00:04.248,-0.09677,-0.3242,-0.12302,INCIPIENT_WARNING
2026-03-15 08:00:04.249,0.683,0.18419,0.44976,INCIPIENT_WARNING
2026-03-15 08:00:04.250,0.34396,0.11816,0.1231,INCIPIENT_WARNING
2026-03-15 08:00:04.251,0.41249,-0.30524,0.07152,INCIPIENT_WARNING
2026-03-15 08:00:04.252,0.49294,-0.22105,0.17444,INCIPIENT_WARNING
2026-03-15 08:00:04.253,0.33955,-0.13082,0.14125,INCIPIENT_WARNING
2026-03-15 08:00:04.254,0.25951,-0.25715,0.01541,INCIPIENT_WARNING
2026-03-15 08:00:04.255,0.33303,-0.28598,-0.01908,INCIPIENT_WARNING
2026-03-15 08:00:04.256,-0.19747,-0.55123,-0.32835,INCIPIENT_WARNING
2026-03-15 08:00:04.257,0.12281,-0.33564,-0.15106,INCIPIENT_WARNING
2026-03-15 08:00:04.258,0.24262,-0.21809,-0.0868,INCIPIENT_WARNING
2026-03-15 08:00:04.259,0.11281,-0.61525,-0.23651,INCIPIENT_WARNING
2026-03-15 08:00:04.260,0.11018,-0.46082,-0.17613,INCIPIENT_WARNING
2026-03-15 08:00:04.261,-0.10384,-0.36754,-0.15116,INCIPIENT_WARNING
2026-03-15 08:00:04.262,-0.09622,-0.51321,-0.32478,INCIPIENT_WARNING
2026-03-15 08:00:04.263,-0.06508,-0.29191,-0.15207,INCIPIENT_WARNING
2026-03-15 08:00:04.264,0.33745,-0.09274,0.22166,INCIPIENT_WARNING
2026-03-15 08:00:04.265,-0.5917,-0.57661,-0.62949,INCIPIENT_WARNING
2026-03-15 08:00:04.266,-0.44666,-0.06886,-0.12137,INCIPIENT_WARNING
2026-03-15 08:00:04.267,-0.44611,-0.22613,-0.28631,INCIPIENT_WARNING
2026-03-15 08:00:04.268,-0.54628,-0.34422,-0.35544,INCIPIENT_WARNING
2026-03-15 08:00:04.269,-0.47107,-0.14521,-0.26856,INCIPIENT_WARNING
2026-03-15 08:00:04.270,-0.34532,-0.08657,-0.26372,INCIPIENT_WARNING
2026-03-15 08:00:04.271,-0.43342,0.04891,-0.28902,INCIPIENT_WARNING
2026-03-15 08:00:04.272,0.13936,0.52554,0.27333,INCIPIENT_WARNING
2026-03-15 08:00:04.273,-0.46819,0.20399,-0.29187,INCIPIENT_WARNING
2026-03-15 08:00:04.274,-0.53551,0.21573,-0.21727,INCIPIENT_WARNING
2026-03-15 08:00:04.275,-0.29003,0.3541,-0.06701,INCIPIENT_WARNING
2026-03-15 08:00:04.276,-0.33158,0.24704,0.07389,INCIPIENT_WARNING
2026-03-15 08:00:04.277,-0.34928,0.38593,0.18469,INCIPIENT_WARNING
2026-03-15 08:00:04.278,-0.1355,0.35804,0.10066,INCIPIENT_WARNING
2026-03-15 08:00:04.279,-0.15987,0.4954,0.24342,INCIPIENT_WARNING
2026-03-15 08:00:04.280,-0.08166,0.37729,0.29476,INCIPIENT_WARNING
2026-03-15 08:00:04.281,0.34494,0.81151,0.55339,INCIPIENT_WARNING
2026-03-15 08:00:04.282,0.216,0.24818,0.11253,INCIPIENT_WARNING
2026-03-15 08:00:04.283,0.19443,0.51663,0.5131,INCIPIENT_WARNING
2026-03-15 08:00:04.284,0.3007,0.32875,0.32079,INCIPIENT_WARNING
2026-03-15 08:00:04.285,0.221,0.3385,0.37392,INCIPIENT_WARNING
2026-03-15 08:00:04.286,0.46772,0.11116,0.47425,INCIPIENT_WARNING
2026-03-15 08:00:04.287,0.44337,0.19561,0.2332,INCIPIENT_WARNING
2026-03-15 08:00:04.288,-0.15097,-0.30433,-0.24018,INCIPIENT_WARNING
2026-03-15 08:00:04.289,0.78153,0.21545,0.40671,INCIPIENT_WARNING
2026-03-15 08:00:04.290,0.50415,-0.05246,0.21978,INCIPIENT_WARNING
2026-03-15 08:00:04.291,0.40006,-0.26884,0.00908,INCIPIENT_WARNING
2026-03-15 08:00:04.292,0.24038,-0.08671,0.1921,INCIPIENT_WARNING
2026-03-15 08:00:04.293,0.44948,-0.20201,-0.09536,INCIPIENT_WARNING
2026-03-15 08:00:04.294,0.2183,-0.25098,0.0122,INCIPIENT_WARNING
2026-03-15 08:00:04.295,0.25329,-0.2584,-0.03129,INCIPIENT_WARNING
2026-03-15 08:00:04.296,-0.16663,-0.61887,-0.35468,INCIPIENT_WARNING
2026-03-15 08:00:04.297,0.01812,-0.50587,-0.25425,INCIPIENT_WARNING
2026-03-15 08:00:04.298,0.22645,-0.16282,-0.01529,INCIPIENT_WARNING
2026-03-15 08:00:04.299,-0.02838,-0.49256,-0.17905,INCIPIENT_WARNING
2026-03-15 08:00:04.300,-0.06333,-0.35919,-0.1037,INCIPIENT_WARNING
2026-03-15 08:00:04.301,0.01124,-0.47365,-0.33662,INCIPIENT_WARNING
2026-03-15 08:00:04.302,-0.12235,-0.44843,-0.21623,INCIPIENT_WARNING
2026-03-15 08:00:04.303,-0.15613,-0.31705,-0.31996,INCIPIENT_WARNING
2026-03-15 08:00:04.304,0.34849,0.17197,0.03661,INCIPIENT_WARNING
2026-03-15 08:00:04.305,-0.56603,-0.49419,-0.6102,INCIPIENT_WARNING
2026-03-15 08:00:04.306,-0.30998,-0.29123,-0.30722,INCIPIENT_WARNING
2026-03-15 08:00:04.307,-0.31039,-0.25145,-0.46984,INCIPIENT_WARNING
2026-03-15 08:00:04.308,-0.41316,-0.20452,-0.25181,INCIPIENT_WARNING
2026-03-15 08:00:04.309,-0.4062,-0.23613,-0.43702,INCIPIENT_WARNING
2026-03-15 08:00:04.310,-0.55642,-0.11371,-0.21266,INCIPIENT_WARNING
2026-03-15 08:00:04.311,-0.5076,0.09711,-0.33914,INCIPIENT_WARNING
2026-03-15 08:00:04.312,0.23013,0.54643,0.21905,INCIPIENT_WARNING
2026-03-15 08:00:04.313,-0.46606,0.09395,-0.21839,INCIPIENT_WARNING
2026-03-15 08:00:04.314,-0.64252,0.26886,-0.26288,INCIPIENT_WARNING
2026-03-15 08:00:04.315,-0.25696,0.41102,-0.03318,INCIPIENT_WARNING
2026-03-15 08:00:04.316,-0.18531,0.35859,0.05471,INCIPIENT_WARNING
2026-03-15 08:00:04.317,-0.43474,0.57683,0.00871,INCIPIENT_WARNING
2026-03-15 08:00:04.318,-0.08475,0.36721,0.12831,INCIPIENT_WARNING
2026-03-15 08:00:04.319,-0.02562,0.55071,0.13371,INCIPIENT_WARNING
2026-03-15 08:00:04.320,0.10624,0.56272,0.21332,INCIPIENT_WARNING
2026-03-15 08:00:04.321,0.52272,0.51839,0.5135,INCIPIENT_WARNING
2026-03-15 08:00:04.322,0.08586,0.27507,0.23738,INCIPIENT_WARNING
2026-03-15 08:00:04.323,0.32846,0.40579,0.45328,INCIPIENT_WARNING
2026-03-15 08:00:04.324,0.35666,0.38816,0.48086,INCIPIENT_WARNING
2026-03-15 08:00:04.325,0.47587,0.346,0.28233,INCIPIENT_WARNING
2026-03-15 08:00:04.326,0.52067,0.15507,0.27767,INCIPIENT_WARNING
2026-03-15 08:00:04.327,0.48809,0.07757,0.38786,INCIPIENT_WARNING
2026-03-15 08:00:04.328,-0.0592,-0.49146,-0.32519,INCIPIENT_WARNING
2026-03-15 08:00:04.329,0.63088,0.13877,0.51936,INCIPIENT_WARNING
2026-03-15 08:00:04.330,0.46422,-0.11111,0.29406,INCIPIENT_WARNING
2026-03-15 08:00:04.331,0.1699,-0.06256,0.0615,INCIPIENT_WARNING
2026-03-15 08:00:04.332,0.45059,-0.1986,0.24237,INCIPIENT_WARNING
2026-03-15 08:00:04.333,0.24958,-0.22771,0.08583,INCIPIENT_WARNING
2026-03-15 08:00:04.334,0.1625,-0.34296,-0.00716,INCIPIENT_WARNING
2026-03-15 08:00:04.335,0.19,-0.35821,-0.05615,INCIPIENT_WARNING
2026-03-15 08:00:04.336,-0.11928,-0.60003,-0.35309,INCIPIENT_WARNING
2026-03-15 08:00:04.337,-0.03801,-0.50286,-0.07208,INCIPIENT_WARNING
2026-03-15 08:00:04.338,0.19884,-0.35435,-0.13048,INCIPIENT_WARNING
2026-03-15 08:00:04.339,0.09414,-0.42045,-0.25164,INCIPIENT_WARNING
2026-03-15 08:00:04.340,-0.01556,-0.26886,-0.21784,INCIPIENT_WARNING
2026-03-15 08:00:04.341,0.1908,-0.32998,-0.1448,INCIPIENT_WARNING
2026-03-15 08:00:04.342,-0.03815,-0.35338,-0.3021,INCIPIENT_WARNING
2026-03-15 08:00:04.343,-0.12872,-0.29026,-0.31265,INCIPIENT_WARNING
2026-03-15 08:00:04.344,0.19986,0.04159,0.20046,INCIPIENT_WARNING
2026-03-15 08:00:04.345,-0.5231,-0.35213,-0.64151,INCIPIENT_WARNING
2026-03-15 08:00:04.346,-0.16099,-0.09097,-0.29195,INCIPIENT_WARNING
2026-03-15 08:00:04.347,-0.39914,-0.0651,-0.36265,INCIPIENT_WARNING
2026-03-15 08:00:04.348,-0.59061,-0.07568,-0.26383,INCIPIENT_WARNING
2026-03-15 08:00:04.349,-0.40268,-0.11826,-0.31679,INCIPIENT_WARNING
2026-03-15 08:00:04.350,-0.4617,0.06902,-0.26217,INCIPIENT_WARNING
2026-03-15 08:00:04.351,-0.29766,-0.07135,-0.25174,INCIPIENT_WARNING
2026-03-15 08:00:04.352,0.10584,0.40278,0.35282,INCIPIENT_WARNING
2026-03-15 08:00:04.353,-0.55828,0.1298,-0.09854,INCIPIENT_WARNING
2026-03-15 08:00:04.354,-0.51692,0.25952,-0.17931,INCIPIENT_WARNING
2026-03-15 08:00:04.355,-0.17496,0.54519,0.07039,INCIPIENT_WARNING
2026-03-15 08:00:04.356,-0.47807,0.29561,0.02936,INCIPIENT_WARNING
2026-03-15 08:00:04.357,-0.24303,0.462,0.12424,INCIPIENT_WARNING
2026-03-15 08:00:04.358,-0.1849,0.39927,0.19909,INCIPIENT_WARNING
2026-03-15 08:00:04.359,0.07867,0.55328,0.25834,INCIPIENT_WARNING
2026-03-15 08:00:04.360,0.1009,0.44807,0.24405,INCIPIENT_WARNING
2026-03-15 08:00:04.361,0.29803,0.63378,0.53238,INCIPIENT_WARNING
2026-03-15 08:00:04.362,0.15657,0.30738,0.16447,INCIPIENT_WARNING
2026-03-15 08:00:04.363,0.49741,0.38627,0.40953,INCIPIENT_WARNING
2026-03-15 08:00:04.364,0.42559,0.27652,0.48995,INCIPIENT_WARNING
2026-03-15 08:00:04.365,0.46344,0.41231,0.31611,INCIPIENT_WARNING
2026-03-15 08:00:04.366,0.48202,0.23253,0.38544,INCIPIENT_WARNING
2026-03-15 08:00:04.367,0.3553,0.16268,0.2379,INCIPIENT_WARNING
2026-03-15 08:00:04.368,-0.10966,-0.5166,-0.40206,INCIPIENT_WARNING
2026-03-15 08:00:04.369,0.86037,0.13398,0.42523,INCIPIENT_WARNING
2026-03-15 08:00:04.370,0.61544,-0.03524,0.26637,INCIPIENT_WARNING
2026-03-15 08:00:04.371,0.38028,0.05711,0.05726,INCIPIENT_WARNING
2026-03-15 08:00:04.372,0.63246,-0.16068,0.02433,INCIPIENT_WARNING
2026-03-15 08:00:04.373,0.41926,-0.20379,-0.02222,INCIPIENT_WARNING
2026-03-15 08:00:04.374,0.23104,-0.27028,0.02699,INCIPIENT_WARNING
2026-03-15 08:00:04.375,0.03557,-0.20427,-0.06639,INCIPIENT_WARNING
2026-03-15 08:00:04.376,-0.31791,-0.49846,-0.43382,INCIPIENT_WARNING
2026-03-15 08:00:04.377,0.17842,-0.36523,-0.20582,INCIPIENT_WARNING
2026-03-15 08:00:04.378,0.25092,-0.2058,-0.03875,INCIPIENT_WARNING
2026-03-15 08:00:04.379,-0.09528,-0.34379,-0.24607,INCIPIENT_WARNING
2026-03-15 08:00:04.380,0.0033,-0.26405,-0.21459,INCIPIENT_WARNING
2026-03-15 08:00:04.381,-0.0369,-0.39311,-0.18896,INCIPIENT_WARNING
2026-03-15 08:00:04.382,-0.08322,-0.27718,-0.30339,INCIPIENT_WARNING
2026-03-15 08:00:04.383,-0.20711,-0.26838,-0.2577,INCIPIENT_WARNING
2026-03-15 08:00:04.384,0.09885,0.04982,-0.05489,INCIPIENT_WARNING
2026-03-15 08:00:04.385,-0.5358,-0.61745,-0.47449,INCIPIENT_WARNING
2026-03-15 08:00:04.386,-0.38213,-0.10657,-0.23686,INCIPIENT_WARNING
2026-03-15 08:00:04.387,-0.38956,-0.19518,-0.25392,INCIPIENT_WARNING
2026-03-15 08:00:04.388,-0.55139,-0.27235,-0.30333,INCIPIENT_WARNING
2026-03-15 08:00:04.389,-0.61546,-0.16392,-0.07885,INCIPIENT_WARNING
2026-03-15 08:00:04.390,-0.58742,0.03328,-0.32051,INCIPIENT_WARNING
2026-03-15 08:00:04.391,-0.46264,0.05811,-0.17408,INCIPIENT_WARNING
2026-03-15 08:00:04.392,0.1288,0.66579,0.32948,INCIPIENT_WARNING
2026-03-15 08:00:04.393,-0.58041,0.10667,-0.32681,INCIPIENT_WARNING
2026-03-15 08:00:04.394,-0.59462,0.17777,-0.21539,INCIPIENT_WARNING
2026-03-15 08:00:04.395,-0.10018,0.27776,0.11608,INCIPIENT_WARNING
2026-03-15 08:00:04.396,-0.29889,0.34201,-0.04974,INCIPIENT_WARNING
2026-03-15 08:00:04.397,-0.36517,0.3628,-0.02998,INCIPIENT_WARNING
2026-03-15 08:00:04.398,-0.28548,0.33076,0.26548,INCIPIENT_WARNING
2026-03-15 08:00:04.399,-0.04277,0.53689,0.26355,INCIPIENT_WARNING
2026-03-15 08:00:04.400,0.01646,0.60415,0.2384,INCIPIENT_WARNING
2026-03-15 08:00:04.401,0.38622,0.71199,0.47537,INCIPIENT_WARNING
2026-03-15 08:00:04.402,0.34239,0.35059,0.22951,INCIPIENT_WARNING
2026-03-15 08:00:04.403,0.43289,0.50318,0.40412,INCIPIENT_WARNING
2026-03-15 08:00:04.404,0.39658,0.24745,0.36925,INCIPIENT_WARNING
2026-03-15 08:00:04.405,0.45415,0.32116,0.44904,INCIPIENT_WARNING
2026-03-15 08:00:04.406,0.4632,0.11428,0.44248,INCIPIENT_WARNING
2026-03-15 08:00:04.407,0.64261,0.22967,0.32652,INCIPIENT_WARNING
2026-03-15 08:00:04.408,-0.04791,-0.05681,-0.27319,INCIPIENT_WARNING
2026-03-15 08:00:04.409,0.65734,0.13286,0.54111,INCIPIENT_WARNING
2026-03-15 08:00:04.410,0.33515,-0.04872,0.23394,INCIPIENT_WARNING
2026-03-15 08:00:04.411,0.54993,-0.05782,0.15866,INCIPIENT_WARNING
2026-03-15 08:00:04.412,0.25065,-0.07897,0.18786,INCIPIENT_WARNING
2026-03-15 08:00:04.413,0.39925,-0.37667,-0.00341,INCIPIENT_WARNING
2026-03-15 08:00:04.414,0.20818,-0.43898,0.00272,INCIPIENT_WARNING
2026-03-15 08:00:04.415,0.20107,-0.07342,-0.04422,INCIPIENT_WARNING
2026-03-15 08:00:04.416,-0.06364,-0.71425,-0.47424,INCIPIENT_WARNING
2026-03-15 08:00:04.417,0.06802,-0.48095,-0.23686,INCIPIENT_WARNING
2026-03-15 08:00:04.418,0.24721,-0.26639,0.11908,INCIPIENT_WARNING
2026-03-15 08:00:04.419,0.0253,-0.35708,-0.20063,INCIPIENT_WARNING
2026-03-15 08:00:04.420,0.06056,-0.36409,-0.23016,INCIPIENT_WARNING
2026-03-15 08:00:04.421,-0.02198,-0.2477,-0.14181,INCIPIENT_WARNING
2026-03-15 08:00:04.422,-0.14215,-0.29001,-0.2786,INCIPIENT_WARNING
2026-03-15 08:00:04.423,-0.15968,-0.37633,-0.28922,INCIPIENT_WARNING
2026-03-15 08:00:04.424,0.32501,-0.04988,0.07462,INCIPIENT_WARNING
2026-03-15 08:00:04.425,-0.7624,-0.54239,-0.62694,INCIPIENT_WARNING
2026-03-15 08:00:04.426,-0.31278,-0.20178,-0.26162,INCIPIENT_WARNING
2026-03-15 08:00:04.427,-0.34743,-0.20156,-0.36519,INCIPIENT_WARNING
2026-03-15 08:00:04.428,-0.50485,-0.19899,-0.26831,INCIPIENT_WARNING
2026-03-15 08:00:04.429,-0.42449,-0.17133,-0.26224,INCIPIENT_WARNING
2026-03-15 08:00:04.430,-0.32595,0.01403,-0.24382,INCIPIENT_WARNING
2026-03-15 08:00:04.431,-0.44391,0.12454,-0.17882,INCIPIENT_WARNING
2026-03-15 08:00:04.432,0.2108,0.59557,0.3019,INCIPIENT_WARNING
2026-03-15 08:00:04.433,-0.75661,0.09933,-0.24689,INCIPIENT_WARNING
2026-03-15 08:00:04.434,-0.62442,0.23424,-0.31654,INCIPIENT_WARNING
2026-03-15 08:00:04.435,-0.39491,0.30957,-0.07795,INCIPIENT_WARNING
2026-03-15 08:00:04.436,-0.23756,0.23057,-0.03099,INCIPIENT_WARNING
2026-03-15 08:00:04.437,-0.20123,0.46292,0.01681,INCIPIENT_WARNING
2026-03-15 08:00:04.438,-0.11996,0.48203,0.33557,INCIPIENT_WARNING
2026-03-15 08:00:04.439,-0.06431,0.46186,0.16476,INCIPIENT_WARNING
2026-03-15 08:00:04.440,-0.07379,0.41497,0.37733,INCIPIENT_WARNING
2026-03-15 08:00:04.441,0.38187,0.7022,0.67686,INCIPIENT_WARNING
2026-03-15 08:00:04.442,-0.19788,0.45721,0.22372,INCIPIENT_WARNING
2026-03-15 08:00:04.443,0.35409,0.35924,0.35157,INCIPIENT_WARNING
2026-03-15 08:00:04.444,0.43465,0.5769,0.47987,INCIPIENT_WARNING
2026-03-15 08:00:04.445,0.53087,0.2693,0.32501,INCIPIENT_WARNING
2026-03-15 08:00:04.446,0.40041,0.1908,0.22909,INCIPIENT_WARNING
2026-03-15 08:00:04.447,0.43188,0.10797,0.32761,INCIPIENT_WARNING
2026-03-15 08:00:04.448,-0.14406,-0.31922,-0.28843,INCIPIENT_WARNING
2026-03-15 08:00:04.449,0.73584,0.01884,0.46272,INCIPIENT_WARNING
2026-03-15 08:00:04.450,0.39988,-0.02396,0.27206,INCIPIENT_WARNING
2026-03-15 08:00:04.451,0.49335,-0.10519,0.08973,INCIPIENT_WARNING
2026-03-15 08:00:04.452,0.41535,-0.22005,0.03537,INCIPIENT_WARNING
2026-03-15 08:00:04.453,0.47461,-0.24755,-0.03612,INCIPIENT_WARNING
2026-03-15 08:00:04.454,0.24315,-0.3446,0.0059,INCIPIENT_WARNING
2026-03-15 08:00:04.455,0.3876,-0.32493,-0.18937,INCIPIENT_WARNING
2026-03-15 08:00:04.456,-0.21463,-0.60112,-0.45861,INCIPIENT_WARNING
2026-03-15 08:00:04.457,-0.00442,-0.38918,-0.20499,INCIPIENT_WARNING
2026-03-15 08:00:04.458,0.2691,-0.21249,-0.03811,INCIPIENT_WARNING
2026-03-15 08:00:04.459,-0.06106,-0.28338,-0.20088,INCIPIENT_WARNING
2026-03-15 08:00:04.460,0.08222,-0.25556,-0.17256,INCIPIENT_WARNING
2026-03-15 08:00:04.461,0.05375,-0.48033,-0.20671,INCIPIENT_WARNING
2026-03-15 08:00:04.462,-0.1373,-0.21481,-0.20215,INCIPIENT_WARNING
2026-03-15 08:00:04.463,-0.22667,-0.30694,-0.26656,INCIPIENT_WARNING
2026-03-15 08:00:04.464,0.24191,-0.14207,0.09356,INCIPIENT_WARNING
2026-03-15 08:00:04.465,-0.64822,-0.49721,-0.66658,INCIPIENT_WARNING
2026-03-15 08:00:04.466,-0.28951,-0.10498,-0.30581,INCIPIENT_WARNING
2026-03-15 08:00:04.467,-0.45451,-0.21724,-0.35432,INCIPIENT_WARNING
2026-03-15 08:00:04.468,-0.55648,-0.19798,-0.45752,INCIPIENT_WARNING
2026-03-15 08:00:04.469,-0.55273,0.05761,-0.25943,INCIPIENT_WARNING
2026-03-15 08:00:04.470,-0.57219,-0.02808,-0.24385,INCIPIENT_WARNING
2026-03-15 08:00:04.471,-0.41974,-0.00741,-0.18679,INCIPIENT_WARNING
2026-03-15 08:00:04.472,-0.04219,0.42247,0.39509,INCIPIENT_WARNING
2026-03-15 08:00:04.473,-0.57933,0.00886,-0.23575,INCIPIENT_WARNING
2026-03-15 08:00:04.474,-0.63677,0.1417,-0.11766,INCIPIENT_WARNING
2026-03-15 08:00:04.475,-0.25269,0.2684,-0.03744,INCIPIENT_WARNING
2026-03-15 08:00:04.476,-0.42906,0.34465,-0.03618,INCIPIENT_WARNING
2026-03-15 08:00:04.477,-0.18921,0.44026,0.12252,INCIPIENT_WARNING
2026-03-15 08:00:04.478,-0.31487,0.55921,-0.02202,INCIPIENT_WARNING
2026-03-15 08:00:04.479,-0.02183,0.55565,0.19528,INCIPIENT_WARNING
2026-03-15 08:00:04.480,0.12693,0.48201,0.28816,INCIPIENT_WARNING
2026-03-15 08:00:04.481,0.41833,0.92985,0.67082,INCIPIENT_WARNING
2026-03-15 08:00:04.482,0.1049,0.27322,0.23007,INCIPIENT_WARNING
2026-03-15 08:00:04.483,0.23181,0.50139,0.41631,INCIPIENT_WARNING
2026-03-15 08:00:04.484,0.27637,0.38499,0.3534,INCIPIENT_WARNING
2026-03-15 08:00:04.485,0.42258,0.21417,0.37059,INCIPIENT_WARNING
2026-03-15 08:00:04.486,0.55558,0.22884,0.34655,INCIPIENT_WARNING
2026-03-15 08:00:04.487,0.52702,0.21529,0.2644,INCIPIENT_WARNING
2026-03-15 08:00:04.488,-0.13728,-0.24337,-0.25356,INCIPIENT_WARNING
2026-03-15 08:00:04.489,0.80608,0.24126,0.53913,INCIPIENT_WARNING
2026-03-15 08:00:04.490,0.57454,-0.23545,0.10148,INCIPIENT_WARNING
2026-03-15 08:00:04.491,0.50228,-0.29817,0.1272,INCIPIENT_WARNING
2026-03-15 08:00:04.492,0.43501,-0.24227,0.16569,INCIPIENT_WARNING
2026-03-15 08:00:04.493,0.39828,-0.05497,0.00709,INCIPIENT_WARNING
2026-03-15 08:00:04.494,0.47097,-0.24305,-0.04335,INCIPIENT_WARNING
2026-03-15 08:00:04.495,0.36307,-0.24916,-0.03035,INCIPIENT_WARNING
2026-03-15 08:00:04.496,-0.17359,-0.6441,-0.50612,INCIPIENT_WARNING
2026-03-15 08:00:04.497,0.13335,-0.42945,-0.21713,INCIPIENT_WARNING
2026-03-15 08:00:04.498,0.30236,-0.22543,-0.10717,INCIPIENT_WARNING
2026-03-15 08:00:04.499,0.11533,-0.39234,-0.25582,INCIPIENT_WARNING
2026-03-15 08:00:04.500,0.06463,-0.40334,-0.1719,SEVERE_CRITICAL
2026-03-15 08:00:04.501,0.04744,-0.31888,-0.11325,SEVERE_CRITICAL
2026-03-15 08:00:04.502,-0.0188,-0.45653,-0.4473,SEVERE_CRITICAL
2026-03-15 08:00:04.503,0.05382,-0.43917,-0.38545,SEVERE_CRITICAL
2026-03-15 08:00:04.504,0.3181,0.19338,0.3975,SEVERE_CRITICAL
2026-03-15 08:00:04.505,-1.27097,-0.75471,-1.04812,SEVERE_CRITICAL
2026-03-15 08:00:04.506,0.20741,-0.26877,-0.25658,SEVERE_CRITICAL
2026-03-15 08:00:04.507,-0.54489,-0.08086,-0.38594,SEVERE_CRITICAL
2026-03-15 08:00:04.508,-0.71051,-0.18063,-0.60244,SEVERE_CRITICAL
2026-03-15 08:00:04.509,-0.4423,0.09645,-0.28284,SEVERE_CRITICAL
2026-03-15 08:00:04.510,-0.50925,0.0349,-0.16343,SEVERE_CRITICAL
2026-03-15 08:00:04.511,-0.45143,0.05882,-0.21717,SEVERE_CRITICAL
2026-03-15 08:00:04.512,0.61115,1.07488,0.8418,SEVERE_CRITICAL
2026-03-15 08:00:04.513,-0.89026,-0.34938,-0.34346,SEVERE_CRITICAL
2026-03-15 08:00:04.514,-0.88119,0.29375,-0.26053,SEVERE_CRITICAL
2026-03-15 08:00:04.515,-0.18049,0.33399,0.21444,SEVERE_CRITICAL
2026-03-15 08:00:04.516,-0.17274,0.51117,0.07932,SEVERE_CRITICAL
2026-03-15 08:00:04.517,-0.33776,0.43167,0.19238,SEVERE_CRITICAL
2026-03-15 08:00:04.518,-0.45403,0.51456,0.03109,SEVERE_CRITICAL
2026-03-15 08:00:04.519,-0.23968,0.66597,0.32797,SEVERE_CRITICAL
2026-03-15 08:00:04.520,0.00781,0.62044,0.14595,SEVERE_CRITICAL
2026-03-15 08:00:04.521,0.64267,0.86665,0.8371,SEVERE_CRITICAL
2026-03-15 08:00:04.522,0.00427,0.23529,0.09102,SEVERE_CRITICAL
2026-03-15 08:00:04.523,0.08482,0.50603,0.40129,SEVERE_CRITICAL
2026-03-15 08:00:04.524,0.51011,0.35353,0.53652,SEVERE_CRITICAL
2026-03-15 08:00:04.525,0.46388,0.56265,0.494,SEVERE_CRITICAL
2026-03-15 08:00:04.526,0.31372,0.12489,0.47124,SEVERE_CRITICAL
2026-03-15 08:00:04.527,0.48319,-0.19628,0.56896,SEVERE_CRITICAL
2026-03-15 08:00:04.528,-0.63418,-0.71705,-0.90443,SEVERE_CRITICAL
2026-03-15 08:00:04.529,1.28229,0.28279,0.84786,SEVERE_CRITICAL
2026-03-15 08:00:04.530,0.47531,0.12098,0.08964,SEVERE_CRITICAL
2026-03-15 08:00:04.531,0.63496,-0.24046,0.02225,SEVERE_CRITICAL
2026-03-15 08:00:04.532,0.64002,-0.07883,0.35098,SEVERE_CRITICAL
2026-03-15 08:00:04.533,0.51303,-0.41145,0.06474,SEVERE_CRITICAL
2026-03-15 08:00:04.534,0.6844,-0.16362,0.09857,SEVERE_CRITICAL
2026-03-15 08:00:04.535,0.47981,-0.27432,0.08892,SEVERE_CRITICAL
2026-03-15 08:00:04.536,-0.6545,-1.13087,-0.84262,SEVERE_CRITICAL
2026-03-15 08:00:04.537,-0.14213,-0.7058,-0.41729,SEVERE_CRITICAL
2026-03-15 08:00:04.538,0.85983,-0.20837,0.14394,SEVERE_CRITICAL
2026-03-15 08:00:04.539,-0.26172,-0.78168,-0.43817,SEVERE_CRITICAL
2026-03-15 08:00:04.540,0.22532,-0.40633,-0.19689,SEVERE_CRITICAL
2026-03-15 08:00:04.541,0.08043,-0.50621,-0.11373,SEVERE_CRITICAL
2026-03-15 08:00:04.542,-0.25663,-0.2655,-0.29329,SEVERE_CRITICAL
2026-03-15 08:00:04.543,-0.48629,-0.52503,-0.54542,SEVERE_CRITICAL
2026-03-15 08:00:04.544,0.76716,0.14076,0.1352,SEVERE_CRITICAL
2026-03-15 08:00:04.545,-1.00916,-0.90715,-1.1851,SEVERE_CRITICAL
2026-03-15 08:00:04.546,0.05334,-0.19195,-0.25526,SEVERE_CRITICAL
2026-03-15 08:00:04.547,-0.49324,-0.45854,-0.5054,SEVERE_CRITICAL
2026-03-15 08:00:04.548,-0.4199,-0.34488,-0.47036,SEVERE_CRITICAL
2026-03-15 08:00:04.549,-0.88235,-0.31588,-0.28964,SEVERE_CRITICAL
2026-03-15 08:00:04.550,-0.5702,0.15565,-0.20976,SEVERE_CRITICAL
2026-03-15 08:00:04.551,-0.69666,0.06599,-0.36061,SEVERE_CRITICAL
2026-03-15 08:00:04.552,1.07124,1.1489,0.97882,SEVERE_CRITICAL
2026-03-15 08:00:04.553,-0.83075,0.24938,-0.33285,SEVERE_CRITICAL
2026-03-15 08:00:04.554,-0.56173,-0.13785,-0.25883,SEVERE_CRITICAL
2026-03-15 08:00:04.555,-0.45152,0.72841,0.27673,SEVERE_CRITICAL
2026-03-15 08:00:04.556,-0.5074,0.63688,0.19446,SEVERE_CRITICAL
2026-03-15 08:00:04.557,-0.36584,0.8548,0.11204,SEVERE_CRITICAL
2026-03-15 08:00:04.558,-0.26705,0.70849,0.18954,SEVERE_CRITICAL
2026-03-15 08:00:04.559,-0.12327,0.79684,0.28683,SEVERE_CRITICAL
2026-03-15 08:00:04.560,-0.2712,0.67165,0.28404,SEVERE_CRITICAL
2026-03-15 08:00:04.561,0.85345,1.07985,1.09759,SEVERE_CRITICAL
2026-03-15 08:00:04.562,0.06134,0.51442,0.09332,SEVERE_CRITICAL
2026-03-15 08:00:04.563,0.54966,0.8336,0.46034,SEVERE_CRITICAL
2026-03-15 08:00:04.564,0.80547,0.42101,0.44903,SEVERE_CRITICAL
2026-03-15 08:00:04.565,0.55367,0.45538,0.56094,SEVERE_CRITICAL
2026-03-15 08:00:04.566,0.46584,0.36147,0.40593,SEVERE_CRITICAL
2026-03-15 08:00:04.567,0.41124,0.07381,0.35471,SEVERE_CRITICAL
2026-03-15 08:00:04.568,-0.66083,-0.63923,-1.01178,SEVERE_CRITICAL
2026-03-15 08:00:04.569,1.30787,0.2207,0.9181,SEVERE_CRITICAL
2026-03-15 08:00:04.570,0.54133,-0.22633,0.3606,SEVERE_CRITICAL
2026-03-15 08:00:04.571,0.36893,-0.29671,-0.17057,SEVERE_CRITICAL
2026-03-15 08:00:04.572,0.78952,-0.07051,0.20934,SEVERE_CRITICAL
2026-03-15 08:00:04.573,0.23486,-0.13822,-0.01444,SEVERE_CRITICAL
2026-03-15 08:00:04.574,0.34377,-0.03599,-0.08021,SEVERE_CRITICAL
2026-03-15 08:00:04.575,0.48997,-0.30364,0.00527,SEVERE_CRITICAL
2026-03-15 08:00:04.576,-0.54175,-0.92429,-0.83613,SEVERE_CRITICAL
2026-03-15 08:00:04.577,-0.0188,-0.37543,-0.49715,SEVERE_CRITICAL
2026-03-15 08:00:04.578,0.64893,-0.12573,0.1819,SEVERE_CRITICAL
2026-03-15 08:00:04.579,0.11205,-0.56804,-0.57277,SEVERE_CRITICAL
2026-03-15 08:00:04.580,-0.01181,-0.60579,-0.35631,SEVERE_CRITICAL
2026-03-15 08:00:04.581,-0.2406,-0.51058,-0.34522,SEVERE_CRITICAL
2026-03-15 08:00:04.582,-0.55204,-0.37289,-0.1003,SEVERE_CRITICAL
2026-03-15 08:00:04.583,-0.11372,-0.46971,-0.36877,SEVERE_CRITICAL
2026-03-15 08:00:04.584,0.51946,0.15065,0.37518,SEVERE_CRITICAL
2026-03-15 08:00:04.585,-1.23232,-0.62282,-1.21839,SEVERE_CRITICAL
2026-03-15 08:00:04.586,-0.10556,-0.2311,-0.01651,SEVERE_CRITICAL
2026-03-15 08:00:04.587,-0.39167,-0.31631,-0.40456,SEVERE_CRITICAL
2026-03-15 08:00:04.588,-0.63845,-0.45086,-0.57779,SEVERE_CRITICAL
2026-03-15 08:00:04.589,-0.87524,-0.27372,-0.36055,SEVERE_CRITICAL
2026-03-15 08:00:04.590,-0.60447,-0.36099,-0.38812,SEVERE_CRITICAL
2026-03-15 08:00:04.591,-0.59199,-0.02041,-0.411,SEVERE_CRITICAL
2026-03-15 08:00:04.592,0.67648,0.93729,0.89747,SEVERE_CRITICAL
2026-03-15 08:00:04.593,-0.86198,0.38394,-0.49451,SEVERE_CRITICAL
2026-03-15 08:00:04.594,-0.8887,0.16009,-0.3979,SEVERE_CRITICAL
2026-03-15 08:00:04.595,-0.20492,0.17293,0.04364,SEVERE_CRITICAL
2026-03-15 08:00:04.596,-0.39519,0.40431,-0.09907,SEVERE_CRITICAL
2026-03-15 08:00:04.597,-0.3185,0.66751,0.14465,SEVERE_CRITICAL
2026-03-15 08:00:04.598,-0.37526,0.67757,0.19058,SEVERE_CRITICAL
2026-03-15 08:00:04.599,-0.01784,0.83824,-0.00811,SEVERE_CRITICAL
2026-03-15 08:00:04.600,0.01851,0.39925,0.66056,SEVERE_CRITICAL
2026-03-15 08:00:04.601,0.65177,1.12043,0.9532,SEVERE_CRITICAL
2026-03-15 08:00:04.602,-0.21458,0.25311,0.36613,SEVERE_CRITICAL
2026-03-15 08:00:04.603,0.59516,0.86179,0.56348,SEVERE_CRITICAL
2026-03-15 08:00:04.604,0.58288,0.47603,0.53082,SEVERE_CRITICAL
2026-03-15 08:00:04.605,0.35137,0.38344,0.38371,SEVERE_CRITICAL
2026-03-15 08:00:04.606,0.71782,0.33741,0.53487,SEVERE_CRITICAL
2026-03-15 08:00:04.607,0.95669,0.20315,0.54475,SEVERE_CRITICAL
2026-03-15 08:00:04.608,-0.39973,-0.62235,-0.71652,SEVERE_CRITICAL
2026-03-15 08:00:04.609,1.23441,0.4218,0.71312,SEVERE_CRITICAL
2026-03-15 08:00:04.610,0.74998,-0.04564,0.28296,SEVERE_CRITICAL
2026-03-15 08:00:04.611,0.65716,-0.43388,0.27925,SEVERE_CRITICAL
2026-03-15 08:00:04.612,0.81039,-0.20156,0.19753,SEVERE_CRITICAL
2026-03-15 08:00:04.613,0.58198,-0.09787,0.07571,SEVERE_CRITICAL
2026-03-15 08:00:04.614,0.4575,-0.36548,0.21076,SEVERE_CRITICAL
2026-03-15 08:00:04.615,0.3205,-0.39984,0.13255,SEVERE_CRITICAL
2026-03-15 08:00:04.616,-0.5671,-0.83782,-0.99205,SEVERE_CRITICAL
2026-03-15 08:00:04.617,-0.04103,-0.38958,-0.43675,SEVERE_CRITICAL
2026-03-15 08:00:04.618,0.4679,-0.21586,-0.01739,SEVERE_CRITICAL
2026-03-15 08:00:04.619,-0.14027,-0.55773,-0.36461,SEVERE_CRITICAL
2026-03-15 08:00:04.620,0.21766,-0.26278,-0.3846,SEVERE_CRITICAL
2026-03-15 08:00:04.621,-0.02059,-0.36358,-0.10715,SEVERE_CRITICAL
2026-03-15 08:00:04.622,-0.04616,-0.44532,-0.28798,SEVERE_CRITICAL
2026-03-15 08:00:04.623,-0.10609,-0.59224,-0.35292,SEVERE_CRITICAL
2026-03-15 08:00:04.624,0.84189,0.10205,0.39372,SEVERE_CRITICAL
2026-03-15 08:00:04.625,-1.16158,-1.21606,-1.07101,SEVERE_CRITICAL
2026-03-15 08:00:04.626,-0.18438,-0.3021,-0.38568,SEVERE_CRITICAL
2026-03-15 08:00:04.627,-0.61602,-0.16527,-0.15447,SEVERE_CRITICAL
2026-03-15 08:00:04.628,-0.43028,-0.49636,-0.40348,SEVERE_CRITICAL
2026-03-15 08:00:04.629,-0.71676,-0.23502,-0.44107,SEVERE_CRITICAL
2026-03-15 08:00:04.630,-0.55679,0.05353,-0.39771,SEVERE_CRITICAL
2026-03-15 08:00:04.631,-0.72394,0.07046,-0.28164,SEVERE_CRITICAL
2026-03-15 08:00:04.632,0.94634,0.84486,0.98476,SEVERE_CRITICAL
2026-03-15 08:00:04.633,-1.1028,0.05685,-0.44668,SEVERE_CRITICAL
2026-03-15 08:00:04.634,-0.8705,0.05897,-0.50564,SEVERE_CRITICAL
2026-03-15 08:00:04.635,-0.7659,0.50424,0.05409,SEVERE_CRITICAL
2026-03-15 08:00:04.636,-0.66613,0.65681,-0.10684,SEVERE_CRITICAL
2026-03-15 08:00:04.637,-0.1609,0.79789,-0.11128,SEVERE_CRITICAL
2026-03-15 08:00:04.638,-0.23521,0.57638,-0.10691,SEVERE_CRITICAL
2026-03-15 08:00:04.639,-0.39708,0.76536,0.55123,SEVERE_CRITICAL
2026-03-15 08:00:04.640,0.15646,0.71629,0.38676,SEVERE_CRITICAL
2026-03-15 08:00:04.641,1.03682,1.36093,0.91077,SEVERE_CRITICAL
2026-03-15 08:00:04.642,-0.4241,0.09243,0.35381,SEVERE_CRITICAL
2026-03-15 08:00:04.643,0.44191,0.63326,0.35838,SEVERE_CRITICAL
2026-03-15 08:00:04.644,0.42204,0.48833,0.60935,SEVERE_CRITICAL
2026-03-15 08:00:04.645,0.47632,0.23187,0.39855,SEVERE_CRITICAL
2026-03-15 08:00:04.646,0.87743,0.36063,0.59373,SEVERE_CRITICAL
2026-03-15 08:00:04.647,0.54305,-0.22209,0.40836,SEVERE_CRITICAL
2026-03-15 08:00:04.648,-0.89515,-0.76881,-0.45713,SEVERE_CRITICAL
2026-03-15 08:00:04.649,1.44248,0.80231,0.95923,SEVERE_CRITICAL
2026-03-15 08:00:04.650,0.57977,-0.03622,0.50843,SEVERE_CRITICAL
2026-03-15 08:00:04.651,0.82472,-0.35421,0.12297,SEVERE_CRITICAL
2026-03-15 08:00:04.652,0.4298,-0.07642,0.4121,SEVERE_CRITICAL
2026-03-15 08:00:04.653,0.52607,-0.42688,0.11045,SEVERE_CRITICAL
2026-03-15 08:00:04.654,0.52227,-0.36903,0.02213,SEVERE_CRITICAL
2026-03-15 08:00:04.655,0.36588,-0.26106,0.04824,SEVERE_CRITICAL
2026-03-15 08:00:04.656,-0.76938,-1.17782,-0.93231,SEVERE_CRITICAL
2026-03-15 08:00:04.657,0.12768,-0.60012,-0.44479,SEVERE_CRITICAL
2026-03-15 08:00:04.658,0.55082,-0.31566,0.20664,SEVERE_CRITICAL
2026-03-15 08:00:04.659,-0.011,-0.64008,-0.35241,SEVERE_CRITICAL
2026-03-15 08:00:04.660,0.23233,-0.5884,-0.24303,SEVERE_CRITICAL
2026-03-15 08:00:04.661,-0.05404,-0.4138,-0.37964,SEVERE_CRITICAL
2026-03-15 08:00:04.662,-0.15465,-0.33791,-0.49632,SEVERE_CRITICAL
2026-03-15 08:00:04.663,-0.46443,-0.66862,-0.53455,SEVERE_CRITICAL
2026-03-15 08:00:04.664,0.7028,-0.08574,0.34009,SEVERE_CRITICAL
2026-03-15 08:00:04.665,-1.03631,-0.83962,-1.14736,SEVERE_CRITICAL
2026-03-15 08:00:04.666,-0.21446,-0.22206,-0.28765,SEVERE_CRITICAL
2026-03-15 08:00:04.667,-0.52033,0.05098,-0.30483,SEVERE_CRITICAL
2026-03-15 08:00:04.668,-0.24768,-0.38544,-0.53315,SEVERE_CRITICAL
2026-03-15 08:00:04.669,-0.86238,-0.27847,-0.16263,SEVERE_CRITICAL
2026-03-15 08:00:04.670,-0.7951,0.20143,-0.55481,SEVERE_CRITICAL
2026-03-15 08:00:04.671,-0.92301,-0.04893,-0.37017,SEVERE_CRITICAL
2026-03-15 08:00:04.672,0.90836,1.12044,0.94147,SEVERE_CRITICAL
2026-03-15 08:00:04.673,-0.97093,0.0208,-0.54499,SEVERE_CRITICAL
2026-03-15 08:00:04.674,-1.04784,0.34126,-0.56332,SEVERE_CRITICAL
2026-03-15 08:00:04.675,-0.1324,0.48757,0.01009,SEVERE_CRITICAL
2026-03-15 08:00:04.676,-0.43515,0.706,0.13807,SEVERE_CRITICAL
2026-03-15 08:00:04.677,-0.32972,0.74499,-0.08633,SEVERE_CRITICAL
2026-03-15 08:00:04.678,-0.35414,0.5181,0.40804,SEVERE_CRITICAL
2026-03-15 08:00:04.679,-0.22089,0.80349,0.38482,SEVERE_CRITICAL
2026-03-15 08:00:04.680,-0.15522,0.60227,0.56603,SEVERE_CRITICAL
2026-03-15 08:00:04.681,0.62017,1.09276,0.90805,SEVERE_CRITICAL
2026-03-15 08:00:04.682,-0.12969,0.41324,0.10665,SEVERE_CRITICAL
2026-03-15 08:00:04.683,0.29147,0.67067,0.48882,SEVERE_CRITICAL
2026-03-15 08:00:04.684,0.42504,0.40582,0.59378,SEVERE_CRITICAL
2026-03-15 08:00:04.685,0.73624,0.63097,0.42026,SEVERE_CRITICAL
2026-03-15 08:00:04.686,1.07903,0.18096,0.67423,SEVERE_CRITICAL
2026-03-15 08:00:04.687,0.5935,0.08941,0.39423,SEVERE_CRITICAL
2026-03-15 08:00:04.688,-0.7527,-0.74292,-0.78056,SEVERE_CRITICAL
2026-03-15 08:00:04.689,1.18457,0.24979,0.79448,SEVERE_CRITICAL
2026-03-15 08:00:04.690,0.69377,-0.12349,0.17957,SEVERE_CRITICAL
2026-03-15 08:00:04.691,0.57342,0.0735,0.03318,SEVERE_CRITICAL
2026-03-15 08:00:04.692,0.62361,-0.12063,0.15662,SEVERE_CRITICAL
2026-03-15 08:00:04.693,0.6592,-0.44979,0.30234,SEVERE_CRITICAL
2026-03-15 08:00:04.694,0.52759,-0.49031,-0.07478,SEVERE_CRITICAL
2026-03-15 08:00:04.695,0.31622,-0.21128,-0.20609,SEVERE_CRITICAL
2026-03-15 08:00:04.696,-0.72273,-1.13899,-0.91992,SEVERE_CRITICAL
2026-03-15 08:00:04.697,-0.04758,-0.87289,-0.42562,SEVERE_CRITICAL
2026-03-15 08:00:04.698,0.49762,-0.37699,0.18381,SEVERE_CRITICAL
2026-03-15 08:00:04.699,0.09883,-0.62377,-0.36231,SEVERE_CRITICAL
2026-03-15 08:00:04.700,-0.39619,-0.58582,-0.17397,SEVERE_CRITICAL
2026-03-15 08:00:04.701,-0.12135,-0.60984,-0.01688,SEVERE_CRITICAL
2026-03-15 08:00:04.702,0.15429,-0.44872,-0.24657,SEVERE_CRITICAL
2026-03-15 08:00:04.703,-0.64603,-0.61354,-0.46329,SEVERE_CRITICAL
2026-03-15 08:00:04.704,0.55817,0.04358,0.04745,SEVERE_CRITICAL
2026-03-15 08:00:04.705,-1.10086,-0.83979,-0.91893,SEVERE_CRITICAL
2026-03-15 08:00:04.706,-0.40607,-0.38522,-0.61786,SEVERE_CRITICAL
2026-03-15 08:00:04.707,-0.55454,-0.15608,-0.49936,SEVERE_CRITICAL
2026-03-15 08:00:04.708,-0.31553,-0.3602,-0.52015,SEVERE_CRITICAL
2026-03-15 08:00:04.709,-0.899,-0.11647,-0.67015,SEVERE_CRITICAL
2026-03-15 08:00:04.710,-0.59767,0.02135,-0.23723,SEVERE_CRITICAL
2026-03-15 08:00:04.711,-0.94878,0.02831,-0.30137,SEVERE_CRITICAL
2026-03-15 08:00:04.712,0.82481,0.93502,0.69441,SEVERE_CRITICAL
2026-03-15 08:00:04.713,-0.91089,0.05024,-0.51515,SEVERE_CRITICAL
2026-03-15 08:00:04.714,-0.7735,0.18652,-0.51373,SEVERE_CRITICAL
2026-03-15 08:00:04.715,-0.79868,0.37782,0.41911,SEVERE_CRITICAL
2026-03-15 08:00:04.716,-0.45177,0.52632,-0.02516,SEVERE_CRITICAL
2026-03-15 08:00:04.717,-0.47989,0.7837,0.07002,SEVERE_CRITICAL
2026-03-15 08:00:04.718,-0.16209,0.62415,0.5154,SEVERE_CRITICAL
2026-03-15 08:00:04.719,-0.0185,0.89469,0.25197,SEVERE_CRITICAL
2026-03-15 08:00:04.720,0.19752,0.66593,0.43105,SEVERE_CRITICAL
2026-03-15 08:00:04.721,1.08037,0.93756,1.05804,SEVERE_CRITICAL
2026-03-15 08:00:04.722,0.01253,0.52113,0.15881,SEVERE_CRITICAL
2026-03-15 08:00:04.723,0.87005,0.44131,0.80597,SEVERE_CRITICAL
2026-03-15 08:00:04.724,0.81751,0.87072,0.41496,SEVERE_CRITICAL
2026-03-15 08:00:04.725,0.42253,0.65115,0.28374,SEVERE_CRITICAL
2026-03-15 08:00:04.726,0.41139,0.26882,0.58008,SEVERE_CRITICAL
2026-03-15 08:00:04.727,1.04767,0.20145,0.42512,SEVERE_CRITICAL
2026-03-15 08:00:04.728,-0.68406,-0.76897,-0.81425,SEVERE_CRITICAL
2026-03-15 08:00:04.729,1.35736,0.09651,0.81139,SEVERE_CRITICAL
2026-03-15 08:00:04.730,1.00548,-0.06415,0.26798,SEVERE_CRITICAL
2026-03-15 08:00:04.731,0.75534,-0.46492,0.07319,SEVERE_CRITICAL
2026-03-15 08:00:04.732,0.7506,-0.28588,0.24748,SEVERE_CRITICAL
2026-03-15 08:00:04.733,0.52014,-0.57433,0.09521,SEVERE_CRITICAL
2026-03-15 08:00:04.734,0.22945,-0.38068,0.18235,SEVERE_CRITICAL
2026-03-15 08:00:04.735,0.37037,-0.6269,-0.06246,SEVERE_CRITICAL
2026-03-15 08:00:04.736,-0.7626,-0.98126,-0.95446,SEVERE_CRITICAL
2026-03-15 08:00:04.737,0.3301,-0.47266,-0.40373,SEVERE_CRITICAL
2026-03-15 08:00:04.738,0.6627,-0.35589,0.09821,SEVERE_CRITICAL
2026-03-15 08:00:04.739,-0.13797,-0.50668,-0.21231,SEVERE_CRITICAL
2026-03-15 08:00:04.740,0.15174,-0.38865,-0.19026,SEVERE_CRITICAL
2026-03-15 08:00:04.741,0.05913,-0.69587,-0.09386,SEVERE_CRITICAL
2026-03-15 08:00:04.742,0.15799,-0.5767,-0.45516,SEVERE_CRITICAL
2026-03-15 08:00:04.743,-0.12809,-0.41764,-0.44319,SEVERE_CRITICAL
2026-03-15 08:00:04.744,0.36762,0.16378,0.44831,SEVERE_CRITICAL
2026-03-15 08:00:04.745,-1.05935,-0.89065,-1.18764,SEVERE_CRITICAL
2026-03-15 08:00:04.746,-0.08329,-0.24883,-0.34651,SEVERE_CRITICAL
2026-03-15 08:00:04.747,-0.55245,-0.59157,-0.45951,SEVERE_CRITICAL
2026-03-15 08:00:04.748,-0.60173,-0.27433,-0.35207,SEVERE_CRITICAL
2026-03-15 08:00:04.749,-0.71942,-0.08801,-0.32202,SEVERE_CRITICAL
2026-03-15 08:00:04.750,-0.30095,-0.07204,-0.56701,SEVERE_CRITICAL
2026-03-15 08:00:04.751,-0.62222,0.30745,-0.43,SEVERE_CRITICAL
2026-03-15 08:00:04.752,0.90373,1.29121,1.15261,SEVERE_CRITICAL
2026-03-15 08:00:04.753,-0.9793,-0.03481,-0.46357,SEVERE_CRITICAL
2026-03-15 08:00:04.754,-0.85358,0.35084,-0.30535,SEVERE_CRITICAL
2026-03-15 08:00:04.755,-0.53045,0.66336,0.22456,SEVERE_CRITICAL
2026-03-15 08:00:04.756,-0.53147,0.37646,-0.02524,SEVERE_CRITICAL
2026-03-15 08:00:04.757,-0.26509,0.39214,-0.14399,SEVERE_CRITICAL
2026-03-15 08:00:04.758,0.01228,0.78533,0.35262,SEVERE_CRITICAL
2026-03-15 08:00:04.759,-0.36994,0.8413,0.37638,SEVERE_CRITICAL
2026-03-15 08:00:04.760,-0.3063,0.97305,0.45181,SEVERE_CRITICAL
2026-03-15 08:00:04.761,0.71325,1.07051,0.7832,SEVERE_CRITICAL
2026-03-15 08:00:04.762,0.04923,0.49973,0.20386,SEVERE_CRITICAL
2026-03-15 08:00:04.763,0.74212,0.43988,0.55313,SEVERE_CRITICAL
2026-03-15 08:00:04.764,0.44338,0.54006,0.65198,SEVERE_CRITICAL
2026-03-15 08:00:04.765,0.68878,0.37007,0.42881,SEVERE_CRITICAL
2026-03-15 08:00:04.766,1.06357,0.75625,0.59227,SEVERE_CRITICAL
2026-03-15 08:00:04.767,0.62576,0.48245,0.32454,SEVERE_CRITICAL
2026-03-15 08:00:04.768,-0.80717,-0.97089,-1.03705,SEVERE_CRITICAL
2026-03-15 08:00:04.769,1.37125,0.27284,0.9553,SEVERE_CRITICAL
2026-03-15 08:00:04.770,0.7673,-0.20014,0.27002,SEVERE_CRITICAL
2026-03-15 08:00:04.771,0.51967,-0.15715,0.08815,SEVERE_CRITICAL
2026-03-15 08:00:04.772,0.90781,-0.12572,0.31868,SEVERE_CRITICAL
2026-03-15 08:00:04.773,0.84516,-0.54694,0.00898,SEVERE_CRITICAL
2026-03-15 08:00:04.774,0.84131,-0.46315,-0.38482,SEVERE_CRITICAL
2026-03-15 08:00:04.775,0.39733,-0.43039,-0.40603,SEVERE_CRITICAL
2026-03-15 08:00:04.776,-0.348,-1.22099,-0.90671,SEVERE_CRITICAL
2026-03-15 08:00:04.777,-0.03412,-0.89366,-0.5394,SEVERE_CRITICAL
2026-03-15 08:00:04.778,0.35452,-0.12452,0.0713,SEVERE_CRITICAL
2026-03-15 08:00:04.779,-0.17169,-0.80524,-0.24905,SEVERE_CRITICAL
2026-03-15 08:00:04.780,0.28796,-0.35683,-0.25533,SEVERE_CRITICAL
2026-03-15 08:00:04.781,0.00928,-0.73201,-0.36499,SEVERE_CRITICAL
2026-03-15 08:00:04.782,-0.32581,-0.86168,-0.27278,SEVERE_CRITICAL
2026-03-15 08:00:04.783,-0.38988,-0.32274,-0.308,SEVERE_CRITICAL
2026-03-15 08:00:04.784,0.72018,0.21107,0.28853,SEVERE_CRITICAL
2026-03-15 08:00:04.785,-0.85684,-0.96249,-1.13567,SEVERE_CRITICAL
2026-03-15 08:00:04.786,-0.41384,-0.42661,-0.2306,SEVERE_CRITICAL
2026-03-15 08:00:04.787,-0.49243,-0.45107,-0.64909,SEVERE_CRITICAL
2026-03-15 08:00:04.788,-1.00701,-0.13795,-0.65732,SEVERE_CRITICAL
2026-03-15 08:00:04.789,-0.75823,0.07124,-0.59817,SEVERE_CRITICAL
2026-03-15 08:00:04.790,-0.91819,-0.22829,-0.21594,SEVERE_CRITICAL
2026-03-15 08:00:04.791,-0.41415,0.13023,-0.29008,SEVERE_CRITICAL
2026-03-15 08:00:04.792,0.62635,1.43887,1.06433,SEVERE_CRITICAL
2026-03-15 08:00:04.793,-0.86197,0.06644,-0.50101,SEVERE_CRITICAL
2026-03-15 08:00:04.794,-0.63728,0.3024,-0.15616,SEVERE_CRITICAL
2026-03-15 08:00:04.795,-0.42403,0.44521,0.02819,SEVERE_CRITICAL
2026-03-15 08:00:04.796,-0.60248,0.42415,-0.15458,SEVERE_CRITICAL
2026-03-15 08:00:04.797,-0.22221,0.54627,0.16246,SEVERE_CRITICAL
2026-03-15 08:00:04.798,-0.22885,0.6237,0.48174,SEVERE_CRITICAL
2026-03-15 08:00:04.799,-0.39019,0.78761,0.38448,SEVERE_CRITICAL
2026-03-15 08:00:04.800,-0.01085,0.54197,0.56591,SEVERE_CRITICAL
2026-03-15 08:00:04.801,0.95372,1.04726,1.18,SEVERE_CRITICAL
2026-03-15 08:00:04.802,0.01313,0.25672,0.12278,SEVERE_CRITICAL
2026-03-15 08:00:04.803,0.73726,0.74119,0.57418,SEVERE_CRITICAL
2026-03-15 08:00:04.804,0.45441,0.51612,0.59998,SEVERE_CRITICAL
2026-03-15 08:00:04.805,0.45524,0.14397,0.72627,SEVERE_CRITICAL
2026-03-15 08:00:04.806,0.95406,0.15153,0.60988,SEVERE_CRITICAL
2026-03-15 08:00:04.807,0.6158,0.20129,0.48939,SEVERE_CRITICAL
2026-03-15 08:00:04.808,-0.82755,-0.52463,-0.94783,SEVERE_CRITICAL
2026-03-15 08:00:04.809,1.2979,0.29209,1.12212,SEVERE_CRITICAL
2026-03-15 08:00:04.810,0.45283,-0.23094,0.53494,SEVERE_CRITICAL
2026-03-15 08:00:04.811,0.63413,-0.26622,0.41517,SEVERE_CRITICAL
2026-03-15 08:00:04.812,0.81859,-0.35247,0.20701,SEVERE_CRITICAL
2026-03-15 08:00:04.813,0.36254,-0.15631,0.15755,SEVERE_CRITICAL
2026-03-15 08:00:04.814,0.73959,-0.22481,-0.05771,SEVERE_CRITICAL
2026-03-15 08:00:04.815,0.25931,-0.47607,-0.17262,SEVERE_CRITICAL
2026-03-15 08:00:04.816,-0.58038,-0.93222,-0.99258,SEVERE_CRITICAL
2026-03-15 08:00:04.817,0.04475,-0.71386,-0.2874,SEVERE_CRITICAL
2026-03-15 08:00:04.818,0.41368,-0.6979,0.15636,SEVERE_CRITICAL
2026-03-15 08:00:04.819,0.13176,-0.59084,-0.51549,SEVERE_CRITICAL
2026-03-15 08:00:04.820,-0.23079,-0.48675,-0.31308,SEVERE_CRITICAL
2026-03-15 08:00:04.821,-0.07542,-0.2302,-0.47683,SEVERE_CRITICAL
2026-03-15 08:00:04.822,0.16479,-0.56764,-0.69301,SEVERE_CRITICAL
2026-03-15 08:00:04.823,-0.29715,-0.37327,-0.49523,SEVERE_CRITICAL
2026-03-15 08:00:04.824,0.31383,0.07378,0.24994,SEVERE_CRITICAL
2026-03-15 08:00:04.825,-1.14925,-0.85792,-1.35435,SEVERE_CRITICAL
2026-03-15 08:00:04.826,-0.44214,-0.14938,-0.43178,SEVERE_CRITICAL
2026-03-15 08:00:04.827,-0.77431,-0.53368,-0.41427,SEVERE_CRITICAL
2026-03-15 08:00:04.828,-0.7144,-0.46793,-0.58818,SEVERE_CRITICAL
2026-03-15 08:00:04.829,-0.40027,-0.34838,-0.73658,SEVERE_CRITICAL
2026-03-15 08:00:04.830,-0.70471,-0.12098,-0.55613,SEVERE_CRITICAL
2026-03-15 08:00:04.831,-0.701,0.14996,-0.72832,SEVERE_CRITICAL
2026-03-15 08:00:04.832,0.60705,1.53386,1.12214,SEVERE_CRITICAL
2026-03-15 08:00:04.833,-0.92082,0.29415,-0.47231,SEVERE_CRITICAL
2026-03-15 08:00:04.834,-0.83082,0.34538,-0.28876,SEVERE_CRITICAL
2026-03-15 08:00:04.835,-0.55873,0.63527,0.02559,SEVERE_CRITICAL
2026-03-15 08:00:04.836,-0.63875,0.34259,-0.11333,SEVERE_CRITICAL
2026-03-15 08:00:04.837,-0.53413,0.49312,0.07488,SEVERE_CRITICAL
2026-03-15 08:00:04.838,-0.331,0.81616,0.42439,SEVERE_CRITICAL
2026-03-15 08:00:04.839,-0.26772,1.00049,0.49663,SEVERE_CRITICAL
2026-03-15 08:00:04.840,0.10418,0.8129,0.50382,SEVERE_CRITICAL
2026-03-15 08:00:04.841,1.06543,1.40684,1.29886,SEVERE_CRITICAL
2026-03-15 08:00:04.842,-0.04973,0.59059,0.44956,SEVERE_CRITICAL
2026-03-15 08:00:04.843,0.39456,0.65295,0.67499,SEVERE_CRITICAL
2026-03-15 08:00:04.844,0.83159,0.78332,0.64851,SEVERE_CRITICAL
2026-03-15 08:00:04.845,0.33195,0.49869,0.45057,SEVERE_CRITICAL
2026-03-15 08:00:04.846,0.4726,0.15715,0.65606,SEVERE_CRITICAL
2026-03-15 08:00:04.847,1.10452,0.26039,0.58511,SEVERE_CRITICAL
2026-03-15 08:00:04.848,-0.49477,-1.15215,-0.81677,SEVERE_CRITICAL
2026-03-15 08:00:04.849,1.49331,0.5296,0.92576,SEVERE_CRITICAL
2026-03-15 08:00:04.850,0.6396,-0.07839,0.5813,SEVERE_CRITICAL
2026-03-15 08:00:04.851,0.78455,-0.39678,-0.07628,SEVERE_CRITICAL
2026-03-15 08:00:04.852,0.43994,-0.00533,0.11375,SEVERE_CRITICAL
2026-03-15 08:00:04.853,0.54235,-0.14881,-0.15718,SEVERE_CRITICAL
2026-03-15 08:00:04.854,0.83975,-0.49155,-0.16688,SEVERE_CRITICAL
2026-03-15 08:00:04.855,0.41242,-0.60996,0.01401,SEVERE_CRITICAL
2026-03-15 08:00:04.856,-0.75385,-1.49253,-1.01799,SEVERE_CRITICAL
2026-03-15 08:00:04.857,-0.26576,-0.68014,-0.58444,SEVERE_CRITICAL
2026-03-15 08:00:04.858,0.45806,-0.29957,0.05614,SEVERE_CRITICAL
2026-03-15 08:00:04.859,-0.01617,-0.56538,-0.60538,SEVERE_CRITICAL
2026-03-15 08:00:04.860,-0.01352,-1.18388,-0.30696,SEVERE_CRITICAL
2026-03-15 08:00:04.861,-0.1151,-0.738,-0.30635,SEVERE_CRITICAL
2026-03-15 08:00:04.862,0.0443,-0.67538,-0.5832,SEVERE_CRITICAL
2026-03-15 08:00:04.863,-0.23381,-0.79483,-0.55389,SEVERE_CRITICAL
2026-03-15 08:00:04.864,0.87657,0.10747,0.094,SEVERE_CRITICAL
2026-03-15 08:00:04.865,-1.65443,-0.98551,-1.1021,SEVERE_CRITICAL
2026-03-15 08:00:04.866,-0.65163,-0.21078,-0.12474,SEVERE_CRITICAL
2026-03-15 08:00:04.867,-0.1719,-0.27982,-0.40452,SEVERE_CRITICAL
2026-03-15 08:00:04.868,-1.25059,0.01858,-0.69063,SEVERE_CRITICAL
2026-03-15 08:00:04.869,-0.93252,-0.2304,-0.24716,SEVERE_CRITICAL
2026-03-15 08:00:04.870,-0.35463,-0.08224,-0.32002,SEVERE_CRITICAL
2026-03-15 08:00:04.871,-0.85059,-0.18306,-0.20444,SEVERE_CRITICAL
2026-03-15 08:00:04.872,0.60857,1.42543,1.24218,SEVERE_CRITICAL
2026-03-15 08:00:04.873,-0.95765,0.42411,-0.1543,SEVERE_CRITICAL
2026-03-15 08:00:04.874,-1.05833,0.08262,-0.65149,SEVERE_CRITICAL
2026-03-15 08:00:04.875,-0.03302,0.54209,0.28004,SEVERE_CRITICAL
2026-03-15 08:00:04.876,-0.81743,0.84216,-0.10282,SEVERE_CRITICAL
2026-03-15 08:00:04.877,-0.74359,0.64061,0.07314,SEVERE_CRITICAL
2026-03-15 08:00:04.878,-0.17936,0.7584,0.38919,SEVERE_CRITICAL
2026-03-15 08:00:04.879,-0.23899,0.6686,0.28477,SEVERE_CRITICAL
2026-03-15 08:00:04.880,0.43625,0.8502,0.17507,SEVERE_CRITICAL
2026-03-15 08:00:04.881,0.72385,1.23883,1.40608,SEVERE_CRITICAL
2026-03-15 08:00:04.882,0.16521,0.3437,0.62894,SEVERE_CRITICAL
2026-03-15 08:00:04.883,0.53185,0.95612,0.51906,SEVERE_CRITICAL
2026-03-15 08:00:04.884,0.15026,0.38384,0.21471,SEVERE_CRITICAL
2026-03-15 08:00:04.885,1.11718,0.50829,0.46329,SEVERE_CRITICAL
2026-03-15 08:00:04.886,0.90207,0.42591,0.7197,SEVERE_CRITICAL
2026-03-15 08:00:04.887,1.10544,0.20815,0.43866,SEVERE_CRITICAL
2026-03-15 08:00:04.888,-0.56253,-0.74438,-0.8841,SEVERE_CRITICAL
2026-03-15 08:00:04.889,1.99849,0.35624,0.88221,SEVERE_CRITICAL
2026-03-15 08:00:04.890,0.92389,-0.22968,0.42546,SEVERE_CRITICAL
2026-03-15 08:00:04.891,0.44598,-0.38765,0.40973,SEVERE_CRITICAL
2026-03-15 08:00:04.892,0.72571,-0.39287,0.43608,SEVERE_CRITICAL
2026-03-15 08:00:04.893,0.40208,-0.52146,0.16823,SEVERE_CRITICAL
2026-03-15 08:00:04.894,0.74604,-0.23583,-0.11144,SEVERE_CRITICAL
2026-03-15 08:00:04.895,0.60634,-0.58131,-0.14367,SEVERE_CRITICAL
2026-03-15 08:00:04.896,-0.36265,-1.27844,-0.96054,SEVERE_CRITICAL
2026-03-15 08:00:04.897,0.05617,-0.93212,-0.27314,SEVERE_CRITICAL
2026-03-15 08:00:04.898,0.69272,-0.71057,0.1272,SEVERE_CRITICAL
2026-03-15 08:00:04.899,-0.23586,-0.50361,-0.66521,SEVERE_CRITICAL
2026-03-15 08:00:04.900,-0.07724,-0.54023,-0.34517,SEVERE_CRITICAL
2026-03-15 08:00:04.901,0.11149,-0.85904,-0.1129,SEVERE_CRITICAL
2026-03-15 08:00:04.902,-0.09404,-0.35662,-0.32407,SEVERE_CRITICAL
2026-03-15 08:00:04.903,-0.279,-0.80925,-0.55569,SEVERE_CRITICAL
2026-03-15 08:00:04.904,0.96888,0.34631,0.27572,SEVERE_CRITICAL
2026-03-15 08:00:04.905,-1.91445,-1.07629,-1.29916,SEVERE_CRITICAL
2026-03-15 08:00:04.906,-0.37706,-0.20428,-0.20002,SEVERE_CRITICAL
2026-03-15 08:00:04.907,-0.37237,-0.26721,-0.7688,SEVERE_CRITICAL
2026-03-15 08:00:04.908,-0.89627,0.05867,-0.56498,SEVERE_CRITICAL
2026-03-15 08:00:04.909,-0.67685,-0.12358,-0.42175,SEVERE_CRITICAL
2026-03-15 08:00:04.910,-1.36631,-0.15232,-0.48735,SEVERE_CRITICAL
2026-03-15 08:00:04.911,-0.6047,0.01285,-0.68749,SEVERE_CRITICAL
2026-03-15 08:00:04.912,0.83391,1.01868,0.87441,SEVERE_CRITICAL
2026-03-15 08:00:04.913,-1.29864,0.20017,-0.30409,SEVERE_CRITICAL
2026-03-15 08:00:04.914,-0.94181,0.35499,-0.3099,SEVERE_CRITICAL
2026-03-15 08:00:04.915,-0.50538,0.76768,-0.25903,SEVERE_CRITICAL
2026-03-15 08:00:04.916,-0.65382,0.38619,0.18068,SEVERE_CRITICAL
2026-03-15 08:00:04.917,-0.53629,0.70394,-0.07429,SEVERE_CRITICAL
2026-03-15 08:00:04.918,-0.09221,0.90693,0.38955,SEVERE_CRITICAL
2026-03-15 08:00:04.919,-0.36069,0.66752,0.41715,SEVERE_CRITICAL
2026-03-15 08:00:04.920,-0.15279,0.91415,0.1522,SEVERE_CRITICAL
2026-03-15 08:00:04.921,0.74257,1.58702,1.22273,SEVERE_CRITICAL
2026-03-15 08:00:04.922,-0.01414,0.90106,-0.0807,SEVERE_CRITICAL
2026-03-15 08:00:04.923,0.37347,0.67496,0.84371,SEVERE_CRITICAL
2026-03-15 08:00:04.924,0.87509,0.4956,0.87535,SEVERE_CRITICAL
2026-03-15 08:00:04.925,0.59563,0.71064,0.46023,SEVERE_CRITICAL
2026-03-15 08:00:04.926,0.80086,0.31052,0.80782,SEVERE_CRITICAL
2026-03-15 08:00:04.927,0.75473,0.26053,0.66565,SEVERE_CRITICAL
2026-03-15 08:00:04.928,-0.61894,-0.73561,-0.87325,SEVERE_CRITICAL
2026-03-15 08:00:04.929,1.47299,0.37709,1.04283,SEVERE_CRITICAL
2026-03-15 08:00:04.930,0.91333,-0.13712,0.36396,SEVERE_CRITICAL
2026-03-15 08:00:04.931,0.3088,-0.19627,0.15857,SEVERE_CRITICAL
2026-03-15 08:00:04.932,1.05757,-0.25451,-0.00417,SEVERE_CRITICAL
2026-03-15 08:00:04.933,0.56719,-0.44349,0.1993,SEVERE_CRITICAL
2026-03-15 08:00:04.934,0.09915,-0.46485,0.08151,SEVERE_CRITICAL
2026-03-15 08:00:04.935,0.34407,-0.496,-0.15146,SEVERE_CRITICAL
2026-03-15 08:00:04.936,-0.78936,-1.27999,-1.13032,SEVERE_CRITICAL
2026-03-15 08:00:04.937,0.17899,-0.89343,-0.56913,SEVERE_CRITICAL
2026-03-15 08:00:04.938,0.9769,-0.17642,-0.20752,SEVERE_CRITICAL
2026-03-15 08:00:04.939,-0.23897,-0.6783,-0.40644,SEVERE_CRITICAL
2026-03-15 08:00:04.940,-0.33288,-0.40431,-0.2345,SEVERE_CRITICAL
2026-03-15 08:00:04.941,0.0517,-0.3383,-0.30371,SEVERE_CRITICAL
2026-03-15 08:00:04.942,-0.1133,-0.32842,-0.29722,SEVERE_CRITICAL
2026-03-15 08:00:04.943,-0.47277,-0.46807,-0.58755,SEVERE_CRITICAL
2026-03-15 08:00:04.944,0.74071,0.17516,0.15187,SEVERE_CRITICAL
2026-03-15 08:00:04.945,-1.35469,-1.00884,-1.34981,SEVERE_CRITICAL
2026-03-15 08:00:04.946,-0.26448,-0.15903,-0.35062,SEVERE_CRITICAL
2026-03-15 08:00:04.947,-0.55521,-0.09621,-0.43462,SEVERE_CRITICAL
2026-03-15 08:00:04.948,-0.79888,-0.56091,-0.53314,SEVERE_CRITICAL
2026-03-15 08:00:04.949,-0.70488,0.04935,-0.49204,SEVERE_CRITICAL
2026-03-15 08:00:04.950,-1.27866,-0.43607,-0.37935,SEVERE_CRITICAL
2026-03-15 08:00:04.951,-1.03805,0.08778,-0.4299,SEVERE_CRITICAL
2026-03-15 08:00:04.952,0.70168,1.16897,0.93535,SEVERE_CRITICAL
2026-03-15 08:00:04.953,-1.14783,-0.00778,-0.56674,SEVERE_CRITICAL
2026-03-15 08:00:04.954,-1.14705,0.20261,-0.24478,SEVERE_CRITICAL
2026-03-15 08:00:04.955,-0.57446,0.85069,0.35601,SEVERE_CRITICAL
2026-03-15 08:00:04.956,-0.50336,0.70056,0.05457,SEVERE_CRITICAL
2026-03-15 08:00:04.957,-0.3223,0.73518,0.31744,SEVERE_CRITICAL
2026-03-15 08:00:04.958,-0.18578,0.74266,0.45416,SEVERE_CRITICAL
2026-03-15 08:00:04.959,-0.16625,0.81462,0.31814,SEVERE_CRITICAL
2026-03-15 08:00:04.960,0.03763,1.04828,0.63968,SEVERE_CRITICAL
2026-03-15 08:00:04.961,0.94508,1.39591,1.38163,SEVERE_CRITICAL
2026-03-15 08:00:04.962,-0.08123,0.33219,0.49869,SEVERE_CRITICAL
2026-03-15 08:00:04.963,0.44764,0.63742,0.44487,SEVERE_CRITICAL
2026-03-15 08:00:04.964,0.83013,0.36272,0.6214,SEVERE_CRITICAL
2026-03-15 08:00:04.965,0.83837,0.63677,0.53403,SEVERE_CRITICAL
2026-03-15 08:00:04.966,0.82061,0.24491,0.57498,SEVERE_CRITICAL
2026-03-15 08:00:04.967,0.95535,0.17886,0.56466,SEVERE_CRITICAL
2026-03-15 08:00:04.968,-1.07299,-0.6946,-0.83129,SEVERE_CRITICAL
2026-03-15 08:00:04.969,1.7815,0.69994,0.92837,SEVERE_CRITICAL
2026-03-15 08:00:04.970,0.80017,-0.48021,0.87303,SEVERE_CRITICAL
2026-03-15 08:00:04.971,0.63136,-0.12801,-0.0621,SEVERE_CRITICAL
2026-03-15 08:00:04.972,1.0851,0.09863,0.26269,SEVERE_CRITICAL
2026-03-15 08:00:04.973,0.43376,-0.44394,-0.27042,SEVERE_CRITICAL
2026-03-15 08:00:04.974,0.56655,-0.3259,-0.00397,SEVERE_CRITICAL
2026-03-15 08:00:04.975,0.43968,-0.42166,0.04147,SEVERE_CRITICAL
2026-03-15 08:00:04.976,-1.01194,-1.21053,-0.64543,SEVERE_CRITICAL
2026-03-15 08:00:04.977,-0.27562,-0.78973,-0.12533,SEVERE_CRITICAL
2026-03-15 08:00:04.978,0.84737,-0.47196,0.11408,SEVERE_CRITICAL
2026-03-15 08:00:04.979,-0.06857,-0.88922,-0.47982,SEVERE_CRITICAL
2026-03-15 08:00:04.980,-0.06439,-0.61954,-0.4941,SEVERE_CRITICAL
2026-03-15 08:00:04.981,-0.3519,-0.62099,-0.10897,SEVERE_CRITICAL
2026-03-15 08:00:04.982,-0.20033,-0.70662,-0.36082,SEVERE_CRITICAL
2026-03-15 08:00:04.983,-0.32883,-0.23889,-0.49754,SEVERE_CRITICAL
2026-03-15 08:00:04.984,0.79372,-0.06951,0.44885,SEVERE_CRITICAL
2026-03-15 08:00:04.985,-1.28978,-1.09288,-1.3884,SEVERE_CRITICAL
2026-03-15 08:00:04.986,-0.49485,-0.2679,-0.25641,SEVERE_CRITICAL
2026-03-15 08:00:04.987,-0.65258,-0.31423,-0.52989,SEVERE_CRITICAL
2026-03-15 08:00:04.988,-0.84331,-0.42703,-0.65235,SEVERE_CRITICAL
2026-03-15 08:00:04.989,-0.17652,-0.14039,-0.40907,SEVERE_CRITICAL
2026-03-15 08:00:04.990,-0.79252,-0.16574,-0.29904,SEVERE_CRITICAL
2026-03-15 08:00:04.991,-1.00212,0.21229,-0.51438,SEVERE_CRITICAL
2026-03-15 08:00:04.992,0.51596,1.27883,0.90364,SEVERE_CRITICAL
2026-03-15 08:00:04.993,-1.04808,-0.12641,-0.57089,SEVERE_CRITICAL
2026-03-15 08:00:04.994,-1.4331,0.81256,-0.66747,SEVERE_CRITICAL
2026-03-15 08:00:04.995,-0.56044,0.89647,0.28242,SEVERE_CRITICAL
2026-03-15 08:00:04.996,-0.5169,0.55205,0.22364,SEVERE_CRITICAL
2026-03-15 08:00:04.997,-0.31938,0.77985,0.20538,SEVERE_CRITICAL
2026-03-15 08:00:04.998,-0.40478,0.65382,0.52232,SEVERE_CRITICAL
2026-03-15 08:00:04.999,0.11399,0.6828,0.37944,SEVERE_CRITICAL
2026-03-15 08:00:05.000,-0.03347,0.87327,0.5228,SEVERE_CRITICAL
2026-03-15 08:00:05.001,1.10102,1.16151,1.06608,SEVERE_CRITICAL
2026-03-15 08:00:05.002,0.24547,0.47368,0.0977,SEVERE_CRITICAL
2026-03-15 08:00:05.003,0.46928,0.72569,1.0043,SEVERE_CRITICAL
2026-03-15 08:00:05.004,0.93506,0.92228,0.8947,SEVERE_CRITICAL
2026-03-15 08:00:05.005,0.94597,0.37418,0.62321,SEVERE_CRITICAL
2026-03-15 08:00:05.006,0.64223,0.38302,0.79251,SEVERE_CRITICAL
2026-03-15 08:00:05.007,0.95061,0.54491,0.43267,SEVERE_CRITICAL
2026-03-15 08:00:05.008,-0.62105,-1.17486,-0.90395,SEVERE_CRITICAL
2026-03-15 08:00:05.009,1.8094,0.4136,1.17208,SEVERE_CRITICAL
2026-03-15 08:00:05.010,0.68046,-0.44784,0.47281,SEVERE_CRITICAL
2026-03-15 08:00:05.011,1.09583,-0.5365,0.34265,SEVERE_CRITICAL
2026-03-15 08:00:05.012,0.88959,-0.5375,0.09231,SEVERE_CRITICAL
2026-03-15 08:00:05.013,0.68705,-0.5091,-0.12765,SEVERE_CRITICAL
2026-03-15 08:00:05.014,0.19178,-0.66838,0.03394,SEVERE_CRITICAL
2026-03-15 08:00:05.015,0.51682,-0.63922,-0.02373,SEVERE_CRITICAL
2026-03-15 08:00:05.016,-0.39019,-1.17393,-1.07346,SEVERE_CRITICAL
2026-03-15 08:00:05.017,0.25405,-0.9846,-0.48343,SEVERE_CRITICAL
2026-03-15 08:00:05.018,0.55739,-0.63342,0.00935,SEVERE_CRITICAL
2026-03-15 08:00:05.019,-0.5586,-0.37747,-0.63391,SEVERE_CRITICAL
2026-03-15 08:00:05.020,0.37538,-0.65126,-0.29013,SEVERE_CRITICAL
2026-03-15 08:00:05.021,-0.17589,-0.58792,-0.2883,SEVERE_CRITICAL
2026-03-15 08:00:05.022,-0.0674,-0.50276,-0.55629,SEVERE_CRITICAL
2026-03-15 08:00:05.023,-0.41419,-0.94261,-0.42349,SEVERE_CRITICAL
2026-03-15 08:00:05.024,0.89339,0.39847,0.41714,SEVERE_CRITICAL
2026-03-15 08:00:05.025,-1.56122,-1.44681,-1.16014,SEVERE_CRITICAL
2026-03-15 08:00:05.026,-0.78677,-0.40279,-0.40772,SEVERE_CRITICAL
2026-03-15 08:00:05.027,-0.65724,-0.3739,-0.51552,SEVERE_CRITICAL
2026-03-15 08:00:05.028,-1.46307,-0.39432,-1.04329,SEVERE_CRITICAL
2026-03-15 08:00:05.029,-0.64874,-0.31982,-0.88748,SEVERE_CRITICAL
2026-03-15 08:00:05.030,-1.11205,-0.23253,-0.3239,SEVERE_CRITICAL
2026-03-15 08:00:05.031,-0.91267,0.0744,-0.27518,SEVERE_CRITICAL
2026-03-15 08:00:05.032,0.71514,1.37913,1.20848,SEVERE_CRITICAL
2026-03-15 08:00:05.033,-1.50786,0.41327,-0.76757,SEVERE_CRITICAL
2026-03-15 08:00:05.034,-0.90766,-0.04461,-0.30592,SEVERE_CRITICAL
2026-03-15 08:00:05.035,-0.13498,0.64357,0.07167,SEVERE_CRITICAL
2026-03-15 08:00:05.036,-0.58727,0.56468,0.30894,SEVERE_CRITICAL
2026-03-15 08:00:05.037,-0.50005,0.69249,0.0802,SEVERE_CRITICAL
2026-03-15 08:00:05.038,-0.56676,0.72818,0.27002,SEVERE_CRITICAL
2026-03-15 08:00:05.039,-0.31394,0.74682,0.7678,SEVERE_CRITICAL
2026-03-15 08:00:05.040,-0.24722,0.93312,0.6255,SEVERE_CRITICAL
2026-03-15 08:00:05.041,1.04626,1.32738,1.18865,SEVERE_CRITICAL
2026-03-15 08:00:05.042,0.06873,0.63818,0.27308,SEVERE_CRITICAL
2026-03-15 08:00:05.043,0.22182,0.7162,0.57604,SEVERE_CRITICAL
2026-03-15 08:00:05.044,0.57648,0.71883,0.84042,SEVERE_CRITICAL
2026-03-15 08:00:05.045,1.17304,0.41509,0.80431,SEVERE_CRITICAL
2026-03-15 08:00:05.046,0.97099,0.70161,0.79542,SEVERE_CRITICAL
2026-03-15 08:00:05.047,0.70019,-0.06221,0.68899,SEVERE_CRITICAL
2026-03-15 08:00:05.048,-0.86538,-1.13865,-1.14029,SEVERE_CRITICAL
2026-03-15 08:00:05.049,1.70938,0.77266,1.03372,SEVERE_CRITICAL
2026-03-15 08:00:05.050,1.07265,-0.13958,0.17316,SEVERE_CRITICAL
2026-03-15 08:00:05.051,0.88356,-0.57008,0.15062,SEVERE_CRITICAL
2026-03-15 08:00:05.052,0.81883,-0.0945,0.10581,SEVERE_CRITICAL
2026-03-15 08:00:05.053,0.79623,-0.61221,0.00465,SEVERE_CRITICAL
2026-03-15 08:00:05.054,-0.27414,-0.0809,0.09556,SEVERE_CRITICAL
2026-03-15 08:00:05.055,0.34579,-0.78488,-0.14282,SEVERE_CRITICAL
2026-03-15 08:00:05.056,-0.46604,-1.66842,-1.09441,SEVERE_CRITICAL
2026-03-15 08:00:05.057,0.46896,-1.04482,-0.44155,SEVERE_CRITICAL
2026-03-15 08:00:05.058,1.15146,-0.26757,0.0981,SEVERE_CRITICAL
2026-03-15 08:00:05.059,0.05554,-0.86351,-0.26836,SEVERE_CRITICAL
2026-03-15 08:00:05.060,-0.09717,-1.08148,-0.46045,SEVERE_CRITICAL
2026-03-15 08:00:05.061,-0.29758,-0.70485,-0.45114,SEVERE_CRITICAL
2026-03-15 08:00:05.062,0.06123,-0.53197,-0.46305,SEVERE_CRITICAL
2026-03-15 08:00:05.063,-0.30892,-0.85703,-0.89608,SEVERE_CRITICAL
2026-03-15 08:00:05.064,0.66848,0.23132,0.34675,SEVERE_CRITICAL
2026-03-15 08:00:05.065,-1.53568,-1.03022,-1.37354,SEVERE_CRITICAL
2026-03-15 08:00:05.066,0.03964,-0.0886,-0.21859,SEVERE_CRITICAL
2026-03-15 08:00:05.067,-0.473,-0.65974,-0.43982,SEVERE_CRITICAL
2026-03-15 08:00:05.068,-0.81824,-0.28084,-0.60406,SEVERE_CRITICAL
2026-03-15 08:00:05.069,-0.73428,0.3489,-0.55515,SEVERE_CRITICAL
2026-03-15 08:00:05.070,-0.7126,-0.21819,-0.40061,SEVERE_CRITICAL
2026-03-15 08:00:05.071,-0.75424,0.08071,-0.19816,SEVERE_CRITICAL
2026-03-15 08:00:05.072,0.52055,1.14388,1.14189,SEVERE_CRITICAL
2026-03-15 08:00:05.073,-1.01254,0.15668,-0.32023,SEVERE_CRITICAL
2026-03-15 08:00:05.074,-1.31591,0.03416,-0.36155,SEVERE_CRITICAL
2026-03-15 08:00:05.075,-0.61683,0.81664,0.11072,SEVERE_CRITICAL
2026-03-15 08:00:05.076,-0.83541,0.63292,0.01001,SEVERE_CRITICAL
2026-03-15 08:00:05.077,-0.63519,0.735,0.10583,SEVERE_CRITICAL
2026-03-15 08:00:05.078,-0.14134,0.91878,0.72631,SEVERE_CRITICAL
2026-03-15 08:00:05.079,-0.16238,0.78855,0.88716,SEVERE_CRITICAL
2026-03-15 08:00:05.080,0.10203,1.13427,0.64186,SEVERE_CRITICAL
2026-03-15 08:00:05.081,1.06372,1.48125,1.06341,SEVERE_CRITICAL
2026-03-15 08:00:05.082,0.05468,0.32373,0.29885,SEVERE_CRITICAL
2026-03-15 08:00:05.083,0.43284,0.90752,0.84615,SEVERE_CRITICAL
2026-03-15 08:00:05.084,0.87445,0.79043,0.69452,SEVERE_CRITICAL
2026-03-15 08:00:05.085,0.6995,0.7327,0.87668,SEVERE_CRITICAL
2026-03-15 08:00:05.086,0.63628,0.12502,0.59011,SEVERE_CRITICAL
2026-03-15 08:00:05.087,1.22679,0.55442,0.49244,SEVERE_CRITICAL
2026-03-15 08:00:05.088,-0.66104,-0.56255,-0.86078,SEVERE_CRITICAL
2026-03-15 08:00:05.089,2.05823,0.68058,0.96601,SEVERE_CRITICAL
2026-03-15 08:00:05.090,0.90682,-0.1143,0.41948,SEVERE_CRITICAL
2026-03-15 08:00:05.091,0.95373,-0.26638,-0.35829,SEVERE_CRITICAL
2026-03-15 08:00:05.092,0.59712,-0.74843,0.32195,SEVERE_CRITICAL
2026-03-15 08:00:05.093,0.77967,-0.39064,-0.07323,SEVERE_CRITICAL
2026-03-15 08:00:05.094,0.79044,-0.37331,-0.2164,SEVERE_CRITICAL
2026-03-15 08:00:05.095,0.18013,-0.5674,0.2522,SEVERE_CRITICAL
2026-03-15 08:00:05.096,-0.22056,-1.18389,-1.21471,SEVERE_CRITICAL
2026-03-15 08:00:05.097,0.26436,-0.92556,-0.59824,SEVERE_CRITICAL
2026-03-15 08:00:05.098,0.09191,-0.38962,-0.03552,SEVERE_CRITICAL
2026-03-15 08:00:05.099,-0.04336,-1.28773,-0.47074,SEVERE_CRITICAL
2026-03-15 08:00:05.100,-0.60778,-0.46241,-0.31257,SEVERE_CRITICAL
2026-03-15 08:00:05.101,-0.13395,-0.54386,-0.58909,SEVERE_CRITICAL
2026-03-15 08:00:05.102,-0.21806,-0.524,-1.06295,SEVERE_CRITICAL
2026-03-15 08:00:05.103,-0.42816,-0.65874,-0.57166,SEVERE_CRITICAL
2026-03-15 08:00:05.104,1.01048,-0.17892,0.25508,SEVERE_CRITICAL
2026-03-15 08:00:05.105,-1.91155,-0.82703,-1.42852,SEVERE_CRITICAL
2026-03-15 08:00:05.106,-0.49467,-0.36645,-0.2832,SEVERE_CRITICAL
2026-03-15 08:00:05.107,-0.58857,0.16322,-0.48826,SEVERE_CRITICAL
2026-03-15 08:00:05.108,-1.04936,-0.53655,-0.77412,SEVERE_CRITICAL
2026-03-15 08:00:05.109,-1.24486,-0.21038,-0.41839,SEVERE_CRITICAL
2026-03-15 08:00:05.110,-1.12036,-0.29588,-0.28281,SEVERE_CRITICAL
2026-03-15 08:00:05.111,-1.36872,-0.43768,-0.70011,SEVERE_CRITICAL
2026-03-15 08:00:05.112,0.3487,1.34756,1.05297,SEVERE_CRITICAL
2026-03-15 08:00:05.113,-1.31235,0.37135,-0.67429,SEVERE_CRITICAL
2026-03-15 08:00:05.114,-0.98422,0.60523,-0.50305,SEVERE_CRITICAL
2026-03-15 08:00:05.115,-0.42932,0.66765,0.27962,SEVERE_CRITICAL
2026-03-15 08:00:05.116,-1.16722,0.31209,-0.06343,SEVERE_CRITICAL
2026-03-15 08:00:05.117,-0.79889,0.68629,0.14113,SEVERE_CRITICAL
2026-03-15 08:00:05.118,-0.1794,0.81258,0.19958,SEVERE_CRITICAL
2026-03-15 08:00:05.119,-0.29599,0.76142,0.27171,SEVERE_CRITICAL
2026-03-15 08:00:05.120,-0.40863,0.96509,0.45243,SEVERE_CRITICAL
2026-03-15 08:00:05.121,1.1699,1.08651,1.18234,SEVERE_CRITICAL
2026-03-15 08:00:05.122,0.42748,0.41745,0.29935,SEVERE_CRITICAL
2026-03-15 08:00:05.123,0.31831,0.56205,1.08255,SEVERE_CRITICAL
2026-03-15 08:00:05.124,0.81728,0.7769,0.51757,SEVERE_CRITICAL
2026-03-15 08:00:05.125,0.87513,0.80309,0.91413,SEVERE_CRITICAL
2026-03-15 08:00:05.126,1.11333,0.21431,0.78979,SEVERE_CRITICAL
2026-03-15 08:00:05.127,1.162,-0.08219,0.46953,SEVERE_CRITICAL
2026-03-15 08:00:05.128,-0.51047,-0.7713,-1.21567,SEVERE_CRITICAL
2026-03-15 08:00:05.129,1.94301,0.4973,1.28476,SEVERE_CRITICAL
2026-03-15 08:00:05.130,0.8162,0.01515,0.5621,SEVERE_CRITICAL
2026-03-15 08:00:05.131,0.65654,-0.3565,0.04213,SEVERE_CRITICAL
2026-03-15 08:00:05.132,1.36741,-0.32008,0.13299,SEVERE_CRITICAL
2026-03-15 08:00:05.133,0.55518,-0.43421,0.23104,SEVERE_CRITICAL
2026-03-15 08:00:05.134,0.29684,-0.13644,0.05781,SEVERE_CRITICAL
2026-03-15 08:00:05.135,0.6783,-0.60282,-0.0585,SEVERE_CRITICAL
2026-03-15 08:00:05.136,-0.68669,-1.10697,-1.10566,SEVERE_CRITICAL
2026-03-15 08:00:05.137,0.2437,-0.94292,-0.43809,SEVERE_CRITICAL
2026-03-15 08:00:05.138,0.43225,-0.1595,-0.07717,SEVERE_CRITICAL
2026-03-15 08:00:05.139,-0.15059,-0.8869,-0.57485,SEVERE_CRITICAL
2026-03-15 08:00:05.140,0.18544,-0.78002,-0.16356,SEVERE_CRITICAL
2026-03-15 08:00:05.141,-0.27651,-0.64341,-0.56812,SEVERE_CRITICAL
2026-03-15 08:00:05.142,-0.13362,-0.71374,-0.5614,SEVERE_CRITICAL
2026-03-15 08:00:05.143,-0.01842,-0.8133,-0.4451,SEVERE_CRITICAL
2026-03-15 08:00:05.144,0.45172,0.07923,0.14753,SEVERE_CRITICAL
2026-03-15 08:00:05.145,-1.62749,-1.18943,-1.08417,SEVERE_CRITICAL
2026-03-15 08:00:05.146,-0.37104,-0.00349,-0.36755,SEVERE_CRITICAL
2026-03-15 08:00:05.147,-0.79316,-0.07518,-0.50396,SEVERE_CRITICAL
2026-03-15 08:00:05.148,-1.12035,-0.3231,-0.77445,SEVERE_CRITICAL
2026-03-15 08:00:05.149,-1.40266,-0.01924,-0.37267,SEVERE_CRITICAL
2026-03-15 08:00:05.150,-0.5152,-0.03353,-0.60851,SEVERE_CRITICAL
2026-03-15 08:00:05.151,-0.8186,0.19187,-0.21267,SEVERE_CRITICAL
2026-03-15 08:00:05.152,0.72476,1.24777,0.99823,SEVERE_CRITICAL
2026-03-15 08:00:05.153,-1.146,-0.21141,-0.42271,SEVERE_CRITICAL
2026-03-15 08:00:05.154,-1.054,0.41862,-0.40553,SEVERE_CRITICAL
2026-03-15 08:00:05.155,-0.23569,0.92798,0.00699,SEVERE_CRITICAL
2026-03-15 08:00:05.156,-0.94135,0.48848,0.10658,SEVERE_CRITICAL
2026-03-15 08:00:05.157,-0.84771,1.05614,0.4249,SEVERE_CRITICAL
2026-03-15 08:00:05.158,-0.59901,0.88138,0.35682,SEVERE_CRITICAL
2026-03-15 08:00:05.159,0.01769,1.30534,0.14156,SEVERE_CRITICAL
2026-03-15 08:00:05.160,-0.08273,0.9148,0.31202,SEVERE_CRITICAL
2026-03-15 08:00:05.161,0.81374,1.52251,1.25249,SEVERE_CRITICAL
2026-03-15 08:00:05.162,-0.43082,1.27419,0.40221,SEVERE_CRITICAL
2026-03-15 08:00:05.163,0.67076,0.63045,0.87443,SEVERE_CRITICAL
2026-03-15 08:00:05.164,0.74943,0.3476,0.64348,SEVERE_CRITICAL
2026-03-15 08:00:05.165,1.01114,0.99801,0.79461,SEVERE_CRITICAL
2026-03-15 08:00:05.166,1.2543,0.4351,0.73615,SEVERE_CRITICAL
2026-03-15 08:00:05.167,1.30138,0.68261,0.92356,SEVERE_CRITICAL
2026-03-15 08:00:05.168,-1.01474,-0.98751,-0.89557,SEVERE_CRITICAL
2026-03-15 08:00:05.169,1.70746,0.56961,1.31697,SEVERE_CRITICAL
2026-03-15 08:00:05.170,1.2644,0.24721,0.36123,SEVERE_CRITICAL
2026-03-15 08:00:05.171,0.4092,-0.28828,0.50874,SEVERE_CRITICAL
2026-03-15 08:00:05.172,0.84283,-0.14891,0.43175,SEVERE_CRITICAL
2026-03-15 08:00:05.173,0.80652,-0.4714,-0.07065,SEVERE_CRITICAL
2026-03-15 08:00:05.174,0.05559,-0.79896,-0.0689,SEVERE_CRITICAL
2026-03-15 08:00:05.175,0.86058,-0.61902,-0.15895,SEVERE_CRITICAL
2026-03-15 08:00:05.176,-0.88712,-1.20695,-0.87142,SEVERE_CRITICAL
2026-03-15 08:00:05.177,0.33082,-0.73188,-0.75363,SEVERE_CRITICAL
2026-03-15 08:00:05.178,0.55697,-0.00244,0.27685,SEVERE_CRITICAL
2026-03-15 08:00:05.179,-0.47164,-0.84945,-0.45526,SEVERE_CRITICAL
2026-03-15 08:00:05.180,-0.2007,-1.24516,-0.40588,SEVERE_CRITICAL
2026-03-15 08:00:05.181,-0.27593,-0.87281,-0.50491,SEVERE_CRITICAL
2026-03-15 08:00:05.182,-0.28269,-0.72943,-0.70943,SEVERE_CRITICAL
2026-03-15 08:00:05.183,-0.39009,-1.08073,-0.50668,SEVERE_CRITICAL
2026-03-15 08:00:05.184,-0.10009,-0.01635,0.53158,SEVERE_CRITICAL
2026-03-15 08:00:05.185,-1.76263,-1.033,-1.22353,SEVERE_CRITICAL
2026-03-15 08:00:05.186,-1.28379,-0.41054,-0.95169,SEVERE_CRITICAL
2026-03-15 08:00:05.187,-0.74216,-0.42463,-1.05725,SEVERE_CRITICAL
2026-03-15 08:00:05.188,-0.4672,-0.37163,-0.89549,SEVERE_CRITICAL
2026-03-15 08:00:05.189,-0.52308,-0.63457,-0.81264,SEVERE_CRITICAL
2026-03-15 08:00:05.190,-1.62336,0.2764,-0.51554,SEVERE_CRITICAL
2026-03-15 08:00:05.191,-0.88455,0.07318,-0.41486,SEVERE_CRITICAL
2026-03-15 08:00:05.192,0.75642,1.36463,1.15896,SEVERE_CRITICAL
2026-03-15 08:00:05.193,-1.47487,0.1237,-0.52354,SEVERE_CRITICAL
2026-03-15 08:00:05.194,-1.20332,-0.03514,-0.68875,SEVERE_CRITICAL
2026-03-15 08:00:05.195,-0.3627,0.68286,0.22678,SEVERE_CRITICAL
2026-03-15 08:00:05.196,-1.09745,0.36621,-0.14985,SEVERE_CRITICAL
2026-03-15 08:00:05.197,-0.66144,0.68652,0.43027,SEVERE_CRITICAL
2026-03-15 08:00:05.198,-0.33214,1.363,0.43751,SEVERE_CRITICAL
2026-03-15 08:00:05.199,-0.85995,1.2121,0.17742,SEVERE_CRITICAL
2026-03-15 08:00:05.200,0.06148,0.82145,0.98058,SEVERE_CRITICAL
2026-03-15 08:00:05.201,1.33909,1.28918,1.30416,SEVERE_CRITICAL
2026-03-15 08:00:05.202,0.0403,0.85231,0.3715,SEVERE_CRITICAL
2026-03-15 08:00:05.203,0.38258,0.73117,0.84533,SEVERE_CRITICAL
2026-03-15 08:00:05.204,1.14064,0.88126,0.71363,SEVERE_CRITICAL
2026-03-15 08:00:05.205,0.99709,0.49298,0.91226,SEVERE_CRITICAL
2026-03-15 08:00:05.206,1.66584,0.3992,0.92008,SEVERE_CRITICAL
2026-03-15 08:00:05.207,0.84116,0.29543,0.70766,SEVERE_CRITICAL
2026-03-15 08:00:05.208,-0.78737,-0.42325,-1.01058,SEVERE_CRITICAL
2026-03-15 08:00:05.209,1.9677,0.0502,1.26918,SEVERE_CRITICAL
2026-03-15 08:00:05.210,1.33245,-0.25115,-0.03984,SEVERE_CRITICAL
2026-03-15 08:00:05.211,0.77613,-0.37173,0.30506,SEVERE_CRITICAL
2026-03-15 08:00:05.212,1.53017,-0.39655,0.14947,SEVERE_CRITICAL
2026-03-15 08:00:05.213,0.46087,-0.43889,0.19153,SEVERE_CRITICAL
2026-03-15 08:00:05.214,0.52316,-0.38606,0.0906,SEVERE_CRITICAL
2026-03-15 08:00:05.215,0.59769,-0.81678,-0.156,SEVERE_CRITICAL
2026-03-15 08:00:05.216,-1.31187,-1.32477,-1.13315,SEVERE_CRITICAL
2026-03-15 08:00:05.217,0.10622,-0.77062,-0.41833,SEVERE_CRITICAL
2026-03-15 08:00:05.218,0.63083,-0.43981,-0.19691,SEVERE_CRITICAL
2026-03-15 08:00:05.219,-0.22432,-0.84423,-0.672,SEVERE_CRITICAL
2026-03-15 08:00:05.220,0.23224,-0.89678,-0.39331,SEVERE_CRITICAL
2026-03-15 08:00:05.221,-0.03893,-0.54274,-0.27997,SEVERE_CRITICAL
2026-03-15 08:00:05.222,-0.06546,-1.22846,-0.33307,SEVERE_CRITICAL
2026-03-15 08:00:05.223,0.07322,-0.81381,-0.53275,SEVERE_CRITICAL
2026-03-15 08:00:05.224,0.41721,-0.40561,0.22057,SEVERE_CRITICAL
2026-03-15 08:00:05.225,-1.65498,-1.29797,-1.64503,SEVERE_CRITICAL
2026-03-15 08:00:05.226,-0.62055,-0.3897,-0.57798,SEVERE_CRITICAL
2026-03-15 08:00:05.227,-0.58106,-0.27637,-0.16054,SEVERE_CRITICAL
2026-03-15 08:00:05.228,-0.69331,-0.38958,-0.87259,SEVERE_CRITICAL
2026-03-15 08:00:05.229,-0.85342,-0.16072,-0.69655,SEVERE_CRITICAL
2026-03-15 08:00:05.230,-0.82509,-0.45519,-0.63733,SEVERE_CRITICAL
2026-03-15 08:00:05.231,-0.93325,-0.06092,-0.57294,SEVERE_CRITICAL
2026-03-15 08:00:05.232,0.69763,1.12969,1.37368,SEVERE_CRITICAL
2026-03-15 08:00:05.233,-1.61853,0.21282,-0.50665,SEVERE_CRITICAL
2026-03-15 08:00:05.234,-1.51748,0.32424,-0.62006,SEVERE_CRITICAL
2026-03-15 08:00:05.235,-0.28906,0.50479,-0.00591,SEVERE_CRITICAL
2026-03-15 08:00:05.236,-1.15915,0.40151,0.31167,SEVERE_CRITICAL
2026-03-15 08:00:05.237,-0.46814,0.88937,0.06839,SEVERE_CRITICAL
2026-03-15 08:00:05.238,-0.14137,0.77526,0.52209,SEVERE_CRITICAL
2026-03-15 08:00:05.239,-0.46036,0.8462,0.61492,SEVERE_CRITICAL
2026-03-15 08:00:05.240,0.23611,1.15932,0.39343,SEVERE_CRITICAL
2026-03-15 08:00:05.241,0.84778,1.52343,1.19007,SEVERE_CRITICAL
2026-03-15 08:00:05.242,0.35388,0.11578,0.22922,SEVERE_CRITICAL
2026-03-15 08:00:05.243,0.5316,0.25274,0.59782,SEVERE_CRITICAL
2026-03-15 08:00:05.244,1.00035,0.80909,1.17969,SEVERE_CRITICAL
2026-03-15 08:00:05.245,1.26715,0.69585,0.8236,SEVERE_CRITICAL
2026-03-15 08:00:05.246,1.03057,-0.12711,0.52,SEVERE_CRITICAL
2026-03-15 08:00:05.247,1.09278,0.47222,0.7742,SEVERE_CRITICAL
2026-03-15 08:00:05.248,-0.98,-0.77716,-0.67477,SEVERE_CRITICAL
2026-03-15 08:00:05.249,2.10307,0.72807,1.10182,SEVERE_CRITICAL
2026-03-15 08:00:05.250,1.34588,-0.0998,0.54024,SEVERE_CRITICAL
2026-03-15 08:00:05.251,0.90723,-0.41172,0.00882,SEVERE_CRITICAL
2026-03-15 08:00:05.252,0.9894,-0.08671,0.23179,SEVERE_CRITICAL
2026-03-15 08:00:05.253,1.03894,-0.32275,0.04618,SEVERE_CRITICAL
2026-03-15 08:00:05.254,1.06857,-0.66049,0.29447,SEVERE_CRITICAL
2026-03-15 08:00:05.255,0.71934,-0.62835,-0.23826,SEVERE_CRITICAL
2026-03-15 08:00:05.256,-0.68618,-1.4517,-1.39815,SEVERE_CRITICAL
2026-03-15 08:00:05.257,-0.00056,-1.09368,-0.38681,SEVERE_CRITICAL
2026-03-15 08:00:05.258,1.0327,-0.75236,0.39726,SEVERE_CRITICAL
2026-03-15 08:00:05.259,-0.10214,-1.10374,-0.3972,SEVERE_CRITICAL
2026-03-15 08:00:05.260,-0.12352,-0.78218,-0.52258,SEVERE_CRITICAL
2026-03-15 08:00:05.261,-0.29858,-0.56062,-0.51664,SEVERE_CRITICAL
2026-03-15 08:00:05.262,-0.65667,-0.63193,-0.80558,SEVERE_CRITICAL
2026-03-15 08:00:05.263,-0.66749,-0.43833,-0.82311,SEVERE_CRITICAL
2026-03-15 08:00:05.264,0.02026,0.18351,0.30036,SEVERE_CRITICAL
2026-03-15 08:00:05.265,-1.59499,-1.31288,-1.44421,SEVERE_CRITICAL
2026-03-15 08:00:05.266,-0.64318,-0.04942,-0.7311,SEVERE_CRITICAL
2026-03-15 08:00:05.267,-0.62238,-0.29231,-0.77489,SEVERE_CRITICAL
2026-03-15 08:00:05.268,-1.30545,-0.21496,-0.96419,SEVERE_CRITICAL
2026-03-15 08:00:05.269,-1.12394,-0.03202,-0.60646,SEVERE_CRITICAL
2026-03-15 08:00:05.270,-1.5622,0.27792,-0.70778,SEVERE_CRITICAL
2026-03-15 08:00:05.271,-1.22148,0.06627,-0.42398,SEVERE_CRITICAL
2026-03-15 08:00:05.272,1.28101,0.94901,1.32247,SEVERE_CRITICAL
2026-03-15 08:00:05.273,-1.16245,0.1117,-0.44287,SEVERE_CRITICAL
2026-03-15 08:00:05.274,-1.02492,-0.01167,-0.11295,SEVERE_CRITICAL
2026-03-15 08:00:05.275,-1.12084,0.5155,0.06851,SEVERE_CRITICAL
2026-03-15 08:00:05.276,-0.30604,0.65989,0.00244,SEVERE_CRITICAL
2026-03-15 08:00:05.277,-0.23,0.80532,-0.03217,SEVERE_CRITICAL
2026-03-15 08:00:05.278,-0.51504,1.31447,0.39261,SEVERE_CRITICAL
2026-03-15 08:00:05.279,0.31324,1.19434,0.35451,SEVERE_CRITICAL
2026-03-15 08:00:05.280,0.0143,0.8409,0.47692,SEVERE_CRITICAL
2026-03-15 08:00:05.281,2.23986,1.75905,1.54625,SEVERE_CRITICAL
2026-03-15 08:00:05.282,-0.19231,1.06668,0.6065,SEVERE_CRITICAL
2026-03-15 08:00:05.283,1.21367,1.37232,0.59431,SEVERE_CRITICAL
2026-03-15 08:00:05.284,0.53592,0.58057,0.7121,SEVERE_CRITICAL
2026-03-15 08:00:05.285,0.95419,0.4736,1.18887,SEVERE_CRITICAL
2026-03-15 08:00:05.286,1.57075,0.50165,1.19033,SEVERE_CRITICAL
2026-03-15 08:00:05.287,1.50791,0.22826,0.33951,SEVERE_CRITICAL
2026-03-15 08:00:05.288,-0.7956,-1.16186,-0.92586,SEVERE_CRITICAL
2026-03-15 08:00:05.289,1.90535,0.51871,1.33391,SEVERE_CRITICAL
2026-03-15 08:00:05.290,0.73247,-0.03845,0.36518,SEVERE_CRITICAL
2026-03-15 08:00:05.291,0.8832,-0.1616,-0.06158,SEVERE_CRITICAL
2026-03-15 08:00:05.292,0.95479,-0.35394,0.22172,SEVERE_CRITICAL
2026-03-15 08:00:05.293,1.06498,-0.67933,-0.00337,SEVERE_CRITICAL
2026-03-15 08:00:05.294,0.50107,-0.32817,-0.09395,SEVERE_CRITICAL
2026-03-15 08:00:05.295,0.7431,-0.16453,-0.08327,SEVERE_CRITICAL
2026-03-15 08:00:05.296,-0.35184,-1.02748,-0.96874,SEVERE_CRITICAL
2026-03-15 08:00:05.297,0.0589,-0.76947,-0.76394,SEVERE_CRITICAL
2026-03-15 08:00:05.298,0.46211,-0.62284,0.50778,SEVERE_CRITICAL
2026-03-15 08:00:05.299,-0.29648,-1.09254,-0.76165,SEVERE_CRITICAL
2026-03-15 08:00:05.300,0.15861,-0.74595,-0.23885,SEVERE_CRITICAL
2026-03-15 08:00:05.301,0.11576,-1.08049,-0.6322,SEVERE_CRITICAL
2026-03-15 08:00:05.302,0.12295,-0.82783,-0.34878,SEVERE_CRITICAL
2026-03-15 08:00:05.303,-0.39826,-0.9691,-0.6647,SEVERE_CRITICAL
2026-03-15 08:00:05.304,0.39213,-0.10581,0.39811,SEVERE_CRITICAL
2026-03-15 08:00:05.305,-1.41512,-1.64521,-1.51865,SEVERE_CRITICAL
2026-03-15 08:00:05.306,-0.61335,-0.56515,-0.43005,SEVERE_CRITICAL
2026-03-15 08:00:05.307,-0.92013,-0.12018,-0.40532,SEVERE_CRITICAL
2026-03-15 08:00:05.308,-0.70654,-0.58474,-0.97975,SEVERE_CRITICAL
2026-03-15 08:00:05.309,-0.95383,-0.28395,-0.74884,SEVERE_CRITICAL
2026-03-15 08:00:05.310,-1.42108,-0.14852,-0.69879,SEVERE_CRITICAL
2026-03-15 08:00:05.311,-0.93797,0.16713,-0.33834,SEVERE_CRITICAL
2026-03-15 08:00:05.312,0.3746,1.45885,1.02724,SEVERE_CRITICAL
2026-03-15 08:00:05.313,-1.74622,0.04519,-0.39402,SEVERE_CRITICAL
2026-03-15 08:00:05.314,-1.41839,0.70492,-0.35295,SEVERE_CRITICAL
2026-03-15 08:00:05.315,-0.8159,1.08309,0.20963,SEVERE_CRITICAL
2026-03-15 08:00:05.316,-1.12884,1.20186,0.06136,SEVERE_CRITICAL
2026-03-15 08:00:05.317,-0.63891,0.6884,0.43928,SEVERE_CRITICAL
2026-03-15 08:00:05.318,-0.25943,1.16385,0.28533,SEVERE_CRITICAL
2026-03-15 08:00:05.319,0.00694,1.26384,0.35759,SEVERE_CRITICAL
2026-03-15 08:00:05.320,-0.4062,1.20909,0.30587,SEVERE_CRITICAL
2026-03-15 08:00:05.321,1.04358,1.43696,1.64677,SEVERE_CRITICAL
2026-03-15 08:00:05.322,-0.12666,0.98095,0.2998,SEVERE_CRITICAL
2026-03-15 08:00:05.323,0.98778,1.45873,0.68931,SEVERE_CRITICAL
2026-03-15 08:00:05.324,0.94972,1.50938,0.93054,SEVERE_CRITICAL
2026-03-15 08:00:05.325,0.90096,0.81556,0.80765,SEVERE_CRITICAL
2026-03-15 08:00:05.326,0.56747,0.79123,0.42031,SEVERE_CRITICAL
2026-03-15 08:00:05.327,0.99388,0.63888,0.67954,SEVERE_CRITICAL
2026-03-15 08:00:05.328,-0.93347,-0.80416,-1.14484,SEVERE_CRITICAL
2026-03-15 08:00:05.329,1.56299,0.57762,1.21514,SEVERE_CRITICAL
2026-03-15 08:00:05.330,0.73941,0.01611,0.55571,SEVERE_CRITICAL
2026-03-15 08:00:05.331,0.74321,-0.47005,0.28047,SEVERE_CRITICAL
2026-03-15 08:00:05.332,1.39985,-0.40281,0.46189,SEVERE_CRITICAL
2026-03-15 08:00:05.333,0.99257,-0.30188,0.11679,SEVERE_CRITICAL
2026-03-15 08:00:05.334,0.45363,-0.71693,0.07294,SEVERE_CRITICAL
2026-03-15 08:00:05.335,1.15252,-0.77223,0.0928,SEVERE_CRITICAL
2026-03-15 08:00:05.336,-0.76547,-1.42703,-0.88201,SEVERE_CRITICAL
2026-03-15 08:00:05.337,0.28902,-1.24814,-0.63405,SEVERE_CRITICAL
2026-03-15 08:00:05.338,1.05788,-0.45566,-0.17115,SEVERE_CRITICAL
2026-03-15 08:00:05.339,-0.30353,-0.73885,-0.36383,SEVERE_CRITICAL
2026-03-15 08:00:05.340,0.00518,-0.18748,-0.29718,SEVERE_CRITICAL
2026-03-15 08:00:05.341,-0.14725,-0.96591,-0.68085,SEVERE_CRITICAL
2026-03-15 08:00:05.342,-0.1726,-0.91658,-0.25721,SEVERE_CRITICAL
2026-03-15 08:00:05.343,0.06225,-0.59566,-0.85764,SEVERE_CRITICAL
2026-03-15 08:00:05.344,0.47603,0.33499,0.24242,SEVERE_CRITICAL
2026-03-15 08:00:05.345,-1.26005,-1.1662,-1.53065,SEVERE_CRITICAL
2026-03-15 08:00:05.346,-0.66347,-0.44239,-0.43012,SEVERE_CRITICAL
2026-03-15 08:00:05.347,-0.48043,-0.6841,-0.71026,SEVERE_CRITICAL
2026-03-15 08:00:05.348,-1.05201,-0.31055,-0.9898,SEVERE_CRITICAL
2026-03-15 08:00:05.349,-1.38298,-0.08629,-0.95141,SEVERE_CRITICAL
2026-03-15 08:00:05.350,-0.73521,-0.18018,-0.94779,SEVERE_CRITICAL
2026-03-15 08:00:05.351,-1.29943,0.10015,-0.67915,SEVERE_CRITICAL
2026-03-15 08:00:05.352,0.73918,1.56461,1.1424,SEVERE_CRITICAL
2026-03-15 08:00:05.353,-1.69974,0.07994,-0.32931,SEVERE_CRITICAL
2026-03-15 08:00:05.354,-0.84588,-0.16837,-0.24748,SEVERE_CRITICAL
2026-03-15 08:00:05.355,-0.64765,1.04731,0.00865,SEVERE_CRITICAL
2026-03-15 08:00:05.356,-1.39804,0.91228,-0.18263,SEVERE_CRITICAL
2026-03-15 08:00:05.357,-1.06486,0.58817,0.33077,SEVERE_CRITICAL
2026-03-15 08:00:05.358,-0.37588,1.22767,0.5326,SEVERE_CRITICAL
2026-03-15 08:00:05.359,-0.36044,1.04719,0.39765,SEVERE_CRITICAL
2026-03-15 08:00:05.360,-0.0617,0.84972,0.71543,SEVERE_CRITICAL
2026-03-15 08:00:05.361,1.33053,1.3718,1.69002,SEVERE_CRITICAL
2026-03-15 08:00:05.362,0.02313,0.78917,0.06611,SEVERE_CRITICAL
2026-03-15 08:00:05.363,0.18431,1.01238,1.08572,SEVERE_CRITICAL
2026-03-15 08:00:05.364,0.68682,1.27339,1.08799,SEVERE_CRITICAL
2026-03-15 08:00:05.365,0.63585,0.64455,1.32738,SEVERE_CRITICAL
2026-03-15 08:00:05.366,0.7159,0.65771,0.77506,SEVERE_CRITICAL
2026-03-15 08:00:05.367,1.34638,0.6682,0.68817,SEVERE_CRITICAL
2026-03-15 08:00:05.368,-0.40338,-0.47476,-0.96631,SEVERE_CRITICAL
2026-03-15 08:00:05.369,2.18156,0.36915,1.27733,SEVERE_CRITICAL
2026-03-15 08:00:05.370,1.06988,0.05678,0.72082,SEVERE_CRITICAL
2026-03-15 08:00:05.371,0.83479,-0.02148,0.50712,SEVERE_CRITICAL
2026-03-15 08:00:05.372,1.32844,-0.47085,0.20947,SEVERE_CRITICAL
2026-03-15 08:00:05.373,0.60751,-0.29055,-0.1393,SEVERE_CRITICAL
2026-03-15 08:00:05.374,0.9332,-0.88808,0.17423,SEVERE_CRITICAL
2026-03-15 08:00:05.375,0.64532,-0.33223,0.16464,SEVERE_CRITICAL
2026-03-15 08:00:05.376,-0.25013,-1.11181,-1.17611,SEVERE_CRITICAL
2026-03-15 08:00:05.377,-0.27133,-1.2265,-0.95965,SEVERE_CRITICAL
2026-03-15 08:00:05.378,0.38401,-0.48646,-0.05643,SEVERE_CRITICAL
2026-03-15 08:00:05.379,-0.11937,-0.80678,-0.63955,SEVERE_CRITICAL
2026-03-15 08:00:05.380,-0.33281,-0.8284,-0.66117,SEVERE_CRITICAL
2026-03-15 08:00:05.381,-0.15904,-0.44279,-0.54988,SEVERE_CRITICAL
2026-03-15 08:00:05.382,0.25035,-0.45168,-0.73058,SEVERE_CRITICAL
2026-03-15 08:00:05.383,-0.70183,-0.7816,-0.39142,SEVERE_CRITICAL
2026-03-15 08:00:05.384,0.53003,0.24829,0.60732,SEVERE_CRITICAL
2026-03-15 08:00:05.385,-1.84258,-1.4769,-1.41876,SEVERE_CRITICAL
2026-03-15 08:00:05.386,-0.42613,-0.6033,-0.55443,SEVERE_CRITICAL
2026-03-15 08:00:05.387,-0.81962,-0.87151,-0.51184,SEVERE_CRITICAL
2026-03-15 08:00:05.388,-1.22983,-1.18944,-0.8261,SEVERE_CRITICAL
2026-03-15 08:00:05.389,-1.24233,0.16901,-0.77809,SEVERE_CRITICAL
2026-03-15 08:00:05.390,-1.46146,-0.01578,-0.78342,SEVERE_CRITICAL
2026-03-15 08:00:05.391,-1.41685,0.13557,-0.79997,SEVERE_CRITICAL
2026-03-15 08:00:05.392,0.29749,1.83845,1.31607,SEVERE_CRITICAL
2026-03-15 08:00:05.393,-1.53309,0.1583,-0.52392,SEVERE_CRITICAL
2026-03-15 08:00:05.394,-1.0739,0.15017,-0.40213,SEVERE_CRITICAL
2026-03-15 08:00:05.395,-0.88998,0.78587,0.15586,SEVERE_CRITICAL
2026-03-15 08:00:05.396,-0.90092,0.97093,0.11293,SEVERE_CRITICAL
2026-03-15 08:00:05.397,-1.12405,0.5905,0.13469,SEVERE_CRITICAL
2026-03-15 08:00:05.398,0.12204,0.83797,0.36001,SEVERE_CRITICAL
2026-03-15 08:00:05.399,-0.40286,0.94652,0.55092,SEVERE_CRITICAL
2026-03-15 08:00:05.400,0.42023,1.23062,0.48017,SEVERE_CRITICAL
2026-03-15 08:00:05.401,1.85641,1.62509,1.33021,SEVERE_CRITICAL
2026-03-15 08:00:05.402,0.41759,0.6274,0.77741,SEVERE_CRITICAL
2026-03-15 08:00:05.403,0.46846,1.36222,0.98486,SEVERE_CRITICAL
2026-03-15 08:00:05.404,1.29078,1.36007,0.71796,SEVERE_CRITICAL
2026-03-15 08:00:05.405,1.3067,0.29053,0.61477,SEVERE_CRITICAL
2026-03-15 08:00:05.406,0.86285,0.66558,0.86643,SEVERE_CRITICAL
2026-03-15 08:00:05.407,1.11221,0.39591,0.90887,SEVERE_CRITICAL
2026-03-15 08:00:05.408,-0.53113,-0.76254,-0.60281,SEVERE_CRITICAL
2026-03-15 08:00:05.409,1.97866,0.39032,1.42416,SEVERE_CRITICAL
2026-03-15 08:00:05.410,0.80082,-0.32015,0.69319,SEVERE_CRITICAL
2026-03-15 08:00:05.411,0.84986,-0.72388,-0.11828,SEVERE_CRITICAL
2026-03-15 08:00:05.412,1.11516,-0.05607,0.58089,SEVERE_CRITICAL
2026-03-15 08:00:05.413,0.89933,-0.02419,0.09169,SEVERE_CRITICAL
2026-03-15 08:00:05.414,0.70697,-1.28924,-0.0907,SEVERE_CRITICAL
2026-03-15 08:00:05.415,0.9115,-0.27976,-0.24917,SEVERE_CRITICAL
2026-03-15 08:00:05.416,-0.53937,-1.23518,-1.22043,SEVERE_CRITICAL
2026-03-15 08:00:05.417,-0.61547,-0.91673,-0.37458,SEVERE_CRITICAL
2026-03-15 08:00:05.418,0.4292,-0.58246,-0.18754,SEVERE_CRITICAL
2026-03-15 08:00:05.419,-0.84493,-0.68509,-0.58809,SEVERE_CRITICAL
2026-03-15 08:00:05.420,0.48463,-0.61127,-0.55989,SEVERE_CRITICAL
2026-03-15 08:00:05.421,-0.10596,-0.6524,-0.29909,SEVERE_CRITICAL
2026-03-15 08:00:05.422,-0.18327,-0.54486,-0.68598,SEVERE_CRITICAL
2026-03-15 08:00:05.423,-0.68253,-0.80141,-0.60113,SEVERE_CRITICAL
2026-03-15 08:00:05.424,0.31488,-0.33259,0.44983,SEVERE_CRITICAL
2026-03-15 08:00:05.425,-1.76181,-1.37123,-1.66974,SEVERE_CRITICAL
2026-03-15 08:00:05.426,-0.02095,-0.11396,-0.75694,SEVERE_CRITICAL
2026-03-15 08:00:05.427,-0.9784,-0.26582,-0.55793,SEVERE_CRITICAL
2026-03-15 08:00:05.428,-1.12192,-0.7886,-0.98327,SEVERE_CRITICAL
2026-03-15 08:00:05.429,-1.20075,-0.19297,-0.30658,SEVERE_CRITICAL
2026-03-15 08:00:05.430,-1.3675,-0.41364,-0.68234,SEVERE_CRITICAL
2026-03-15 08:00:05.431,-0.89429,-0.36882,-0.28429,SEVERE_CRITICAL
2026-03-15 08:00:05.432,0.67961,1.22904,0.86409,SEVERE_CRITICAL
2026-03-15 08:00:05.433,-1.26646,0.11973,-0.6043,SEVERE_CRITICAL
2026-03-15 08:00:05.434,-1.66672,0.26814,-0.59091,SEVERE_CRITICAL
2026-03-15 08:00:05.435,-0.78672,0.67621,-0.20539,SEVERE_CRITICAL
2026-03-15 08:00:05.436,-0.0824,0.44605,0.05047,SEVERE_CRITICAL
2026-03-15 08:00:05.437,-1.22892,0.43628,0.23777,SEVERE_CRITICAL
2026-03-15 08:00:05.438,-0.38172,1.40545,0.49768,SEVERE_CRITICAL
2026-03-15 08:00:05.439,-0.29296,0.8633,0.84602,SEVERE_CRITICAL
2026-03-15 08:00:05.440,0.28485,0.81293,0.67072,SEVERE_CRITICAL
2026-03-15 08:00:05.441,1.08919,1.54442,1.64198,SEVERE_CRITICAL
2026-03-15 08:00:05.442,0.25253,0.7156,0.37981,SEVERE_CRITICAL
2026-03-15 08:00:05.443,1.20525,1.26108,0.9774,SEVERE_CRITICAL
2026-03-15 08:00:05.444,0.42029,0.9819,1.12611,SEVERE_CRITICAL
2026-03-15 08:00:05.445,0.09574,0.7306,0.76355,SEVERE_CRITICAL
2026-03-15 08:00:05.446,1.05977,0.3106,0.84548,SEVERE_CRITICAL
2026-03-15 08:00:05.447,1.6154,0.24916,1.0087,SEVERE_CRITICAL
2026-03-15 08:00:05.448,-0.98025,-0.85584,-0.99308,SEVERE_CRITICAL
2026-03-15 08:00:05.449,2.12854,0.53248,1.45441,SEVERE_CRITICAL
2026-03-15 08:00:05.450,0.37833,-0.52129,0.58227,SEVERE_CRITICAL
2026-03-15 08:00:05.451,0.27705,-0.56069,0.19025,SEVERE_CRITICAL
2026-03-15 08:00:05.452,0.86693,-0.53853,0.40736,SEVERE_CRITICAL
2026-03-15 08:00:05.453,1.19577,-0.80296,-0.00795,SEVERE_CRITICAL
2026-03-15 08:00:05.454,0.53869,-1.27849,0.03483,SEVERE_CRITICAL
2026-03-15 08:00:05.455,0.95629,-0.42904,-0.26345,SEVERE_CRITICAL
2026-03-15 08:00:05.456,-1.07083,-1.52397,-1.06018,SEVERE_CRITICAL
2026-03-15 08:00:05.457,0.12802,-0.92312,-0.29758,SEVERE_CRITICAL
2026-03-15 08:00:05.458,0.49852,-0.58811,0.40974,SEVERE_CRITICAL
2026-03-15 08:00:05.459,-0.12652,-1.30229,-0.74332,SEVERE_CRITICAL
2026-03-15 08:00:05.460,-0.29084,-0.75555,-0.6892,SEVERE_CRITICAL
2026-03-15 08:00:05.461,0.00129,-1.00938,-0.97636,SEVERE_CRITICAL
2026-03-15 08:00:05.462,-0.19174,-0.80821,-0.52321,SEVERE_CRITICAL
2026-03-15 08:00:05.463,-0.59646,-1.00676,-0.57096,SEVERE_CRITICAL
2026-03-15 08:00:05.464,1.15642,0.0098,0.44577,SEVERE_CRITICAL
2026-03-15 08:00:05.465,-1.76407,-1.75861,-1.40864,SEVERE_CRITICAL
2026-03-15 08:00:05.466,-0.21359,-0.2631,-0.54524,SEVERE_CRITICAL
2026-03-15 08:00:05.467,-0.64792,-0.2599,-0.34811,SEVERE_CRITICAL
2026-03-15 08:00:05.468,-0.82363,-0.48678,-1.13941,SEVERE_CRITICAL
2026-03-15 08:00:05.469,-1.01675,-0.20254,-0.52975,SEVERE_CRITICAL
2026-03-15 08:00:05.470,-0.76004,-0.17591,-0.21445,SEVERE_CRITICAL
2026-03-15 08:00:05.471,-1.7827,0.11783,-0.78136,SEVERE_CRITICAL
2026-03-15 08:00:05.472,0.13649,1.38546,0.89904,SEVERE_CRITICAL
2026-03-15 08:00:05.473,-1.56086,0.1784,-0.40746,SEVERE_CRITICAL
2026-03-15 08:00:05.474,-1.88869,0.60097,-0.47338,SEVERE_CRITICAL
2026-03-15 08:00:05.475,-0.45201,0.75192,-0.16753,SEVERE_CRITICAL
2026-03-15 08:00:05.476,-1.31638,0.47426,0.1169,SEVERE_CRITICAL
2026-03-15 08:00:05.477,-0.23839,0.82561,0.35917,SEVERE_CRITICAL
2026-03-15 08:00:05.478,-0.92117,1.14704,0.5668,SEVERE_CRITICAL
2026-03-15 08:00:05.479,-0.70556,1.07939,0.69224,SEVERE_CRITICAL
2026-03-15 08:00:05.480,-0.91925,1.51695,0.75381,SEVERE_CRITICAL
2026-03-15 08:00:05.481,1.28469,1.55411,1.12286,SEVERE_CRITICAL
2026-03-15 08:00:05.482,0.1684,0.76144,0.45957,SEVERE_CRITICAL
2026-03-15 08:00:05.483,1.10088,1.24138,1.40319,SEVERE_CRITICAL
2026-03-15 08:00:05.484,0.9877,0.72556,0.95411,SEVERE_CRITICAL
2026-03-15 08:00:05.485,1.09319,0.95001,0.54857,SEVERE_CRITICAL
2026-03-15 08:00:05.486,1.15346,0.98912,0.84246,SEVERE_CRITICAL
2026-03-15 08:00:05.487,1.50405,0.50529,1.02748,SEVERE_CRITICAL
2026-03-15 08:00:05.488,-0.98611,-1.28159,-0.9957,SEVERE_CRITICAL
2026-03-15 08:00:05.489,1.57262,0.46517,1.39305,SEVERE_CRITICAL
2026-03-15 08:00:05.490,1.75616,-0.04441,0.64021,SEVERE_CRITICAL
2026-03-15 08:00:05.491,1.29465,-0.68763,0.17107,SEVERE_CRITICAL
2026-03-15 08:00:05.492,1.90947,-0.38618,0.60148,SEVERE_CRITICAL
2026-03-15 08:00:05.493,1.20638,-0.95895,0.18744,SEVERE_CRITICAL
2026-03-15 08:00:05.494,0.82676,-0.56705,-0.16225,SEVERE_CRITICAL
2026-03-15 08:00:05.495,0.32809,-0.83831,-0.09825,SEVERE_CRITICAL
2026-03-15 08:00:05.496,-0.31355,-1.06668,-0.94776,SEVERE_CRITICAL
2026-03-15 08:00:05.497,0.35616,-1.28798,-0.64443,SEVERE_CRITICAL
2026-03-15 08:00:05.498,0.80495,-0.71347,0.1811,SEVERE_CRITICAL
2026-03-15 08:00:05.499,0.16271,-0.84304,-0.38189,SEVERE_CRITICAL
2026-03-15 08:00:05.500,-0.28645,-0.61591,-0.65908,SEVERE_CRITICAL
2026-03-15 08:00:05.501,-0.38296,-0.68889,-0.25652,SEVERE_CRITICAL
2026-03-15 08:00:05.502,-0.13783,-0.85891,-0.57964,SEVERE_CRITICAL
2026-03-15 08:00:05.503,-0.35216,-1.12091,-0.94754,SEVERE_CRITICAL
2026-03-15 08:00:05.504,0.66386,0.02243,0.35478,SEVERE_CRITICAL
2026-03-15 08:00:05.505,-1.47535,-1.43133,-1.52,SEVERE_CRITICAL
2026-03-15 08:00:05.506,-0.55442,0.03071,-0.49998,SEVERE_CRITICAL
2026-03-15 08:00:05.507,-0.10729,-0.41166,-0.76332,SEVERE_CRITICAL
2026-03-15 08:00:05.508,-1.43953,-0.90335,-1.09158,SEVERE_CRITICAL
2026-03-15 08:00:05.509,-1.3671,-0.16943,-0.81577,SEVERE_CRITICAL
2026-03-15 08:00:05.510,-1.14649,0.19312,-0.70605,SEVERE_CRITICAL
2026-03-15 08:00:05.511,-0.59684,-0.31145,-0.65287,SEVERE_CRITICAL
2026-03-15 08:00:05.512,0.55909,1.71199,0.72886,SEVERE_CRITICAL
2026-03-15 08:00:05.513,-1.99875,0.14508,-0.3167,SEVERE_CRITICAL
2026-03-15 08:00:05.514,-1.37222,0.00207,-0.77018,SEVERE_CRITICAL
2026-03-15 08:00:05.515,-0.25713,0.71443,-0.08593,SEVERE_CRITICAL
2026-03-15 08:00:05.516,-0.48233,1.10892,0.29785,SEVERE_CRITICAL
2026-03-15 08:00:05.517,-1.01798,0.58149,0.25579,SEVERE_CRITICAL
2026-03-15 08:00:05.518,-0.3464,1.22022,0.7594,SEVERE_CRITICAL
2026-03-15 08:00:05.519,-0.81158,1.39035,0.30068,SEVERE_CRITICAL
2026-03-15 08:00:05.520,0.27384,1.05554,0.50757,SEVERE_CRITICAL
2026-03-15 08:00:05.521,0.87973,1.3002,1.53468,SEVERE_CRITICAL
2026-03-15 08:00:05.522,-0.24293,1.01572,0.60839,SEVERE_CRITICAL
2026-03-15 08:00:05.523,1.31535,1.15845,1.11722,SEVERE_CRITICAL
2026-03-15 08:00:05.524,1.40675,0.75696,0.68106,SEVERE_CRITICAL
2026-03-15 08:00:05.525,1.04665,0.30473,1.44026,SEVERE_CRITICAL
2026-03-15 08:00:05.526,1.64103,1.1607,0.92726,SEVERE_CRITICAL
2026-03-15 08:00:05.527,1.41242,0.25553,1.03197,SEVERE_CRITICAL
2026-03-15 08:00:05.528,-1.12131,-1.77247,-1.18476,SEVERE_CRITICAL
2026-03-15 08:00:05.529,1.62204,0.94798,1.76725,SEVERE_CRITICAL
2026-03-15 08:00:05.530,0.76672,0.19788,0.72667,SEVERE_CRITICAL
2026-03-15 08:00:05.531,0.4426,-0.54362,0.08229,SEVERE_CRITICAL
2026-03-15 08:00:05.532,1.40762,-0.70918,0.33912,SEVERE_CRITICAL
2026-03-15 08:00:05.533,0.69958,-0.44414,0.07249,SEVERE_CRITICAL
2026-03-15 08:00:05.534,0.62369,-0.7271,0.46398,SEVERE_CRITICAL
2026-03-15 08:00:05.535,0.55994,-1.01021,0.05345,SEVERE_CRITICAL
2026-03-15 08:00:05.536,-0.73868,-1.96811,-0.7696,SEVERE_CRITICAL
2026-03-15 08:00:05.537,-0.02548,-1.14061,-0.52679,SEVERE_CRITICAL
2026-03-15 08:00:05.538,1.3085,-1.01779,0.11356,SEVERE_CRITICAL
2026-03-15 08:00:05.539,0.60942,-0.97074,-0.89932,SEVERE_CRITICAL
2026-03-15 08:00:05.540,-0.19995,-0.82748,-0.21377,SEVERE_CRITICAL
2026-03-15 08:00:05.541,-0.19667,-0.62175,-0.86206,SEVERE_CRITICAL
2026-03-15 08:00:05.542,-0.76545,-1.01448,-0.33542,SEVERE_CRITICAL
2026-03-15 08:00:05.543,-0.38106,-0.75393,-0.62206,SEVERE_CRITICAL
2026-03-15 08:00:05.544,1.05263,-0.17313,0.50718,SEVERE_CRITICAL
2026-03-15 08:00:05.545,-1.98526,-0.84912,-1.85272,SEVERE_CRITICAL
2026-03-15 08:00:05.546,-0.80707,-0.32073,-0.51211,SEVERE_CRITICAL
2026-03-15 08:00:05.547,-0.76273,-0.45453,-0.97823,SEVERE_CRITICAL
2026-03-15 08:00:05.548,-0.6518,-0.27642,-0.57863,SEVERE_CRITICAL
2026-03-15 08:00:05.549,-1.28087,-0.16693,-0.66793,SEVERE_CRITICAL
2026-03-15 08:00:05.550,-0.8634,0.16369,-0.65622,SEVERE_CRITICAL
2026-03-15 08:00:05.551,-1.77759,0.49895,-0.50498,SEVERE_CRITICAL
2026-03-15 08:00:05.552,0.53241,1.5901,0.89554,SEVERE_CRITICAL
2026-03-15 08:00:05.553,-1.22329,-0.22788,-0.72433,SEVERE_CRITICAL
2026-03-15 08:00:05.554,-1.3911,0.66485,-0.48659,SEVERE_CRITICAL
2026-03-15 08:00:05.555,-0.60177,0.89148,0.11825,SEVERE_CRITICAL
2026-03-15 08:00:05.556,-0.94464,0.79898,-0.37109,SEVERE_CRITICAL
2026-03-15 08:00:05.557,-0.97908,1.08336,0.17373,SEVERE_CRITICAL
2026-03-15 08:00:05.558,-0.51358,1.05355,0.23967,SEVERE_CRITICAL
2026-03-15 08:00:05.559,-0.42306,1.09445,0.55827,SEVERE_CRITICAL
2026-03-15 08:00:05.560,0.1285,1.15806,0.46811,SEVERE_CRITICAL
2026-03-15 08:00:05.561,0.63307,2.44472,1.29184,SEVERE_CRITICAL
2026-03-15 08:00:05.562,-0.16131,0.96348,0.55982,SEVERE_CRITICAL
2026-03-15 08:00:05.563,0.95944,0.95611,1.07432,SEVERE_CRITICAL
2026-03-15 08:00:05.564,0.99626,0.8592,1.09095,SEVERE_CRITICAL
2026-03-15 08:00:05.565,1.34794,0.70048,0.90353,SEVERE_CRITICAL
2026-03-15 08:00:05.566,1.54687,0.84919,1.29445,SEVERE_CRITICAL
2026-03-15 08:00:05.567,0.6842,0.64068,0.98794,SEVERE_CRITICAL
2026-03-15 08:00:05.568,-1.02061,-1.01942,-0.77229,SEVERE_CRITICAL
2026-03-15 08:00:05.569,1.85282,0.67429,1.58012,SEVERE_CRITICAL
2026-03-15 08:00:05.570,0.89035,-0.19806,0.59172,SEVERE_CRITICAL
2026-03-15 08:00:05.571,0.70644,-0.68999,0.18745,SEVERE_CRITICAL
2026-03-15 08:00:05.572,1.45235,-0.20091,0.16958,SEVERE_CRITICAL
2026-03-15 08:00:05.573,1.15327,-0.81862,-0.24674,SEVERE_CRITICAL
2026-03-15 08:00:05.574,0.69122,-0.36769,0.15585,SEVERE_CRITICAL
2026-03-15 08:00:05.575,0.70742,-0.85575,-0.1697,SEVERE_CRITICAL
2026-03-15 08:00:05.576,-0.66091,-1.9042,-1.37081,SEVERE_CRITICAL
2026-03-15 08:00:05.577,0.02139,-1.43417,-0.76527,SEVERE_CRITICAL
2026-03-15 08:00:05.578,0.89614,-0.56716,-0.02222,SEVERE_CRITICAL
2026-03-15 08:00:05.579,-0.36552,-0.58281,-0.8242,SEVERE_CRITICAL
2026-03-15 08:00:05.580,0.08303,-1.03853,-0.51669,SEVERE_CRITICAL
2026-03-15 08:00:05.581,0.06213,-1.25048,-0.54938,SEVERE_CRITICAL
2026-03-15 08:00:05.582,0.08954,-0.40419,-0.70407,SEVERE_CRITICAL
2026-03-15 08:00:05.583,-0.39751,-0.22883,-0.43598,SEVERE_CRITICAL
2026-03-15 08:00:05.584,0.49349,-0.18502,0.57131,SEVERE_CRITICAL
2026-03-15 08:00:05.585,-2.0763,-1.11213,-1.61967,SEVERE_CRITICAL
2026-03-15 08:00:05.586,-0.3619,-0.55514,-0.68845,SEVERE_CRITICAL
2026-03-15 08:00:05.587,-0.40217,-0.59715,-0.84058,SEVERE_CRITICAL
2026-03-15 08:00:05.588,-1.22427,-0.47832,-1.14314,SEVERE_CRITICAL
2026-03-15 08:00:05.589,-1.31852,-0.46181,-0.53088,SEVERE_CRITICAL
2026-03-15 08:00:05.590,-1.54784,-0.65487,-1.1705,SEVERE_CRITICAL
2026-03-15 08:00:05.591,-1.79688,0.39129,-0.64001,SEVERE_CRITICAL
2026-03-15 08:00:05.592,0.89618,1.64842,1.26391,SEVERE_CRITICAL
2026-03-15 08:00:05.593,-1.61982,0.47907,-0.65114,SEVERE_CRITICAL
2026-03-15 08:00:05.594,-1.03219,0.5614,-0.66263,SEVERE_CRITICAL
2026-03-15 08:00:05.595,-0.99152,0.71002,0.40982,SEVERE_CRITICAL
2026-03-15 08:00:05.596,-1.12564,0.64249,0.08898,SEVERE_CRITICAL
2026-03-15 08:00:05.597,-0.77485,1.11867,0.67551,SEVERE_CRITICAL
2026-03-15 08:00:05.598,-0.16788,1.17298,0.11695,SEVERE_CRITICAL
2026-03-15 08:00:05.599,-0.43364,1.40394,0.29488,SEVERE_CRITICAL
2026-03-15 08:00:05.600,0.71366,1.23573,0.72862,SEVERE_CRITICAL
2026-03-15 08:00:05.601,0.88269,1.89347,1.3047,SEVERE_CRITICAL
2026-03-15 08:00:05.602,0.73433,1.21156,0.71947,SEVERE_CRITICAL
2026-03-15 08:00:05.603,0.33959,1.15808,1.3215,SEVERE_CRITICAL
2026-03-15 08:00:05.604,1.19267,0.67954,0.90232,SEVERE_CRITICAL
2026-03-15 08:00:05.605,0.87113,0.54923,1.28266,SEVERE_CRITICAL
2026-03-15 08:00:05.606,0.57765,0.77901,0.64663,SEVERE_CRITICAL
2026-03-15 08:00:05.607,0.96276,-0.17546,0.73775,SEVERE_CRITICAL
2026-03-15 08:00:05.608,-0.22393,-1.02592,-1.30109,SEVERE_CRITICAL
2026-03-15 08:00:05.609,2.50046,0.90803,1.42566,SEVERE_CRITICAL
2026-03-15 08:00:05.610,1.94764,0.07253,0.69272,SEVERE_CRITICAL
2026-03-15 08:00:05.611,0.71887,-0.27342,0.27487,SEVERE_CRITICAL
2026-03-15 08:00:05.612,1.3853,-0.58377,0.4042,SEVERE_CRITICAL
2026-03-15 08:00:05.613,0.68301,-1.20848,0.36085,SEVERE_CRITICAL
2026-03-15 08:00:05.614,0.32349,-0.66421,0.08323,SEVERE_CRITICAL
2026-03-15 08:00:05.615,0.83115,-0.83428,-0.01776,SEVERE_CRITICAL
2026-03-15 08:00:05.616,-0.54285,-1.42035,-0.89979,SEVERE_CRITICAL
2026-03-15 08:00:05.617,0.17526,-1.05631,-0.79423,SEVERE_CRITICAL
2026-03-15 08:00:05.618,0.91857,-0.39224,0.00163,SEVERE_CRITICAL
2026-03-15 08:00:05.619,0.11857,-1.12735,-0.48353,SEVERE_CRITICAL
2026-03-15 08:00:05.620,0.30724,-0.66186,-0.50739,SEVERE_CRITICAL
2026-03-15 08:00:05.621,-0.44131,-1.05799,-0.41836,SEVERE_CRITICAL
2026-03-15 08:00:05.622,0.51581,-1.01353,-0.57925,SEVERE_CRITICAL
2026-03-15 08:00:05.623,-0.6067,-1.14552,-0.87161,SEVERE_CRITICAL
2026-03-15 08:00:05.624,-0.00052,0.37107,-0.17789,SEVERE_CRITICAL
2026-03-15 08:00:05.625,-1.85676,-1.7784,-1.932,SEVERE_CRITICAL
2026-03-15 08:00:05.626,-0.08085,-0.43583,-0.783,SEVERE_CRITICAL
2026-03-15 08:00:05.627,-1.10304,-0.75798,-0.77039,SEVERE_CRITICAL
2026-03-15 08:00:05.628,-1.16139,0.00225,-1.37404,SEVERE_CRITICAL
2026-03-15 08:00:05.629,-1.16505,-0.3841,-0.51719,SEVERE_CRITICAL
2026-03-15 08:00:05.630,-1.15795,0.00683,-0.64574,SEVERE_CRITICAL
2026-03-15 08:00:05.631,-1.6494,0.35596,-0.46682,SEVERE_CRITICAL
2026-03-15 08:00:05.632,1.03923,1.88025,1.36106,SEVERE_CRITICAL
2026-03-15 08:00:05.633,-1.12134,0.29791,-0.74811,SEVERE_CRITICAL
2026-03-15 08:00:05.634,-1.52584,0.38791,-0.65019,SEVERE_CRITICAL
2026-03-15 08:00:05.635,-0.29031,1.01738,0.14977,SEVERE_CRITICAL
2026-03-15 08:00:05.636,-0.87754,1.74466,-0.25358,SEVERE_CRITICAL
2026-03-15 08:00:05.637,-1.04343,0.65677,0.18454,SEVERE_CRITICAL
2026-03-15 08:00:05.638,-0.39773,1.05308,0.32524,SEVERE_CRITICAL
2026-03-15 08:00:05.639,-0.22369,1.08051,0.65267,SEVERE_CRITICAL
2026-03-15 08:00:05.640,0.37884,1.45077,0.94056,SEVERE_CRITICAL
2026-03-15 08:00:05.641,1.48941,1.86396,1.56197,SEVERE_CRITICAL
2026-03-15 08:00:05.642,-0.24715,0.74293,0.37717,SEVERE_CRITICAL
2026-03-15 08:00:05.643,1.06764,1.22072,1.22431,SEVERE_CRITICAL
2026-03-15 08:00:05.644,0.61768,1.39663,0.97208,SEVERE_CRITICAL
2026-03-15 08:00:05.645,0.66708,0.60735,1.53559,SEVERE_CRITICAL
2026-03-15 08:00:05.646,1.11075,0.50956,0.92113,SEVERE_CRITICAL
2026-03-15 08:00:05.647,1.25794,0.17683,0.91693,SEVERE_CRITICAL
2026-03-15 08:00:05.648,-0.36179,-1.02176,-1.29258,SEVERE_CRITICAL
2026-03-15 08:00:05.649,2.07724,0.40424,1.43525,SEVERE_CRITICAL
2026-03-15 08:00:05.650,1.74457,-0.20771,0.52166,SEVERE_CRITICAL
2026-03-15 08:00:05.651,1.61595,-0.20522,0.36687,SEVERE_CRITICAL
2026-03-15 08:00:05.652,1.90277,-0.25414,-0.09509,SEVERE_CRITICAL
2026-03-15 08:00:05.653,1.26023,-1.07039,0.23717,SEVERE_CRITICAL
2026-03-15 08:00:05.654,0.25691,-0.84371,-0.08198,SEVERE_CRITICAL
2026-03-15 08:00:05.655,0.47126,-0.86934,0.1644,SEVERE_CRITICAL
2026-03-15 08:00:05.656,-0.95011,-1.49663,-1.55606,SEVERE_CRITICAL
2026-03-15 08:00:05.657,0.03568,-0.99909,-0.82898,SEVERE_CRITICAL
2026-03-15 08:00:05.658,0.33316,-0.45283,0.31442,SEVERE_CRITICAL
2026-03-15 08:00:05.659,-0.09161,-1.19586,-0.61504,SEVERE_CRITICAL
2026-03-15 08:00:05.660,0.01905,-0.86547,-1.15289,SEVERE_CRITICAL
2026-03-15 08:00:05.661,-0.46031,-1.14645,-0.53325,SEVERE_CRITICAL
2026-03-15 08:00:05.662,-0.25119,-0.74723,-0.63759,SEVERE_CRITICAL
2026-03-15 08:00:05.663,-0.87439,-0.45984,-0.4193,SEVERE_CRITICAL
2026-03-15 08:00:05.664,0.27351,0.07431,0.20416,SEVERE_CRITICAL
2026-03-15 08:00:05.665,-1.74583,-1.1547,-1.23588,SEVERE_CRITICAL
2026-03-15 08:00:05.666,-0.29935,-0.41786,-0.64901,SEVERE_CRITICAL
2026-03-15 08:00:05.667,-0.85868,-0.15046,-0.78565,SEVERE_CRITICAL
2026-03-15 08:00:05.668,-1.54735,-1.02654,-0.81345,SEVERE_CRITICAL
2026-03-15 08:00:05.669,-1.09001,-0.48845,-0.50782,SEVERE_CRITICAL
2026-03-15 08:00:05.670,-1.44751,-0.20549,-0.74515,SEVERE_CRITICAL
2026-03-15 08:00:05.671,-1.48001,0.07685,-0.39004,SEVERE_CRITICAL
2026-03-15 08:00:05.672,0.33404,1.67912,1.31485,SEVERE_CRITICAL
2026-03-15 08:00:05.673,-1.59819,0.45018,-0.6953,SEVERE_CRITICAL
2026-03-15 08:00:05.674,-1.38405,0.61386,-0.65701,SEVERE_CRITICAL
2026-03-15 08:00:05.675,-0.75789,0.87458,0.09601,SEVERE_CRITICAL
2026-03-15 08:00:05.676,-1.13912,1.04061,0.03574,SEVERE_CRITICAL
2026-03-15 08:00:05.677,-0.63399,1.06985,-0.14429,SEVERE_CRITICAL
2026-03-15 08:00:05.678,-0.47946,1.22822,0.5207,SEVERE_CRITICAL
2026-03-15 08:00:05.679,-0.48281,0.89642,0.74128,SEVERE_CRITICAL
2026-03-15 08:00:05.680,-0.09485,1.32903,0.67624,SEVERE_CRITICAL
2026-03-15 08:00:05.681,1.13292,1.67925,1.38942,SEVERE_CRITICAL
2026-03-15 08:00:05.682,0.18375,0.69636,0.5541,SEVERE_CRITICAL
2026-03-15 08:00:05.683,0.97574,0.96776,0.78495,SEVERE_CRITICAL
2026-03-15 08:00:05.684,1.87403,0.84423,1.24507,SEVERE_CRITICAL
2026-03-15 08:00:05.685,1.73582,0.98188,0.88787,SEVERE_CRITICAL
2026-03-15 08:00:05.686,1.24267,0.36891,1.19948,SEVERE_CRITICAL
2026-03-15 08:00:05.687,1.52997,0.25885,0.64539,SEVERE_CRITICAL
2026-03-15 08:00:05.688,-1.18812,-0.83283,-1.00449,SEVERE_CRITICAL
2026-03-15 08:00:05.689,2.30464,0.32753,1.08723,SEVERE_CRITICAL
2026-03-15 08:00:05.690,1.64931,-0.15509,0.77405,SEVERE_CRITICAL
2026-03-15 08:00:05.691,0.89396,-0.53761,0.40902,SEVERE_CRITICAL
2026-03-15 08:00:05.692,1.51054,-0.16804,0.3148,SEVERE_CRITICAL
2026-03-15 08:00:05.693,1.20794,-0.28971,0.10583,SEVERE_CRITICAL
2026-03-15 08:00:05.694,0.68015,-0.3226,-0.15449,SEVERE_CRITICAL
2026-03-15 08:00:05.695,0.96836,-0.79944,-0.53489,SEVERE_CRITICAL
2026-03-15 08:00:05.696,-0.31557,-2.49946,-1.82656,SEVERE_CRITICAL
2026-03-15 08:00:05.697,0.28906,-0.95573,-0.75479,SEVERE_CRITICAL
2026-03-15 08:00:05.698,0.8459,-1.36183,0.21569,SEVERE_CRITICAL
2026-03-15 08:00:05.699,0.0231,-1.09483,-0.65819,SEVERE_CRITICAL
2026-03-15 08:00:05.700,0.17264,-0.9623,-1.01451,SEVERE_CRITICAL
2026-03-15 08:00:05.701,0.67395,-0.55912,-0.89533,SEVERE_CRITICAL
2026-03-15 08:00:05.702,-0.44162,-1.0205,-0.44776,SEVERE_CRITICAL
2026-03-15 08:00:05.703,-1.1919,-1.04775,-1.17084,SEVERE_CRITICAL
2026-03-15 08:00:05.704,0.61073,-0.16978,0.36591,SEVERE_CRITICAL
2026-03-15 08:00:05.705,-2.03174,-1.70922,-1.62286,SEVERE_CRITICAL
2026-03-15 08:00:05.706,-0.41083,-0.35031,-0.62286,SEVERE_CRITICAL
2026-03-15 08:00:05.707,-1.13974,-0.59458,-0.66644,SEVERE_CRITICAL
2026-03-15 08:00:05.708,-2.02881,-0.444,-0.87779,SEVERE_CRITICAL
2026-03-15 08:00:05.709,-1.17545,-0.34947,-1.4011,SEVERE_CRITICAL
2026-03-15 08:00:05.710,-1.48068,0.36583,-0.75161,SEVERE_CRITICAL
2026-03-15 08:00:05.711,-1.49195,0.01289,-0.59313,SEVERE_CRITICAL
2026-03-15 08:00:05.712,0.95988,1.48659,1.38912,SEVERE_CRITICAL
2026-03-15 08:00:05.713,-1.08903,0.50035,-0.14137,SEVERE_CRITICAL
2026-03-15 08:00:05.714,-1.8079,0.91426,-0.738,SEVERE_CRITICAL
2026-03-15 08:00:05.715,-0.7543,1.18411,0.00294,SEVERE_CRITICAL
2026-03-15 08:00:05.716,-1.01506,1.19189,-0.15865,SEVERE_CRITICAL
2026-03-15 08:00:05.717,-0.19559,0.67958,0.72809,SEVERE_CRITICAL
2026-03-15 08:00:05.718,-0.14605,1.20469,0.3707,SEVERE_CRITICAL
2026-03-15 08:00:05.719,-0.46116,1.23072,0.58869,SEVERE_CRITICAL
2026-03-15 08:00:05.720,0.44351,1.89328,0.80752,SEVERE_CRITICAL
2026-03-15 08:00:05.721,0.8511,1.67725,1.60386,SEVERE_CRITICAL
2026-03-15 08:00:05.722,-0.34125,0.538,1.04581,SEVERE_CRITICAL
2026-03-15 08:00:05.723,0.95505,0.91092,1.29906,SEVERE_CRITICAL
2026-03-15 08:00:05.724,0.63263,0.68825,0.9141,SEVERE_CRITICAL
2026-03-15 08:00:05.725,1.66768,0.6864,0.37357,SEVERE_CRITICAL
2026-03-15 08:00:05.726,1.71782,0.53386,0.54411,SEVERE_CRITICAL
2026-03-15 08:00:05.727,1.24508,0.57544,1.01583,SEVERE_CRITICAL
2026-03-15 08:00:05.728,-0.0899,-1.39341,-1.02894,SEVERE_CRITICAL
2026-03-15 08:00:05.729,2.01652,0.11268,1.68518,SEVERE_CRITICAL
2026-03-15 08:00:05.730,1.50246,-0.085,0.66899,SEVERE_CRITICAL
2026-03-15 08:00:05.731,0.80516,-0.77872,0.24987,SEVERE_CRITICAL
2026-03-15 08:00:05.732,1.68992,0.07339,0.59106,SEVERE_CRITICAL
2026-03-15 08:00:05.733,1.02219,-0.54825,0.13681,SEVERE_CRITICAL
2026-03-15 08:00:05.734,0.51025,-0.72655,-0.32673,SEVERE_CRITICAL
2026-03-15 08:00:05.735,0.71796,-0.30156,0.11855,SEVERE_CRITICAL
2026-03-15 08:00:05.736,-1.04282,-1.72763,-1.56624,SEVERE_CRITICAL
2026-03-15 08:00:05.737,0.0866,-0.81597,-0.44498,SEVERE_CRITICAL
2026-03-15 08:00:05.738,1.69053,-0.26147,0.0914,SEVERE_CRITICAL
2026-03-15 08:00:05.739,0.17735,-1.16139,-0.95552,SEVERE_CRITICAL
2026-03-15 08:00:05.740,0.46573,-0.66515,-0.62564,SEVERE_CRITICAL
2026-03-15 08:00:05.741,0.00055,-0.55701,-0.3798,SEVERE_CRITICAL
2026-03-15 08:00:05.742,-0.84867,-0.89342,-0.76699,SEVERE_CRITICAL
2026-03-15 08:00:05.743,-0.04548,-0.60241,-0.42264,SEVERE_CRITICAL
2026-03-15 08:00:05.744,0.3156,-0.27307,0.62384,SEVERE_CRITICAL
2026-03-15 08:00:05.745,-2.05694,-1.96999,-1.66774,SEVERE_CRITICAL
2026-03-15 08:00:05.746,-0.77853,0.01867,-0.51754,SEVERE_CRITICAL
2026-03-15 08:00:05.747,-0.89916,-0.68188,-0.40593,SEVERE_CRITICAL
2026-03-15 08:00:05.748,-1.15778,-0.69567,-1.1694,SEVERE_CRITICAL
2026-03-15 08:00:05.749,-1.24562,-0.60822,-0.52598,SEVERE_CRITICAL
2026-03-15 08:00:05.750,-1.99799,-0.21462,-0.61541,SEVERE_CRITICAL
2026-03-15 08:00:05.751,-1.28614,-0.21055,-0.52706,SEVERE_CRITICAL
2026-03-15 08:00:05.752,0.40959,1.5676,1.45926,SEVERE_CRITICAL
2026-03-15 08:00:05.753,-1.54155,-0.00176,-0.42857,SEVERE_CRITICAL
2026-03-15 08:00:05.754,-1.57182,0.64774,-0.16676,SEVERE_CRITICAL
2026-03-15 08:00:05.755,-0.49512,1.32295,0.17826,SEVERE_CRITICAL
2026-03-15 08:00:05.756,-0.77919,1.0011,-0.28676,SEVERE_CRITICAL
2026-03-15 08:00:05.757,-0.68979,1.193,0.40052,SEVERE_CRITICAL
2026-03-15 08:00:05.758,-0.55475,1.02091,0.6438,SEVERE_CRITICAL
2026-03-15 08:00:05.759,-0.75966,1.74065,0.55329,SEVERE_CRITICAL
2026-03-15 08:00:05.760,0.08839,1.49641,0.92072,SEVERE_CRITICAL
2026-03-15 08:00:05.761,0.65757,2.12303,1.7503,SEVERE_CRITICAL
2026-03-15 08:00:05.762,-0.20214,0.68095,0.45473,SEVERE_CRITICAL
2026-03-15 08:00:05.763,0.39451,1.7098,1.49111,SEVERE_CRITICAL
2026-03-15 08:00:05.764,1.23107,0.96756,1.08293,SEVERE_CRITICAL
2026-03-15 08:00:05.765,1.37509,1.31563,0.85279,SEVERE_CRITICAL
2026-03-15 08:00:05.766,0.90865,1.11221,0.56913,SEVERE_CRITICAL
2026-03-15 08:00:05.767,1.01745,0.35016,0.53748,SEVERE_CRITICAL
2026-03-15 08:00:05.768,-0.32529,-0.88484,-1.19266,SEVERE_CRITICAL
2026-03-15 08:00:05.769,2.76229,1.0299,1.45791,SEVERE_CRITICAL
2026-03-15 08:00:05.770,1.19901,0.52098,0.75561,SEVERE_CRITICAL
2026-03-15 08:00:05.771,1.16153,-0.06339,0.32249,SEVERE_CRITICAL
2026-03-15 08:00:05.772,1.11638,-0.39552,0.66277,SEVERE_CRITICAL
2026-03-15 08:00:05.773,0.30856,-0.72964,0.48706,SEVERE_CRITICAL
2026-03-15 08:00:05.774,0.70547,-0.27089,0.36462,SEVERE_CRITICAL
2026-03-15 08:00:05.775,0.7519,-0.98591,-0.16096,SEVERE_CRITICAL
2026-03-15 08:00:05.776,0.24781,-1.15304,-1.34342,SEVERE_CRITICAL
2026-03-15 08:00:05.777,-0.10768,-1.11391,-0.55483,SEVERE_CRITICAL
2026-03-15 08:00:05.778,0.36515,-0.61116,0.37441,SEVERE_CRITICAL
2026-03-15 08:00:05.779,-0.71731,-0.86367,-0.33551,SEVERE_CRITICAL
2026-03-15 08:00:05.780,-0.20367,-0.46516,-0.75113,SEVERE_CRITICAL
2026-03-15 08:00:05.781,0.06108,-1.04505,-0.68015,SEVERE_CRITICAL
2026-03-15 08:00:05.782,-0.55647,-0.76855,-0.52179,SEVERE_CRITICAL
2026-03-15 08:00:05.783,-0.47438,-1.35235,-0.66307,SEVERE_CRITICAL
2026-03-15 08:00:05.784,0.87304,-0.10792,0.81976,SEVERE_CRITICAL
2026-03-15 08:00:05.785,-2.44086,-2.21642,-2.01331,SEVERE_CRITICAL
2026-03-15 08:00:05.786,-0.33637,-0.86307,-0.85416,SEVERE_CRITICAL
2026-03-15 08:00:05.787,-0.62741,-0.43673,-0.72297,SEVERE_CRITICAL
2026-03-15 08:00:05.788,-1.02329,-0.71283,-1.08373,SEVERE_CRITICAL
2026-03-15 08:00:05.789,-0.94588,-0.73338,-1.34538,SEVERE_CRITICAL
2026-03-15 08:00:05.790,-1.53215,0.11362,-0.71681,SEVERE_CRITICAL
2026-03-15 08:00:05.791,-1.12069,-0.61762,-0.62434,SEVERE_CRITICAL
2026-03-15 08:00:05.792,0.96567,1.1743,1.52725,SEVERE_CRITICAL
2026-03-15 08:00:05.793,-1.77659,1.16331,-1.29747,SEVERE_CRITICAL
2026-03-15 08:00:05.794,-1.12875,0.30725,-0.97299,SEVERE_CRITICAL
2026-03-15 08:00:05.795,-1.10684,1.0836,0.39634,SEVERE_CRITICAL
2026-03-15 08:00:05.796,-0.45263,1.39511,-0.22918,SEVERE_CRITICAL
2026-03-15 08:00:05.797,-0.39883,1.25628,0.09044,SEVERE_CRITICAL
2026-03-15 08:00:05.798,-0.59554,1.05476,0.49634,SEVERE_CRITICAL
2026-03-15 08:00:05.799,-0.55953,0.99718,0.74539,SEVERE_CRITICAL
2026-03-15 08:00:05.800,0.23053,1.29048,1.13656,SEVERE_CRITICAL
2026-03-15 08:00:05.801,1.08451,1.80586,1.86818,SEVERE_CRITICAL
2026-03-15 08:00:05.802,-0.01814,0.95517,-0.09616,SEVERE_CRITICAL
2026-03-15 08:00:05.803,0.88358,0.63237,0.82155,SEVERE_CRITICAL
2026-03-15 08:00:05.804,0.59604,0.72851,1.01116,SEVERE_CRITICAL
2026-03-15 08:00:05.805,0.94262,0.99796,1.07202,SEVERE_CRITICAL
2026-03-15 08:00:05.806,0.63619,0.67453,1.12057,SEVERE_CRITICAL
2026-03-15 08:00:05.807,1.28519,0.4144,0.9974,SEVERE_CRITICAL
2026-03-15 08:00:05.808,-0.44518,-1.65234,-1.11694,SEVERE_CRITICAL
2026-03-15 08:00:05.809,2.88998,1.03464,1.72717,SEVERE_CRITICAL
2026-03-15 08:00:05.810,1.58373,0.34132,1.07761,SEVERE_CRITICAL
2026-03-15 08:00:05.811,1.04138,-0.79406,0.1818,SEVERE_CRITICAL
2026-03-15 08:00:05.812,2.46317,-0.91986,0.2845,SEVERE_CRITICAL
2026-03-15 08:00:05.813,0.52727,-0.61306,-0.17158,SEVERE_CRITICAL
2026-03-15 08:00:05.814,0.86659,-1.37178,0.16553,SEVERE_CRITICAL
2026-03-15 08:00:05.815,1.24044,-0.94552,-0.1246,SEVERE_CRITICAL
2026-03-15 08:00:05.816,-0.78327,-1.69922,-1.40206,SEVERE_CRITICAL
2026-03-15 08:00:05.817,0.40091,-0.78158,-0.83629,SEVERE_CRITICAL
2026-03-15 08:00:05.818,0.71327,-0.36576,-0.33162,SEVERE_CRITICAL
2026-03-15 08:00:05.819,-0.79247,-1.06647,-0.56737,SEVERE_CRITICAL
2026-03-15 08:00:05.820,-0.26725,-1.18771,-0.78254,SEVERE_CRITICAL
2026-03-15 08:00:05.821,-0.42222,-0.74893,-0.91876,SEVERE_CRITICAL
2026-03-15 08:00:05.822,-0.43594,-1.28661,-1.1279,SEVERE_CRITICAL
2026-03-15 08:00:05.823,-0.13647,-1.11182,-0.73032,SEVERE_CRITICAL
2026-03-15 08:00:05.824,0.1648,-0.2806,0.53899,SEVERE_CRITICAL
2026-03-15 08:00:05.825,-0.93779,-2.17542,-1.90519,SEVERE_CRITICAL
2026-03-15 08:00:05.826,-0.45463,-0.74102,-0.39566,SEVERE_CRITICAL
2026-03-15 08:00:05.827,-1.3133,-0.54197,-0.96959,SEVERE_CRITICAL
2026-03-15 08:00:05.828,-0.87755,-0.80419,-1.09504,SEVERE_CRITICAL
2026-03-15 08:00:05.829,-0.912,-0.64667,-0.79451,SEVERE_CRITICAL
2026-03-15 08:00:05.830,-2.07538,-0.52194,-0.69635,SEVERE_CRITICAL
2026-03-15 08:00:05.831,-1.82708,-0.1637,-0.58889,SEVERE_CRITICAL
2026-03-15 08:00:05.832,0.51074,1.8733,1.37414,SEVERE_CRITICAL
2026-03-15 08:00:05.833,-1.60185,0.60669,-0.66818,SEVERE_CRITICAL
2026-03-15 08:00:05.834,-1.08287,0.72691,-0.70351,SEVERE_CRITICAL
2026-03-15 08:00:05.835,-0.44993,1.09721,0.0286,SEVERE_CRITICAL
2026-03-15 08:00:05.836,-0.99752,1.32201,0.13758,SEVERE_CRITICAL
2026-03-15 08:00:05.837,-0.14724,1.49866,0.39936,SEVERE_CRITICAL
2026-03-15 08:00:05.838,-0.90984,1.2409,0.51386,SEVERE_CRITICAL
2026-03-15 08:00:05.839,-0.03715,1.54255,0.67766,SEVERE_CRITICAL
2026-03-15 08:00:05.840,0.04493,1.60103,0.57481,SEVERE_CRITICAL
2026-03-15 08:00:05.841,1.82832,1.27987,2.1038,SEVERE_CRITICAL
2026-03-15 08:00:05.842,0.01728,1.26532,0.65886,SEVERE_CRITICAL
2026-03-15 08:00:05.843,1.02154,1.39931,1.36635,SEVERE_CRITICAL
2026-03-15 08:00:05.844,0.98196,1.40101,0.88796,SEVERE_CRITICAL
2026-03-15 08:00:05.845,1.13927,1.0703,1.29337,SEVERE_CRITICAL
2026-03-15 08:00:05.846,1.53069,0.5345,1.29155,SEVERE_CRITICAL
2026-03-15 08:00:05.847,1.17972,0.99845,0.94262,SEVERE_CRITICAL
2026-03-15 08:00:05.848,-1.3028,-1.55188,-1.04928,SEVERE_CRITICAL
2026-03-15 08:00:05.849,2.42203,1.22561,1.2567,SEVERE_CRITICAL
2026-03-15 08:00:05.850,1.4248,-0.51747,0.46391,SEVERE_CRITICAL
2026-03-15 08:00:05.851,1.74088,-0.86043,0.41119,SEVERE_CRITICAL
2026-03-15 08:00:05.852,1.4911,-0.44368,0.54877,SEVERE_CRITICAL
2026-03-15 08:00:05.853,0.63098,-0.13472,0.64739,SEVERE_CRITICAL
2026-03-15 08:00:05.854,0.9402,0.00053,-0.09873,SEVERE_CRITICAL
2026-03-15 08:00:05.855,0.95323,-0.38193,-0.21206,SEVERE_CRITICAL
2026-03-15 08:00:05.856,-1.24675,-2.29627,-0.86672,SEVERE_CRITICAL
2026-03-15 08:00:05.857,-0.0778,-1.24708,-0.92771,SEVERE_CRITICAL
2026-03-15 08:00:05.858,1.19565,-0.91228,-0.09528,SEVERE_CRITICAL
2026-03-15 08:00:05.859,0.04935,-1.49693,-0.75378,SEVERE_CRITICAL
2026-03-15 08:00:05.860,0.52817,-0.88595,-0.56133,SEVERE_CRITICAL
2026-03-15 08:00:05.861,-0.02241,-1.10864,-0.09716,SEVERE_CRITICAL
2026-03-15 08:00:05.862,-0.64943,-0.95118,-0.73306,SEVERE_CRITICAL
2026-03-15 08:00:05.863,-0.08633,-0.61079,-0.80109,SEVERE_CRITICAL
2026-03-15 08:00:05.864,0.83783,0.05257,-0.25852,SEVERE_CRITICAL
2026-03-15 08:00:05.865,-2.52298,-1.76906,-2.02738,SEVERE_CRITICAL
2026-03-15 08:00:05.866,-1.0729,-0.31674,-0.62801,SEVERE_CRITICAL
2026-03-15 08:00:05.867,-1.09026,-1.0044,-0.8605,SEVERE_CRITICAL
2026-03-15 08:00:05.868,-2.34536,-0.65274,-1.00345,SEVERE_CRITICAL
2026-03-15 08:00:05.869,-1.19385,-0.83054,-0.7671,SEVERE_CRITICAL
2026-03-15 08:00:05.870,-1.81601,-0.44258,-0.6193,SEVERE_CRITICAL
2026-03-15 08:00:05.871,-0.72132,0.02513,-0.94596,SEVERE_CRITICAL
2026-03-15 08:00:05.872,0.79704,1.93471,1.49377,SEVERE_CRITICAL
2026-03-15 08:00:05.873,-0.75298,-0.01123,-0.69568,SEVERE_CRITICAL
2026-03-15 08:00:05.874,-1.09524,0.92602,-1.09247,SEVERE_CRITICAL
2026-03-15 08:00:05.875,-0.95047,1.50845,0.89958,SEVERE_CRITICAL
2026-03-15 08:00:05.876,-0.85269,0.86795,-0.24837,SEVERE_CRITICAL
2026-03-15 08:00:05.877,0.00129,1.40924,0.04214,SEVERE_CRITICAL
2026-03-15 08:00:05.878,-0.61344,1.42007,0.64798,SEVERE_CRITICAL
2026-03-15 08:00:05.879,-0.64382,1.16507,0.20478,SEVERE_CRITICAL
2026-03-15 08:00:05.880,0.39511,1.28553,0.93689,SEVERE_CRITICAL
2026-03-15 08:00:05.881,1.75075,2.03036,1.71793,SEVERE_CRITICAL
2026-03-15 08:00:05.882,0.11161,0.98547,0.90781,SEVERE_CRITICAL
2026-03-15 08:00:05.883,1.02519,1.06768,1.45301,SEVERE_CRITICAL
2026-03-15 08:00:05.884,1.59174,0.65701,1.59991,SEVERE_CRITICAL
2026-03-15 08:00:05.885,1.30001,0.91009,1.31906,SEVERE_CRITICAL
2026-03-15 08:00:05.886,1.16523,0.97986,0.97401,SEVERE_CRITICAL
2026-03-15 08:00:05.887,0.89255,0.12517,1.13253,SEVERE_CRITICAL
2026-03-15 08:00:05.888,-1.0859,-0.66122,-0.75,SEVERE_CRITICAL
2026-03-15 08:00:05.889,2.91328,0.64526,1.61937,SEVERE_CRITICAL
2026-03-15 08:00:05.890,0.9784,0.14021,0.7048,SEVERE_CRITICAL
2026-03-15 08:00:05.891,1.34589,0.04224,0.10056,SEVERE_CRITICAL
2026-03-15 08:00:05.892,1.31755,-0.33778,0.16852,SEVERE_CRITICAL
2026-03-15 08:00:05.893,1.01312,-0.51445,0.0569,SEVERE_CRITICAL
2026-03-15 08:00:05.894,1.43876,-1.2773,0.30689,SEVERE_CRITICAL
2026-03-15 08:00:05.895,1.06918,-1.03862,-0.34045,SEVERE_CRITICAL
2026-03-15 08:00:05.896,-1.5277,-2.06496,-1.14556,SEVERE_CRITICAL
2026-03-15 08:00:05.897,0.10384,-0.8281,-0.80979,SEVERE_CRITICAL
2026-03-15 08:00:05.898,1.12071,-0.90906,-0.22686,SEVERE_CRITICAL
2026-03-15 08:00:05.899,-0.10425,-1.39177,-1.13139,SEVERE_CRITICAL
2026-03-15 08:00:05.900,-0.06989,-1.00572,-0.26551,SEVERE_CRITICAL
2026-03-15 08:00:05.901,0.25383,-0.60319,-0.44117,SEVERE_CRITICAL
2026-03-15 08:00:05.902,-0.22127,-1.43669,-0.73594,SEVERE_CRITICAL
2026-03-15 08:00:05.903,-0.24566,-0.5053,-0.62168,SEVERE_CRITICAL
2026-03-15 08:00:05.904,1.20883,-0.39561,0.2527,SEVERE_CRITICAL
2026-03-15 08:00:05.905,-1.7841,-1.21823,-1.94401,SEVERE_CRITICAL
2026-03-15 08:00:05.906,-0.66404,-0.34353,-0.94376,SEVERE_CRITICAL
2026-03-15 08:00:05.907,-0.40864,-0.89877,-1.37988,SEVERE_CRITICAL
2026-03-15 08:00:05.908,-1.37071,-0.05471,-0.87884,SEVERE_CRITICAL
2026-03-15 08:00:05.909,-1.0183,-0.31997,-0.88189,SEVERE_CRITICAL
2026-03-15 08:00:05.910,-2.04079,-0.92375,-0.7702,SEVERE_CRITICAL
2026-03-15 08:00:05.911,-1.00307,0.12146,-0.57358,SEVERE_CRITICAL
2026-03-15 08:00:05.912,1.33527,1.7595,1.30727,SEVERE_CRITICAL
2026-03-15 08:00:05.913,-2.13588,0.88674,-0.63155,SEVERE_CRITICAL
2026-03-15 08:00:05.914,-2.07264,0.07207,-0.24486,SEVERE_CRITICAL
2026-03-15 08:00:05.915,-1.36704,1.65432,-0.61127,SEVERE_CRITICAL
2026-03-15 08:00:05.916,-0.58893,1.16321,0.05238,SEVERE_CRITICAL
2026-03-15 08:00:05.917,-0.92251,1.81462,0.46316,SEVERE_CRITICAL
2026-03-15 08:00:05.918,-0.89444,0.7776,0.55972,SEVERE_CRITICAL
2026-03-15 08:00:05.919,-0.30754,0.88702,0.64018,SEVERE_CRITICAL
2026-03-15 08:00:05.920,-0.22192,1.42238,1.02299,SEVERE_CRITICAL
2026-03-15 08:00:05.921,1.80245,2.28769,1.57735,SEVERE_CRITICAL
2026-03-15 08:00:05.922,0.18432,1.00395,0.22752,SEVERE_CRITICAL
2026-03-15 08:00:05.923,1.07584,1.87534,1.20198,SEVERE_CRITICAL
2026-03-15 08:00:05.924,0.52425,1.11801,0.88199,SEVERE_CRITICAL
2026-03-15 08:00:05.925,1.51561,1.00524,1.02231,SEVERE_CRITICAL
2026-03-15 08:00:05.926,1.27591,0.61209,1.09466,SEVERE_CRITICAL
2026-03-15 08:00:05.927,1.1796,-0.00156,1.30679,SEVERE_CRITICAL
2026-03-15 08:00:05.928,-0.8743,-1.13971,-0.99671,SEVERE_CRITICAL
2026-03-15 08:00:05.929,2.56453,0.22425,1.11647,SEVERE_CRITICAL
2026-03-15 08:00:05.930,1.22939,-0.05528,0.41554,SEVERE_CRITICAL
2026-03-15 08:00:05.931,1.01155,0.18912,-0.23383,SEVERE_CRITICAL
2026-03-15 08:00:05.932,1.09439,0.17483,0.41289,SEVERE_CRITICAL
2026-03-15 08:00:05.933,0.82855,-0.29949,0.16149,SEVERE_CRITICAL
2026-03-15 08:00:05.934,0.81858,-0.73573,-0.1726,SEVERE_CRITICAL
2026-03-15 08:00:05.935,0.43385,-0.90557,-0.36998,SEVERE_CRITICAL
2026-03-15 08:00:05.936,-0.73185,-1.71418,-1.21052,SEVERE_CRITICAL
2026-03-15 08:00:05.937,0.56875,-1.35972,-0.51649,SEVERE_CRITICAL
2026-03-15 08:00:05.938,1.05295,-0.5801,-0.1009,SEVERE_CRITICAL
2026-03-15 08:00:05.939,-0.46377,-1.02764,-1.19421,SEVERE_CRITICAL
2026-03-15 08:00:05.940,-0.10446,-1.90427,-0.98078,SEVERE_CRITICAL
2026-03-15 08:00:05.941,-0.44972,-0.65401,-0.45745,SEVERE_CRITICAL
2026-03-15 08:00:05.942,-0.57074,-0.81106,-0.54644,SEVERE_CRITICAL
2026-03-15 08:00:05.943,-0.5454,-1.45665,-0.87635,SEVERE_CRITICAL
2026-03-15 08:00:05.944,0.69864,-0.47399,0.43964,SEVERE_CRITICAL
2026-03-15 08:00:05.945,-1.86558,-1.47189,-1.85463,SEVERE_CRITICAL
2026-03-15 08:00:05.946,-0.35938,-0.63824,-0.59793,SEVERE_CRITICAL
2026-03-15 08:00:05.947,-1.19981,-0.81625,-0.51183,SEVERE_CRITICAL
2026-03-15 08:00:05.948,-2.19648,-0.32808,-1.22332,SEVERE_CRITICAL
2026-03-15 08:00:05.949,-1.62299,-0.25219,-1.26329,SEVERE_CRITICAL
2026-03-15 08:00:05.950,-1.78961,-0.47012,-0.89745,SEVERE_CRITICAL
2026-03-15 08:00:05.951,-1.84866,0.54225,-0.26107,SEVERE_CRITICAL
2026-03-15 08:00:05.952,-0.06821,1.85254,1.58716,SEVERE_CRITICAL
2026-03-15 08:00:05.953,-1.63556,0.00973,-0.85171,SEVERE_CRITICAL
2026-03-15 08:00:05.954,-2.02875,0.3246,-0.92347,SEVERE_CRITICAL
2026-03-15 08:00:05.955,-1.02939,0.56131,0.07906,SEVERE_CRITICAL
2026-03-15 08:00:05.956,-1.64673,1.08939,-0.16569,SEVERE_CRITICAL
2026-03-15 08:00:05.957,-0.75463,1.57498,0.71371,SEVERE_CRITICAL
2026-03-15 08:00:05.958,-1.54821,1.08549,0.43671,SEVERE_CRITICAL
2026-03-15 08:00:05.959,-0.13115,0.85777,0.39577,SEVERE_CRITICAL
2026-03-15 08:00:05.960,0.05127,1.47117,0.94414,SEVERE_CRITICAL
2026-03-15 08:00:05.961,1.41465,2.13161,1.85075,SEVERE_CRITICAL
2026-03-15 08:00:05.962,0.0672,1.22379,-0.01634,SEVERE_CRITICAL
2026-03-15 08:00:05.963,1.5446,0.54692,0.91496,SEVERE_CRITICAL
2026-03-15 08:00:05.964,1.07079,1.3513,0.40457,SEVERE_CRITICAL
2026-03-15 08:00:05.965,1.18973,1.11181,1.36102,SEVERE_CRITICAL
2026-03-15 08:00:05.966,1.15236,0.59237,0.94026,SEVERE_CRITICAL
2026-03-15 08:00:05.967,1.34854,0.11743,0.76851,SEVERE_CRITICAL
2026-03-15 08:00:05.968,-0.55274,-1.16234,-0.94511,SEVERE_CRITICAL
2026-03-15 08:00:05.969,2.55898,0.85467,1.83587,SEVERE_CRITICAL
2026-03-15 08:00:05.970,0.79402,-0.47579,0.55954,SEVERE_CRITICAL
2026-03-15 08:00:05.971,1.16063,-0.74609,0.52581,SEVERE_CRITICAL
2026-03-15 08:00:05.972,2.19269,-0.39707,0.45472,SEVERE_CRITICAL
2026-03-15 08:00:05.973,1.45727,-1.32423,0.15685,SEVERE_CRITICAL
2026-03-15 08:00:05.974,1.35723,-1.02871,-0.33291,SEVERE_CRITICAL
2026-03-15 08:00:05.975,0.76982,-0.90272,-0.34797,SEVERE_CRITICAL
2026-03-15 08:00:05.976,0.0897,-2.01775,-1.77974,SEVERE_CRITICAL
2026-03-15 08:00:05.977,0.09644,-0.93852,-0.6568,SEVERE_CRITICAL
2026-03-15 08:00:05.978,1.06462,-0.99549,0.44049,SEVERE_CRITICAL
2026-03-15 08:00:05.979,0.15994,-0.85967,-0.63794,SEVERE_CRITICAL
2026-03-15 08:00:05.980,0.3272,-1.36944,-0.76249,SEVERE_CRITICAL
2026-03-15 08:00:05.981,0.42477,-0.50849,-0.97486,SEVERE_CRITICAL
2026-03-15 08:00:05.982,-0.26101,-1.21561,-0.99544,SEVERE_CRITICAL
2026-03-15 08:00:05.983,-0.37746,-0.62831,-0.70739,SEVERE_CRITICAL
2026-03-15 08:00:05.984,0.6143,0.10319,0.23796,SEVERE_CRITICAL
2026-03-15 08:00:05.985,-1.83703,-1.17032,-2.53489,SEVERE_CRITICAL
2026-03-15 08:00:05.986,-0.34009,-1.10951,-0.32353,SEVERE_CRITICAL
2026-03-15 08:00:05.987,-1.3152,-1.04415,-0.69942,SEVERE_CRITICAL
2026-03-15 08:00:05.988,-1.27385,-0.96742,-1.41901,SEVERE_CRITICAL
2026-03-15 08:00:05.989,-1.42601,-0.75248,-1.16514,SEVERE_CRITICAL
2026-03-15 08:00:05.990,-1.44794,-0.51751,-0.73148,SEVERE_CRITICAL
2026-03-15 08:00:05.991,-0.96471,-0.04114,-0.7299,SEVERE_CRITICAL
2026-03-15 08:00:05.992,1.52837,1.28808,1.69516,SEVERE_CRITICAL
2026-03-15 08:00:05.993,-1.44958,0.52372,-0.43514,SEVERE_CRITICAL
2026-03-15 08:00:05.994,-1.64967,0.27579,-0.29348,SEVERE_CRITICAL
2026-03-15 08:00:05.995,-0.54971,1.45404,0.14733,SEVERE_CRITICAL
2026-03-15 08:00:05.996,-1.46085,1.10221,0.28517,SEVERE_CRITICAL
2026-03-15 08:00:05.997,-0.47359,1.08776,0.36943,SEVERE_CRITICAL
2026-03-15 08:00:05.998,-1.08698,1.72085,0.30926,SEVERE_CRITICAL
2026-03-15 08:00:05.999,-0.00317,1.04168,0.96563,SEVERE_CRITICAL
